{
    "form": [
        {
            "box": [
                61,
                207,
                97,
                221
            ],
            "text": "DATE:",
            "label": "question",
            "words": [
                {
                    "box": [
                        61,
                        207,
                        97,
                        221
                    ],
                    "text": "DATE:"
                }
            ],
            "linking": [
                [
                    0,
                    16
                ]
            ],
            "id": 0
        },
        {
            "box": [
                61,
                235,
                129,
                249
            ],
            "text": "INITIATED",
            "label": "question",
            "words": [
                {
                    "box": [
                        61,
                        235,
                        129,
                        249
                    ],
                    "text": "INITIATED"
                }
            ],
            "linking": [
                [
                    1,
                    17
                ]
            ],
            "id": 1
        },
        {
            "box": [
                134,
                236,
                156,
                250
            ],
            "text": "BY:",
            "label": "question",
            "words": [
                {
                    "box": [
                        134,
                        236,
                        156,
                        250
                    ],
                    "text": "BY:"
                }
            ],
            "linking": [
                [
                    2,
                    17
                ]
            ],
            "id": 2
        },
        {
            "box": [
                60,
                261,
                138,
                276
            ],
            "text": "COMPLETION",
            "label": "question",
            "words": [
                {
                    "box": [
                        60,
                        261,
                        138,
                        276
                    ],
                    "text": "COMPLETION"
                }
            ],
            "linking": [],
            "id": 3
        },
        {
            "box": [
                59,
                320,
                119,
                337
            ],
            "text": "COUNTRY:",
            "label": "question",
            "words": [
                {
                    "box": [
                        59,
                        320,
                        119,
                        337
                    ],
                    "text": "COUNTRY:"
                }
            ],
            "linking": [
                [
                    4,
                    6
                ]
            ],
            "id": 4
        },
        {
            "box": [
                59,
                348,
                119,
                363
            ],
            "text": "PRODUCT:",
            "label": "question",
            "words": [
                {
                    "box": [
                        59,
                        348,
                        119,
                        363
                    ],
                    "text": "PRODUCT:"
                }
            ],
            "linking": [
                [
                    5,
                    20
                ]
            ],
            "id": 5
        },
        {
            "box": [
                191,
                321,
                247,
                335
            ],
            "text": "BELGIUM",
            "label": "answer",
            "words": [
                {
                    "box": [
                        191,
                        321,
                        247,
                        335
                    ],
                    "text": "BELGIUM"
                }
            ],
            "linking": [
                [
                    4,
                    6
                ]
            ],
            "id": 6
        },
        {
            "box": [
                56,
                549,
                80,
                562
            ],
            "text": "BY:",
            "label": "question",
            "words": [
                {
                    "box": [
                        56,
                        549,
                        80,
                        562
                    ],
                    "text": "BY:"
                }
            ],
            "linking": [],
            "id": 7
        },
        {
            "box": [
                56,
                591,
                92,
                604
            ],
            "text": "DATE:",
            "label": "question",
            "words": [
                {
                    "box": [
                        56,
                        591,
                        92,
                        604
                    ],
                    "text": "DATE:"
                }
            ],
            "linking": [],
            "id": 8
        },
        {
            "box": [
                54,
                626,
                100,
                639
            ],
            "text": "NOTES:",
            "label": "question",
            "words": [
                {
                    "box": [
                        54,
                        626,
                        100,
                        639
                    ],
                    "text": "NOTES:"
                }
            ],
            "linking": [
                [
                    9,
                    25
                ],
                [
                    9,
                    26
                ],
                [
                    9,
                    27
                ]
            ],
            "id": 9
        },
        {
            "box": [
                501,
                839,
                623,
                871
            ],
            "text": "620429480",
            "label": "other",
            "words": [
                {
                    "box": [
                        501,
                        839,
                        623,
                        871
                    ],
                    "text": "620429480"
                }
            ],
            "linking": [],
            "id": 10
        },
        {
            "box": [
                527,
                162,
                621,
                189
            ],
            "text": "RECEIVED",
            "label": "question",
            "words": [
                {
                    "box": [
                        527,
                        162,
                        621,
                        189
                    ],
                    "text": "RECEIVED"
                }
            ],
            "linking": [
                [
                    11,
                    30
                ]
            ],
            "id": 11
        },
        {
            "text": "SERVICE REQUEST FROM R & D BY INTERNATIONAL LICENSEE OPERATIONS",
            "box": [
                214,
                94,
                455,
                140
            ],
            "linking": [],
            "label": "title",
            "words": [
                {
                    "text": "SERVICE",
                    "box": [
                        237,
                        94,
                        289,
                        109
                    ]
                },
                {
                    "text": "REQUEST",
                    "box": [
                        293,
                        95,
                        346,
                        108
                    ]
                },
                {
                    "text": "FROM",
                    "box": [
                        352,
                        95,
                        384,
                        108
                    ]
                },
                {
                    "text": "R",
                    "box": [
                        388,
                        94,
                        396,
                        109
                    ]
                },
                {
                    "text": "&",
                    "box": [
                        397,
                        95,
                        404,
                        109
                    ]
                },
                {
                    "text": "D",
                    "box": [
                        402,
                        96,
                        412,
                        107
                    ]
                },
                {
                    "text": "BY",
                    "box": [
                        418,
                        96,
                        435,
                        107
                    ]
                },
                {
                    "text": "INTERNATIONAL",
                    "box": [
                        214,
                        122,
                        310,
                        139
                    ]
                },
                {
                    "text": "LICENSEE",
                    "box": [
                        314,
                        122,
                        377,
                        140
                    ]
                },
                {
                    "text": "OPERATIONS",
                    "box": [
                        381,
                        123,
                        455,
                        138
                    ]
                }
            ],
            "id": 12
        },
        {
            "text": "",
            "box": [
                563,
                11,
                667,
                51
            ],
            "linking": [],
            "label": "other",
            "words": [
                {
                    "text": "",
                    "box": [
                        596,
                        11,
                        667,
                        42
                    ]
                },
                {
                    "text": "",
                    "box": [
                        563,
                        38,
                        585,
                        51
                    ]
                }
            ],
            "id": 13
        },
        {
            "text": "REQUEST NO.:",
            "box": [
                60,
                177,
                149,
                192
            ],
            "linking": [
                [
                    14,
                    15
                ]
            ],
            "label": "question",
            "words": [
                {
                    "text": "REQUEST",
                    "box": [
                        60,
                        177,
                        116,
                        191
                    ]
                },
                {
                    "text": "NO.:",
                    "box": [
                        120,
                        179,
                        149,
                        192
                    ]
                }
            ],
            "id": 14
        },
        {
            "text": "25- 84",
            "box": [
                196,
                177,
                232,
                194
            ],
            "linking": [
                [
                    14,
                    15
                ]
            ],
            "label": "answer",
            "words": [
                {
                    "text": "25-",
                    "box": [
                        196,
                        177,
                        217,
                        194
                    ]
                },
                {
                    "text": "84",
                    "box": [
                        215,
                        179,
                        232,
                        193
                    ]
                }
            ],
            "id": 15
        },
        {
            "text": "March 27, 1984",
            "box": [
                191,
                207,
                299,
                222
            ],
            "linking": [
                [
                    0,
                    16
                ]
            ],
            "label": "answer",
            "words": [
                {
                    "text": "March",
                    "box": [
                        191,
                        207,
                        233,
                        221
                    ]
                },
                {
                    "text": "27,",
                    "box": [
                        237,
                        207,
                        258,
                        222
                    ]
                },
                {
                    "text": "1984",
                    "box": [
                        267,
                        207,
                        299,
                        221
                    ]
                }
            ],
            "id": 16
        },
        {
            "text": "P. H. HARPER PHH",
            "box": [
                193,
                221,
                346,
                252
            ],
            "linking": [
                [
                    1,
                    17
                ],
                [
                    2,
                    17
                ]
            ],
            "label": "answer",
            "words": [
                {
                    "text": "P.",
                    "box": [
                        193,
                        235,
                        207,
                        250
                    ]
                },
                {
                    "text": "H.",
                    "box": [
                        215,
                        235,
                        230,
                        250
                    ]
                },
                {
                    "text": "HARPER",
                    "box": [
                        236,
                        235,
                        282,
                        252
                    ]
                },
                {
                    "text": "PHH",
                    "box": [
                        297,
                        221,
                        346,
                        252
                    ]
                }
            ],
            "id": 17
        },
        {
            "text": "TARGET DATE:",
            "box": [
                74,
                292,
                164,
                307
            ],
            "linking": [
                [
                    18,
                    19
                ]
            ],
            "label": "question",
            "words": [
                {
                    "text": "TARGET",
                    "box": [
                        74,
                        292,
                        120,
                        307
                    ]
                },
                {
                    "text": "DATE:",
                    "box": [
                        126,
                        292,
                        164,
                        307
                    ]
                }
            ],
            "id": 18
        },
        {
            "text": "April 13, 1984",
            "box": [
                191,
                292,
                296,
                308
            ],
            "linking": [
                [
                    18,
                    19
                ]
            ],
            "label": "answer",
            "words": [
                {
                    "text": "April",
                    "box": [
                        191,
                        293,
                        230,
                        308
                    ]
                },
                {
                    "text": "13,",
                    "box": [
                        237,
                        292,
                        259,
                        307
                    ]
                },
                {
                    "text": "1984",
                    "box": [
                        265,
                        293,
                        296,
                        307
                    ]
                }
            ],
            "id": 19
        },
        {
            "text": "LUCKY STRIKE Filter and VICEROY",
            "box": [
                193,
                348,
                422,
                365
            ],
            "linking": [
                [
                    5,
                    20
                ]
            ],
            "label": "answer",
            "words": [
                {
                    "text": "LUCKY",
                    "box": [
                        193,
                        349,
                        231,
                        363
                    ]
                },
                {
                    "text": "STRIKE",
                    "box": [
                        236,
                        349,
                        281,
                        364
                    ]
                },
                {
                    "text": "Filter",
                    "box": [
                        286,
                        348,
                        332,
                        365
                    ]
                },
                {
                    "text": "and",
                    "box": [
                        337,
                        352,
                        364,
                        363
                    ]
                },
                {
                    "text": "VICEROY",
                    "box": [
                        366,
                        349,
                        422,
                        364
                    ]
                }
            ],
            "id": 20
        },
        {
            "text": "NATURE OF WORK:",
            "box": [
                59,
                377,
                167,
                393
            ],
            "linking": [
                [
                    21,
                    22
                ]
            ],
            "label": "question",
            "words": [
                {
                    "text": "NATURE",
                    "box": [
                        59,
                        378,
                        106,
                        393
                    ]
                },
                {
                    "text": "OF",
                    "box": [
                        110,
                        377,
                        125,
                        391
                    ]
                },
                {
                    "text": "WORK:",
                    "box": [
                        128,
                        378,
                        167,
                        392
                    ]
                }
            ],
            "id": 21
        },
        {
            "text": "Advise if locally obtained Yucatan Honey (sample enclosed) is an acceptable substitute for HALWAY.",
            "box": [
                168,
                404,
                527,
                437
            ],
            "linking": [
                [
                    21,
                    22
                ]
            ],
            "label": "answer",
            "words": [
                {
                    "text": "Advise",
                    "box": [
                        168,
                        405,
                        215,
                        420
                    ]
                },
                {
                    "text": "if",
                    "box": [
                        221,
                        406,
                        238,
                        419
                    ]
                },
                {
                    "text": "locally",
                    "box": [
                        243,
                        404,
                        295,
                        421
                    ]
                },
                {
                    "text": "obtained",
                    "box": [
                        300,
                        408,
                        361,
                        422
                    ]
                },
                {
                    "text": "Yucatan",
                    "box": [
                        366,
                        406,
                        420,
                        421
                    ]
                },
                {
                    "text": "Honey",
                    "box": [
                        423,
                        406,
                        464,
                        421
                    ]
                },
                {
                    "text": "(sample",
                    "box": [
                        471,
                        408,
                        523,
                        422
                    ]
                },
                {
                    "text": "enclosed)",
                    "box": [
                        168,
                        422,
                        235,
                        433
                    ]
                },
                {
                    "text": "is",
                    "box": [
                        243,
                        423,
                        260,
                        434
                    ]
                },
                {
                    "text": "an",
                    "box": [
                        264,
                        423,
                        281,
                        433
                    ]
                },
                {
                    "text": "acceptable",
                    "box": [
                        285,
                        422,
                        360,
                        436
                    ]
                },
                {
                    "text": "substitute",
                    "box": [
                        366,
                        423,
                        440,
                        437
                    ]
                },
                {
                    "text": "for",
                    "box": [
                        446,
                        423,
                        470,
                        436
                    ]
                },
                {
                    "text": "HALWAY.",
                    "box": [
                        475,
                        425,
                        527,
                        436
                    ]
                }
            ],
            "id": 22
        },
        {
            "text": "R & D COMMENTS:",
            "box": [
                56,
                462,
                153,
                477
            ],
            "linking": [
                [
                    23,
                    24
                ]
            ],
            "label": "question",
            "words": [
                {
                    "text": "R",
                    "box": [
                        56,
                        462,
                        67,
                        476
                    ]
                },
                {
                    "text": "&",
                    "box": [
                        67,
                        464,
                        73,
                        477
                    ]
                },
                {
                    "text": "D",
                    "box": [
                        73,
                        464,
                        81,
                        475
                    ]
                },
                {
                    "text": "COMMENTS:",
                    "box": [
                        87,
                        462,
                        153,
                        476
                    ]
                }
            ],
            "id": 23
        },
        {
            "text": "Target the P A 29Mar 84",
            "box": [
                183,
                465,
                416,
                540
            ],
            "linking": [
                [
                    23,
                    24
                ]
            ],
            "label": "answer",
            "words": [
                {
                    "text": "Target",
                    "box": [
                        183,
                        472,
                        251,
                        501
                    ]
                },
                {
                    "text": "the",
                    "box": [
                        261,
                        468,
                        306,
                        490
                    ]
                },
                {
                    "text": "",
                    "box": [
                        324,
                        465,
                        358,
                        486
                    ]
                },
                {
                    "text": "P",
                    "box": [
                        197,
                        501,
                        238,
                        540
                    ]
                },
                {
                    "text": "",
                    "box": [
                        235,
                        508,
                        259,
                        529
                    ]
                },
                {
                    "text": "A",
                    "box": [
                        260,
                        501,
                        294,
                        530
                    ]
                },
                {
                    "text": "29Mar",
                    "box": [
                        323,
                        497,
                        382,
                        521
                    ]
                },
                {
                    "text": "84",
                    "box": [
                        384,
                        489,
                        416,
                        517
                    ]
                }
            ],
            "id": 24
        },
        {
            "text": "a) Nature of work should be specified in exact terms.",
            "box": [
                182,
                626,
                575,
                641
            ],
            "linking": [
                [
                    9,
                    25
                ]
            ],
            "label": "answer",
            "words": [
                {
                    "text": "a)",
                    "box": [
                        182,
                        626,
                        195,
                        639
                    ]
                },
                {
                    "text": "Nature",
                    "box": [
                        209,
                        626,
                        255,
                        640
                    ]
                },
                {
                    "text": "of",
                    "box": [
                        261,
                        627,
                        278,
                        638
                    ]
                },
                {
                    "text": "work",
                    "box": [
                        282,
                        627,
                        313,
                        640
                    ]
                },
                {
                    "text": "should",
                    "box": [
                        318,
                        626,
                        365,
                        641
                    ]
                },
                {
                    "text": "be",
                    "box": [
                        370,
                        627,
                        385,
                        641
                    ]
                },
                {
                    "text": "specified",
                    "box": [
                        392,
                        627,
                        459,
                        641
                    ]
                },
                {
                    "text": "in",
                    "box": [
                        464,
                        627,
                        481,
                        641
                    ]
                },
                {
                    "text": "exact",
                    "box": [
                        486,
                        628,
                        525,
                        641
                    ]
                },
                {
                    "text": "terms.",
                    "box": [
                        532,
                        628,
                        575,
                        641
                    ]
                }
            ],
            "id": 25
        },
        {
            "text": "b) R & D should advise if completion date cannot be met.",
            "box": [
                180,
                652,
                547,
                681
            ],
            "linking": [
                [
                    9,
                    26
                ]
            ],
            "label": "answer",
            "words": [
                {
                    "text": "b)",
                    "box": [
                        180,
                        652,
                        194,
                        667
                    ]
                },
                {
                    "text": "R",
                    "box": [
                        209,
                        655,
                        219,
                        666
                    ]
                },
                {
                    "text": "&",
                    "box": [
                        218,
                        655,
                        225,
                        666
                    ]
                },
                {
                    "text": "D",
                    "box": [
                        223,
                        656,
                        234,
                        667
                    ]
                },
                {
                    "text": "should",
                    "box": [
                        237,
                        655,
                        284,
                        668
                    ]
                },
                {
                    "text": "advise",
                    "box": [
                        289,
                        656,
                        336,
                        667
                    ]
                },
                {
                    "text": "if",
                    "box": [
                        342,
                        655,
                        357,
                        668
                    ]
                },
                {
                    "text": "completion",
                    "box": [
                        363,
                        656,
                        438,
                        670
                    ]
                },
                {
                    "text": "date",
                    "box": [
                        443,
                        655,
                        474,
                        670
                    ]
                },
                {
                    "text": "cannot",
                    "box": [
                        479,
                        658,
                        525,
                        669
                    ]
                },
                {
                    "text": "be",
                    "box": [
                        529,
                        656,
                        547,
                        669
                    ]
                },
                {
                    "text": "met.",
                    "box": [
                        208,
                        670,
                        240,
                        681
                    ]
                }
            ],
            "id": 26
        },
        {
            "text": "c) Two copies of this form to be sent to R & D by initiator and R & D is to return to T. O. one completed copy.",
            "box": [
                179,
                697,
                532,
                740
            ],
            "linking": [
                [
                    9,
                    27
                ]
            ],
            "label": "answer",
            "words": [
                {
                    "text": "c)",
                    "box": [
                        179,
                        698,
                        196,
                        711
                    ]
                },
                {
                    "text": "Two",
                    "box": [
                        209,
                        700,
                        234,
                        708
                    ]
                },
                {
                    "text": "copies",
                    "box": [
                        240,
                        698,
                        282,
                        711
                    ]
                },
                {
                    "text": "of",
                    "box": [
                        289,
                        698,
                        306,
                        711
                    ]
                },
                {
                    "text": "this",
                    "box": [
                        313,
                        698,
                        342,
                        711
                    ]
                },
                {
                    "text": "form",
                    "box": [
                        349,
                        698,
                        378,
                        712
                    ]
                },
                {
                    "text": "to",
                    "box": [
                        385,
                        698,
                        400,
                        711
                    ]
                },
                {
                    "text": "be",
                    "box": [
                        405,
                        700,
                        423,
                        711
                    ]
                },
                {
                    "text": "sent",
                    "box": [
                        429,
                        700,
                        458,
                        711
                    ]
                },
                {
                    "text": "to",
                    "box": [
                        466,
                        700,
                        481,
                        711
                    ]
                },
                {
                    "text": "R",
                    "box": [
                        487,
                        698,
                        495,
                        712
                    ]
                },
                {
                    "text": "&",
                    "box": [
                        494,
                        700,
                        501,
                        711
                    ]
                },
                {
                    "text": "D",
                    "box": [
                        501,
                        698,
                        511,
                        711
                    ]
                },
                {
                    "text": "by",
                    "box": [
                        514,
                        697,
                        532,
                        712
                    ]
                },
                {
                    "text": "initiator",
                    "box": [
                        209,
                        711,
                        277,
                        728
                    ]
                },
                {
                    "text": "and",
                    "box": [
                        282,
                        714,
                        306,
                        725
                    ]
                },
                {
                    "text": "R",
                    "box": [
                        311,
                        712,
                        321,
                        725
                    ]
                },
                {
                    "text": "&",
                    "box": [
                        320,
                        714,
                        327,
                        725
                    ]
                },
                {
                    "text": "D",
                    "box": [
                        325,
                        712,
                        335,
                        723
                    ]
                },
                {
                    "text": "is",
                    "box": [
                        341,
                        714,
                        358,
                        725
                    ]
                },
                {
                    "text": "to",
                    "box": [
                        363,
                        714,
                        377,
                        725
                    ]
                },
                {
                    "text": "return",
                    "box": [
                        384,
                        714,
                        430,
                        727
                    ]
                },
                {
                    "text": "to",
                    "box": [
                        436,
                        714,
                        451,
                        727
                    ]
                },
                {
                    "text": "T.",
                    "box": [
                        457,
                        712,
                        471,
                        725
                    ]
                },
                {
                    "text": "O.",
                    "box": [
                        471,
                        712,
                        486,
                        723
                    ]
                },
                {
                    "text": "one",
                    "box": [
                        492,
                        715,
                        520,
                        726
                    ]
                },
                {
                    "text": "completed",
                    "box": [
                        209,
                        726,
                        277,
                        739
                    ]
                },
                {
                    "text": "copy.",
                    "box": [
                        284,
                        726,
                        318,
                        740
                    ]
                }
            ],
            "id": 27
        },
        {
            "text": "MH/ enm",
            "box": [
                53,
                751,
                101,
                767
            ],
            "linking": [],
            "label": "other",
            "words": [
                {
                    "text": "MH/",
                    "box": [
                        53,
                        751,
                        78,
                        766
                    ]
                },
                {
                    "text": "enm",
                    "box": [
                        77,
                        756,
                        101,
                        767
                    ]
                }
            ],
            "id": 28
        },
        {
            "text": "0036/ (r) # 2894M",
            "box": [
                53,
                796,
                115,
                824
            ],
            "linking": [],
            "label": "other",
            "words": [
                {
                    "text": "0036/",
                    "box": [
                        53,
                        796,
                        92,
                        809
                    ]
                },
                {
                    "text": "(r)",
                    "box": [
                        91,
                        797,
                        115,
                        808
                    ]
                },
                {
                    "text": "#",
                    "box": [
                        54,
                        811,
                        62,
                        822
                    ]
                },
                {
                    "text": "2894M",
                    "box": [
                        61,
                        811,
                        102,
                        824
                    ]
                }
            ],
            "id": 29
        },
        {
            "text": "APR 2 1984 P. H. H.",
            "box": [
                531,
                193,
                623,
                248
            ],
            "linking": [
                [
                    11,
                    30
                ]
            ],
            "label": "answer",
            "words": [
                {
                    "text": "APR",
                    "box": [
                        531,
                        193,
                        563,
                        214
                    ]
                },
                {
                    "text": "2",
                    "box": [
                        577,
                        194,
                        590,
                        215
                    ]
                },
                {
                    "text": "1984",
                    "box": [
                        594,
                        194,
                        623,
                        212
                    ]
                },
                {
                    "text": "P.",
                    "box": [
                        545,
                        226,
                        565,
                        247
                    ]
                },
                {
                    "text": "H.",
                    "box": [
                        564,
                        226,
                        582,
                        248
                    ]
                },
                {
                    "text": "H.",
                    "box": [
                        582,
                        229,
                        600,
                        247
                    ]
                }
            ],
            "id": 30
        }
    ]
}