{
    "form": [
        {
            "box": [
                96,
                282,
                104,
                295
            ],
            "text": "(",
            "label": "other",
            "words": [
                {
                    "box": [
                        96,
                        282,
                        104,
                        295
                    ],
                    "text": "("
                }
            ],
            "linking": [],
            "id": 0
        },
        {
            "box": [
                130,
                281,
                138,
                297
            ],
            "text": ")",
            "label": "other",
            "words": [
                {
                    "box": [
                        130,
                        281,
                        138,
                        297
                    ],
                    "text": ")"
                }
            ],
            "linking": [],
            "id": 1
        },
        {
            "box": [
                96,
                350,
                104,
                367
            ],
            "text": "(",
            "label": "other",
            "words": [
                {
                    "box": [
                        96,
                        350,
                        104,
                        367
                    ],
                    "text": "("
                }
            ],
            "linking": [],
            "id": 2
        },
        {
            "box": [
                128,
                352,
                137,
                367
            ],
            "text": ")",
            "label": "other",
            "words": [
                {
                    "box": [
                        128,
                        352,
                        137,
                        367
                    ],
                    "text": ")"
                }
            ],
            "linking": [],
            "id": 3
        },
        {
            "box": [
                96,
                420,
                105,
                435
            ],
            "text": "(",
            "label": "other",
            "words": [
                {
                    "box": [
                        96,
                        420,
                        105,
                        435
                    ],
                    "text": "("
                }
            ],
            "linking": [],
            "id": 4
        },
        {
            "box": [
                95,
                475,
                104,
                492
            ],
            "text": "(",
            "label": "other",
            "words": [
                {
                    "box": [
                        95,
                        475,
                        104,
                        492
                    ],
                    "text": "("
                }
            ],
            "linking": [],
            "id": 5
        },
        {
            "box": [
                130,
                476,
                137,
                492
            ],
            "text": ")",
            "label": "other",
            "words": [
                {
                    "box": [
                        130,
                        476,
                        137,
                        492
                    ],
                    "text": ")"
                }
            ],
            "linking": [],
            "id": 6
        },
        {
            "box": [
                95,
                544,
                104,
                561
            ],
            "text": "B(",
            "label": "other",
            "words": [
                {
                    "box": [
                        95,
                        544,
                        104,
                        561
                    ],
                    "text": "B("
                }
            ],
            "linking": [],
            "id": 7
        },
        {
            "box": [
                128,
                545,
                137,
                560
            ],
            "text": ")",
            "label": "other",
            "words": [
                {
                    "box": [
                        128,
                        545,
                        137,
                        560
                    ],
                    "text": ")"
                }
            ],
            "linking": [],
            "id": 8
        },
        {
            "box": [
                227,
                574,
                236,
                589
            ],
            "text": "(",
            "label": "other",
            "words": [
                {
                    "box": [
                        227,
                        574,
                        236,
                        589
                    ],
                    "text": "("
                }
            ],
            "linking": [],
            "id": 9
        },
        {
            "box": [
                261,
                572,
                269,
                587
            ],
            "text": ")",
            "label": "other",
            "words": [
                {
                    "box": [
                        261,
                        572,
                        269,
                        587
                    ],
                    "text": ")"
                }
            ],
            "linking": [],
            "id": 10
        },
        {
            "box": [
                227,
                599,
                236,
                618
            ],
            "text": "(",
            "label": "other",
            "words": [
                {
                    "box": [
                        227,
                        599,
                        236,
                        618
                    ],
                    "text": "("
                }
            ],
            "linking": [],
            "id": 11
        },
        {
            "box": [
                262,
                600,
                267,
                616
            ],
            "text": ")",
            "label": "other",
            "words": [
                {
                    "box": [
                        262,
                        600,
                        267,
                        616
                    ],
                    "text": ")"
                }
            ],
            "linking": [],
            "id": 12
        },
        {
            "box": [
                229,
                630,
                236,
                643
            ],
            "text": "(",
            "label": "other",
            "words": [
                {
                    "box": [
                        229,
                        630,
                        236,
                        643
                    ],
                    "text": "("
                }
            ],
            "linking": [],
            "id": 13
        },
        {
            "box": [
                261,
                628,
                269,
                643
            ],
            "text": ")",
            "label": "other",
            "words": [
                {
                    "box": [
                        261,
                        628,
                        269,
                        643
                    ],
                    "text": ")"
                }
            ],
            "linking": [],
            "id": 14
        },
        {
            "box": [
                227,
                655,
                236,
                671
            ],
            "text": "(",
            "label": "other",
            "words": [
                {
                    "box": [
                        227,
                        655,
                        236,
                        671
                    ],
                    "text": "("
                }
            ],
            "linking": [],
            "id": 15
        },
        {
            "box": [
                261,
                655,
                269,
                671
            ],
            "text": ")",
            "label": "other",
            "words": [
                {
                    "box": [
                        261,
                        655,
                        269,
                        671
                    ],
                    "text": ")"
                }
            ],
            "linking": [],
            "id": 16
        },
        {
            "box": [
                227,
                683,
                235,
                700
            ],
            "text": "(",
            "label": "other",
            "words": [
                {
                    "box": [
                        227,
                        683,
                        235,
                        700
                    ],
                    "text": "("
                }
            ],
            "linking": [],
            "id": 17
        },
        {
            "box": [
                261,
                682,
                268,
                699
            ],
            "text": ")",
            "label": "other",
            "words": [
                {
                    "box": [
                        261,
                        682,
                        268,
                        699
                    ],
                    "text": ")"
                }
            ],
            "linking": [],
            "id": 18
        },
        {
            "box": [
                96,
                741,
                105,
                756
            ],
            "text": "(",
            "label": "other",
            "words": [
                {
                    "box": [
                        96,
                        741,
                        105,
                        756
                    ],
                    "text": "("
                }
            ],
            "linking": [],
            "id": 19
        },
        {
            "box": [
                130,
                739,
                138,
                758
            ],
            "text": ")",
            "label": "other",
            "words": [
                {
                    "box": [
                        130,
                        739,
                        138,
                        758
                    ],
                    "text": ")"
                }
            ],
            "linking": [],
            "id": 20
        },
        {
            "box": [
                95,
                807,
                103,
                824
            ],
            "text": "(",
            "label": "other",
            "words": [
                {
                    "box": [
                        95,
                        807,
                        103,
                        824
                    ],
                    "text": "("
                }
            ],
            "linking": [],
            "id": 21
        },
        {
            "box": [
                130,
                807,
                137,
                824
            ],
            "text": ")",
            "label": "other",
            "words": [
                {
                    "box": [
                        130,
                        807,
                        137,
                        824
                    ],
                    "text": ")"
                }
            ],
            "linking": [],
            "id": 22
        },
        {
            "box": [
                95,
                862,
                104,
                878
            ],
            "text": "(",
            "label": "other",
            "words": [
                {
                    "box": [
                        95,
                        862,
                        104,
                        878
                    ],
                    "text": "("
                }
            ],
            "linking": [],
            "id": 23
        },
        {
            "box": [
                128,
                862,
                136,
                877
            ],
            "text": ")",
            "label": "other",
            "words": [
                {
                    "box": [
                        128,
                        862,
                        136,
                        877
                    ],
                    "text": ")"
                }
            ],
            "linking": [],
            "id": 24
        },
        {
            "text": "BROWN & WILLAMSON 1994 COLLECTION PROTOCOPYING VARIANCE FORM",
            "box": [
                263,
                100,
                489,
                157
            ],
            "linking": [],
            "label": "title",
            "words": [
                {
                    "text": "BROWN",
                    "box": [
                        298,
                        100,
                        343,
                        113
                    ]
                },
                {
                    "text": "&",
                    "box": [
                        350,
                        100,
                        358,
                        113
                    ]
                },
                {
                    "text": "WILLAMSON",
                    "box": [
                        366,
                        100,
                        453,
                        112
                    ]
                },
                {
                    "text": "1994",
                    "box": [
                        305,
                        119,
                        340,
                        134
                    ]
                },
                {
                    "text": "COLLECTION",
                    "box": [
                        361,
                        118,
                        447,
                        131
                    ]
                },
                {
                    "text": "PROTOCOPYING",
                    "box": [
                        263,
                        142,
                        369,
                        157
                    ]
                },
                {
                    "text": "VARIANCE",
                    "box": [
                        376,
                        139,
                        446,
                        155
                    ]
                },
                {
                    "text": "FORM",
                    "box": [
                        452,
                        140,
                        489,
                        156
                    ]
                }
            ],
            "id": 25
        },
        {
            "text": "This form was placed before Bates ID",
            "box": [
                94,
                195,
                405,
                215
            ],
            "linking": [
                [
                    26,
                    27
                ]
            ],
            "label": "question",
            "words": [
                {
                    "text": "This",
                    "box": [
                        94,
                        195,
                        129,
                        212
                    ]
                },
                {
                    "text": "form",
                    "box": [
                        138,
                        198,
                        175,
                        214
                    ]
                },
                {
                    "text": "was",
                    "box": [
                        179,
                        199,
                        208,
                        212
                    ]
                },
                {
                    "text": "placed",
                    "box": [
                        215,
                        198,
                        270,
                        215
                    ]
                },
                {
                    "text": "before",
                    "box": [
                        277,
                        197,
                        329,
                        214
                    ]
                },
                {
                    "text": "Bates",
                    "box": [
                        338,
                        197,
                        381,
                        212
                    ]
                },
                {
                    "text": "ID",
                    "box": [
                        386,
                        195,
                        405,
                        211
                    ]
                }
            ],
            "id": 26
        },
        {
            "text": "6708105266",
            "box": [
                428,
                186,
                602,
                211
            ],
            "linking": [
                [
                    26,
                    27
                ]
            ],
            "label": "answer",
            "words": [
                {
                    "text": "6708105266",
                    "box": [
                        428,
                        186,
                        602,
                        211
                    ]
                }
            ],
            "id": 27
        },
        {
            "text": "AT THE TIME OF REPRODUCTION, THE FOLLOWING NOTATTONS WERE MADE:",
            "box": [
                238,
                223,
                513,
                254
            ],
            "linking": [],
            "label": "question",
            "words": [
                {
                    "text": "AT",
                    "box": [
                        238,
                        223,
                        257,
                        239
                    ]
                },
                {
                    "text": "THE",
                    "box": [
                        262,
                        226,
                        294,
                        238
                    ]
                },
                {
                    "text": "TIME",
                    "box": [
                        298,
                        225,
                        334,
                        240
                    ]
                },
                {
                    "text": "OF",
                    "box": [
                        340,
                        225,
                        360,
                        240
                    ]
                },
                {
                    "text": "REPRODUCTION,",
                    "box": [
                        366,
                        225,
                        476,
                        238
                    ]
                },
                {
                    "text": "THE",
                    "box": [
                        484,
                        223,
                        513,
                        236
                    ]
                },
                {
                    "text": "FOLLOWING",
                    "box": [
                        247,
                        239,
                        326,
                        254
                    ]
                },
                {
                    "text": "NOTATTONS",
                    "box": [
                        333,
                        238,
                        411,
                        254
                    ]
                },
                {
                    "text": "WERE",
                    "box": [
                        418,
                        237,
                        453,
                        253
                    ]
                },
                {
                    "text": "MADE:",
                    "box": [
                        459,
                        238,
                        504,
                        253
                    ]
                }
            ],
            "id": 28
        },
        {
            "text": "DOCUMENT COPIES ARE IN THE SAME SEQUENCE AS THEY APPEARED IN THE ORIGINAL.",
            "box": [
                182,
                278,
                665,
                310
            ],
            "linking": [],
            "label": "other",
            "words": [
                {
                    "text": "DOCUMENT",
                    "box": [
                        182,
                        281,
                        252,
                        296
                    ]
                },
                {
                    "text": "COPIES",
                    "box": [
                        259,
                        281,
                        310,
                        294
                    ]
                },
                {
                    "text": "ARE",
                    "box": [
                        317,
                        281,
                        348,
                        294
                    ]
                },
                {
                    "text": "IN",
                    "box": [
                        352,
                        279,
                        371,
                        294
                    ]
                },
                {
                    "text": "THE",
                    "box": [
                        376,
                        279,
                        407,
                        294
                    ]
                },
                {
                    "text": "SAME",
                    "box": [
                        410,
                        279,
                        446,
                        296
                    ]
                },
                {
                    "text": "SEQUENCE",
                    "box": [
                        452,
                        279,
                        523,
                        295
                    ]
                },
                {
                    "text": "AS",
                    "box": [
                        527,
                        279,
                        547,
                        294
                    ]
                },
                {
                    "text": "THEY",
                    "box": [
                        552,
                        278,
                        588,
                        294
                    ]
                },
                {
                    "text": "APPEARED",
                    "box": [
                        595,
                        279,
                        665,
                        296
                    ]
                },
                {
                    "text": "IN",
                    "box": [
                        182,
                        295,
                        203,
                        310
                    ]
                },
                {
                    "text": "THE",
                    "box": [
                        209,
                        295,
                        237,
                        310
                    ]
                },
                {
                    "text": "ORIGINAL.",
                    "box": [
                        241,
                        294,
                        320,
                        306
                    ]
                }
            ],
            "id": 29
        },
        {
            "text": "PAGE NUMBER(S) WERE MISSING IN THE ORIGINAL.",
            "box": [
                182,
                350,
                667,
                380
            ],
            "linking": [],
            "label": "question",
            "words": [
                {
                    "text": "PAGE",
                    "box": [
                        182,
                        350,
                        218,
                        365
                    ]
                },
                {
                    "text": "NUMBER(S)",
                    "box": [
                        221,
                        352,
                        300,
                        367
                    ]
                },
                {
                    "text": "WERE",
                    "box": [
                        563,
                        350,
                        600,
                        365
                    ]
                },
                {
                    "text": "MISSING",
                    "box": [
                        603,
                        350,
                        667,
                        366
                    ]
                },
                {
                    "text": "IN",
                    "box": [
                        183,
                        365,
                        200,
                        380
                    ]
                },
                {
                    "text": "THE",
                    "box": [
                        209,
                        366,
                        238,
                        378
                    ]
                },
                {
                    "text": "ORIGINAL.",
                    "box": [
                        242,
                        366,
                        320,
                        378
                    ]
                }
            ],
            "id": 30
        },
        {
            "text": "☑ ) POOR QUALITY ORIGINAL. faded",
            "box": [
                108,
                408,
                467,
                444
            ],
            "linking": [],
            "label": "other",
            "words": [
                {
                    "text": "☑",
                    "box": [
                        108,
                        409,
                        150,
                        434
                    ]
                },
                {
                    "text": ")",
                    "box": [
                        130,
                        422,
                        138,
                        437
                    ]
                },
                {
                    "text": "POOR",
                    "box": [
                        182,
                        421,
                        219,
                        434
                    ]
                },
                {
                    "text": "QUALITY",
                    "box": [
                        225,
                        421,
                        289,
                        436
                    ]
                },
                {
                    "text": "ORIGINAL.",
                    "box": [
                        295,
                        420,
                        370,
                        435
                    ]
                },
                {
                    "text": "faded",
                    "box": [
                        385,
                        408,
                        467,
                        444
                    ]
                }
            ],
            "id": 31
        },
        {
            "text": "OVERLAY ITEM COULD NOT BE REMOVED WITHOUT DAMAGE TO THE ORIGINAL.",
            "box": [
                180,
                473,
                667,
                503
            ],
            "linking": [],
            "label": "other",
            "words": [
                {
                    "text": "OVERLAY",
                    "box": [
                        180,
                        476,
                        244,
                        489
                    ]
                },
                {
                    "text": "ITEM",
                    "box": [
                        253,
                        476,
                        292,
                        491
                    ]
                },
                {
                    "text": "COULD",
                    "box": [
                        299,
                        473,
                        342,
                        489
                    ]
                },
                {
                    "text": "NOT",
                    "box": [
                        348,
                        476,
                        379,
                        489
                    ]
                },
                {
                    "text": "BE",
                    "box": [
                        384,
                        476,
                        403,
                        489
                    ]
                },
                {
                    "text": "REMOVED",
                    "box": [
                        410,
                        475,
                        470,
                        491
                    ]
                },
                {
                    "text": "WITHOUT",
                    "box": [
                        477,
                        473,
                        543,
                        492
                    ]
                },
                {
                    "text": "DAMAGE",
                    "box": [
                        551,
                        475,
                        603,
                        490
                    ]
                },
                {
                    "text": "TO",
                    "box": [
                        612,
                        476,
                        631,
                        489
                    ]
                },
                {
                    "text": "THE",
                    "box": [
                        638,
                        475,
                        667,
                        491
                    ]
                },
                {
                    "text": "ORIGINAL.",
                    "box": [
                        182,
                        491,
                        260,
                        503
                    ]
                }
            ],
            "id": 32
        },
        {
            "text": "NG DOCUMENTS WERE FOUND WITHIN THE ORIGINAL:",
            "box": [
                180,
                541,
                559,
                560
            ],
            "linking": [
                [
                    33,
                    34
                ],
                [
                    33,
                    35
                ],
                [
                    33,
                    36
                ],
                [
                    33,
                    37
                ],
                [
                    33,
                    38
                ]
            ],
            "label": "question",
            "words": [
                {
                    "text": "NG",
                    "box": [
                        180,
                        545,
                        199,
                        560
                    ]
                },
                {
                    "text": "DOCUMENTS",
                    "box": [
                        209,
                        544,
                        289,
                        560
                    ]
                },
                {
                    "text": "WERE",
                    "box": [
                        295,
                        544,
                        328,
                        559
                    ]
                },
                {
                    "text": "FOUND",
                    "box": [
                        336,
                        543,
                        383,
                        560
                    ]
                },
                {
                    "text": "WITHIN",
                    "box": [
                        389,
                        543,
                        441,
                        560
                    ]
                },
                {
                    "text": "THE",
                    "box": [
                        445,
                        543,
                        473,
                        560
                    ]
                },
                {
                    "text": "ORIGINAL:",
                    "box": [
                        480,
                        541,
                        559,
                        560
                    ]
                }
            ],
            "id": 33
        },
        {
            "text": "FILE FOLDER",
            "box": [
                311,
                571,
                406,
                588
            ],
            "linking": [
                [
                    33,
                    34
                ]
            ],
            "label": "answer",
            "words": [
                {
                    "text": "FILE",
                    "box": [
                        311,
                        572,
                        346,
                        585
                    ]
                },
                {
                    "text": "FOLDER",
                    "box": [
                        354,
                        571,
                        406,
                        588
                    ]
                }
            ],
            "id": 34
        },
        {
            "text": "REDROPE EXPANDABLE FILE",
            "box": [
                310,
                598,
                509,
                615
            ],
            "linking": [
                [
                    33,
                    35
                ]
            ],
            "label": "answer",
            "words": [
                {
                    "text": "REDROPE",
                    "box": [
                        310,
                        599,
                        373,
                        615
                    ]
                },
                {
                    "text": "EXPANDABLE",
                    "box": [
                        378,
                        598,
                        465,
                        615
                    ]
                },
                {
                    "text": "FILE",
                    "box": [
                        473,
                        599,
                        509,
                        615
                    ]
                }
            ],
            "id": 35
        },
        {
            "text": "HANGING FILE",
            "box": [
                310,
                626,
                416,
                643
            ],
            "linking": [
                [
                    33,
                    36
                ]
            ],
            "label": "answer",
            "words": [
                {
                    "text": "HANGING",
                    "box": [
                        310,
                        626,
                        371,
                        642
                    ]
                },
                {
                    "text": "FILE",
                    "box": [
                        380,
                        627,
                        416,
                        643
                    ]
                }
            ],
            "id": 36
        },
        {
            "text": "ENVELOPE",
            "box": [
                313,
                654,
                383,
                671
            ],
            "linking": [
                [
                    33,
                    37
                ]
            ],
            "label": "answer",
            "words": [
                {
                    "text": "ENVELOPE",
                    "box": [
                        313,
                        654,
                        383,
                        671
                    ]
                }
            ],
            "id": 37
        },
        {
            "text": "OTHER (SPECIFY)",
            "box": [
                310,
                682,
                432,
                700
            ],
            "linking": [
                [
                    33,
                    38
                ]
            ],
            "label": "answer",
            "words": [
                {
                    "text": "OTHER",
                    "box": [
                        310,
                        682,
                        355,
                        698
                    ]
                },
                {
                    "text": "(SPECIFY)",
                    "box": [
                        361,
                        683,
                        432,
                        700
                    ]
                }
            ],
            "id": 38
        },
        {
            "text": "DOCUMENT COPIES WERE REPRODUCED IN COLOR PERMIT CORRECTION INTERPRETATION",
            "box": [
                180,
                737,
                666,
                769
            ],
            "linking": [],
            "label": "other",
            "words": [
                {
                    "text": "DOCUMENT",
                    "box": [
                        182,
                        738,
                        254,
                        751
                    ]
                },
                {
                    "text": "COPIES",
                    "box": [
                        269,
                        737,
                        320,
                        752
                    ]
                },
                {
                    "text": "WERE",
                    "box": [
                        334,
                        737,
                        370,
                        752
                    ]
                },
                {
                    "text": "REPRODUCED",
                    "box": [
                        384,
                        737,
                        470,
                        756
                    ]
                },
                {
                    "text": "IN",
                    "box": [
                        485,
                        739,
                        502,
                        752
                    ]
                },
                {
                    "text": "COLOR",
                    "box": [
                        517,
                        739,
                        564,
                        754
                    ]
                },
                {
                    "text": "",
                    "box": [
                        576,
                        739,
                        597,
                        754
                    ]
                },
                {
                    "text": "PERMIT",
                    "box": [
                        611,
                        738,
                        666,
                        751
                    ]
                },
                {
                    "text": "CORRECTION",
                    "box": [
                        180,
                        753,
                        271,
                        766
                    ]
                },
                {
                    "text": "INTERPRETATION",
                    "box": [
                        279,
                        754,
                        402,
                        769
                    ]
                }
            ],
            "id": 39
        },
        {
            "text": "BATES NUMBER NOT USED.",
            "box": [
                182,
                806,
                594,
                822
            ],
            "linking": [],
            "label": "question",
            "words": [
                {
                    "text": "BATES",
                    "box": [
                        182,
                        807,
                        226,
                        822
                    ]
                },
                {
                    "text": "NUMBER",
                    "box": [
                        233,
                        806,
                        288,
                        821
                    ]
                },
                {
                    "text": "NOT",
                    "box": [
                        512,
                        806,
                        543,
                        822
                    ]
                },
                {
                    "text": "USED.",
                    "box": [
                        551,
                        807,
                        594,
                        822
                    ]
                }
            ],
            "id": 40
        },
        {
            "text": "OTHER VARIANCE (EXPLAIN).",
            "box": [
                180,
                861,
                394,
                877
            ],
            "linking": [],
            "label": "other",
            "words": [
                {
                    "text": "OTHER",
                    "box": [
                        180,
                        862,
                        225,
                        877
                    ]
                },
                {
                    "text": "VARIANCE",
                    "box": [
                        234,
                        862,
                        304,
                        874
                    ]
                },
                {
                    "text": "(EXPLAIN).",
                    "box": [
                        311,
                        861,
                        394,
                        874
                    ]
                }
            ],
            "id": 41
        }
    ]
}