{
    "form": [
        {
            "box": [
                221,
                71,
                264,
                89
            ],
            "text": "B&W",
            "label": "title",
            "words": [
                {
                    "box": [
                        221,
                        71,
                        264,
                        89
                    ],
                    "text": "B&W"
                }
            ],
            "linking": [],
            "id": 0
        },
        {
            "box": [
                221,
                41,
                263,
                70
            ],
            "text": "",
            "label": "other",
            "words": [
                {
                    "box": [
                        221,
                        41,
                        263,
                        70
                    ],
                    "text": ""
                }
            ],
            "linking": [],
            "id": 1
        },
        {
            "box": [
                377,
                366,
                416,
                380
            ],
            "text": "WCC",
            "label": "answer",
            "words": [
                {
                    "box": [
                        377,
                        366,
                        416,
                        380
                    ],
                    "text": "WCC"
                }
            ],
            "linking": [
                [
                    8,
                    2
                ]
            ],
            "id": 2
        },
        {
            "box": [
                697,
                796,
                721,
                927
            ],
            "text": "621800455",
            "label": "other",
            "words": [
                {
                    "box": [
                        697,
                        796,
                        721,
                        927
                    ],
                    "text": "621800455"
                }
            ],
            "linking": [],
            "id": 3
        },
        {
            "text": "Reconstituted Tobacco Leaf Substitutions Export Formulas",
            "box": [
                511,
                50,
                730,
                82
            ],
            "linking": [],
            "label": "other",
            "words": [
                {
                    "text": "Reconstituted",
                    "box": [
                        511,
                        50,
                        584,
                        65
                    ]
                },
                {
                    "text": "Tobacco",
                    "box": [
                        587,
                        52,
                        630,
                        66
                    ]
                },
                {
                    "text": "Leaf",
                    "box": [
                        631,
                        53,
                        659,
                        66
                    ]
                },
                {
                    "text": "Substitutions",
                    "box": [
                        661,
                        56,
                        728,
                        66
                    ]
                },
                {
                    "text": "Export",
                    "box": [
                        634,
                        68,
                        672,
                        81
                    ]
                },
                {
                    "text": "Formulas",
                    "box": [
                        676,
                        68,
                        730,
                        82
                    ]
                }
            ],
            "id": 4
        },
        {
            "text": "Revision Date:",
            "box": [
                601,
                84,
                678,
                95
            ],
            "linking": [],
            "label": "question",
            "words": [
                {
                    "text": "Revision",
                    "box": [
                        601,
                        84,
                        648,
                        95
                    ]
                },
                {
                    "text": "Date:",
                    "box": [
                        649,
                        84,
                        678,
                        95
                    ]
                }
            ],
            "id": 5
        },
        {
            "text": "Allowable Grade Substitutions for Export CPCL",
            "box": [
                254,
                154,
                510,
                194
            ],
            "linking": [],
            "label": "title",
            "words": [
                {
                    "text": "Allowable",
                    "box": [
                        254,
                        154,
                        338,
                        171
                    ]
                },
                {
                    "text": "Grade",
                    "box": [
                        344,
                        154,
                        393,
                        172
                    ]
                },
                {
                    "text": "Substitutions",
                    "box": [
                        398,
                        154,
                        510,
                        174
                    ]
                },
                {
                    "text": "for",
                    "box": [
                        313,
                        175,
                        338,
                        193
                    ]
                },
                {
                    "text": "Export",
                    "box": [
                        344,
                        176,
                        400,
                        194
                    ]
                },
                {
                    "text": "CPCL",
                    "box": [
                        404,
                        177,
                        453,
                        192
                    ]
                }
            ],
            "id": 6
        },
        {
            "text": "Standard Grade Mark",
            "box": [
                148,
                253,
                331,
                274
            ],
            "linking": [
                [
                    7,
                    9
                ],
                [
                    7,
                    10
                ],
                [
                    7,
                    11
                ],
                [
                    7,
                    12
                ],
                [
                    7,
                    13
                ],
                [
                    7,
                    14
                ],
                [
                    7,
                    15
                ]
            ],
            "label": "question",
            "words": [
                {
                    "text": "Standard",
                    "box": [
                        148,
                        253,
                        223,
                        271
                    ]
                },
                {
                    "text": "Grade",
                    "box": [
                        229,
                        254,
                        281,
                        272
                    ]
                },
                {
                    "text": "Mark",
                    "box": [
                        284,
                        257,
                        331,
                        274
                    ]
                }
            ],
            "id": 7
        },
        {
            "text": "Allowable Substitutions",
            "box": [
                412,
                257,
                609,
                278
            ],
            "linking": [
                [
                    8,
                    16
                ],
                [
                    8,
                    17
                ],
                [
                    8,
                    2
                ],
                [
                    8,
                    18
                ],
                [
                    8,
                    19
                ],
                [
                    8,
                    20
                ],
                [
                    8,
                    21
                ],
                [
                    8,
                    22
                ],
                [
                    8,
                    23
                ],
                [
                    8,
                    24
                ],
                [
                    8,
                    25
                ],
                [
                    8,
                    26
                ],
                [
                    8,
                    27
                ],
                [
                    8,
                    28
                ],
                [
                    8,
                    29
                ],
                [
                    8,
                    30
                ]
            ],
            "label": "question",
            "words": [
                {
                    "text": "Allowable",
                    "box": [
                        412,
                        257,
                        492,
                        277
                    ]
                },
                {
                    "text": "Substitutions",
                    "box": [
                        499,
                        258,
                        609,
                        278
                    ]
                }
            ],
            "id": 8
        },
        {
            "text": "PCFS Flue cured fines",
            "box": [
                108,
                282,
                286,
                305
            ],
            "linking": [
                [
                    7,
                    9
                ]
            ],
            "label": "answer",
            "words": [
                {
                    "text": "PCFS",
                    "box": [
                        108,
                        282,
                        149,
                        300
                    ]
                },
                {
                    "text": "Flue",
                    "box": [
                        175,
                        286,
                        204,
                        303
                    ]
                },
                {
                    "text": "cured",
                    "box": [
                        208,
                        288,
                        249,
                        303
                    ]
                },
                {
                    "text": "fines",
                    "box": [
                        251,
                        288,
                        286,
                        305
                    ]
                }
            ],
            "id": 9
        },
        {
            "text": "PCBS Burley fines",
            "box": [
                108,
                328,
                256,
                349
            ],
            "linking": [
                [
                    7,
                    10
                ]
            ],
            "label": "answer",
            "words": [
                {
                    "text": "PCBS",
                    "box": [
                        108,
                        328,
                        149,
                        345
                    ]
                },
                {
                    "text": "Burley",
                    "box": [
                        176,
                        332,
                        217,
                        349
                    ]
                },
                {
                    "text": "fines",
                    "box": [
                        221,
                        332,
                        256,
                        349
                    ]
                }
            ],
            "id": 10
        },
        {
            "text": "MC- 4 Manufacturing fines",
            "box": [
                105,
                406,
                306,
                428
            ],
            "linking": [
                [
                    7,
                    11
                ]
            ],
            "label": "answer",
            "words": [
                {
                    "text": "MC-",
                    "box": [
                        105,
                        406,
                        133,
                        419
                    ]
                },
                {
                    "text": "4",
                    "box": [
                        131,
                        406,
                        142,
                        419
                    ]
                },
                {
                    "text": "Manufacturing",
                    "box": [
                        173,
                        408,
                        268,
                        428
                    ]
                },
                {
                    "text": "fines",
                    "box": [
                        274,
                        409,
                        306,
                        426
                    ]
                }
            ],
            "id": 11
        },
        {
            "text": "MC -6 Stem Meal",
            "box": [
                102,
                542,
                243,
                559
            ],
            "linking": [
                [
                    7,
                    12
                ]
            ],
            "label": "answer",
            "words": [
                {
                    "text": "MC",
                    "box": [
                        102,
                        542,
                        124,
                        557
                    ]
                },
                {
                    "text": "-6",
                    "box": [
                        124,
                        543,
                        138,
                        557
                    ]
                },
                {
                    "text": "Stem",
                    "box": [
                        170,
                        546,
                        205,
                        559
                    ]
                },
                {
                    "text": "Meal",
                    "box": [
                        207,
                        546,
                        243,
                        559
                    ]
                }
            ],
            "id": 12
        },
        {
            "text": "MC -7 Winnowers",
            "box": [
                101,
                588,
                244,
                605
            ],
            "linking": [
                [
                    7,
                    13
                ]
            ],
            "label": "answer",
            "words": [
                {
                    "text": "MC",
                    "box": [
                        101,
                        588,
                        123,
                        605
                    ]
                },
                {
                    "text": "-7",
                    "box": [
                        124,
                        591,
                        138,
                        605
                    ]
                },
                {
                    "text": "Winnowers",
                    "box": [
                        169,
                        589,
                        244,
                        604
                    ]
                }
            ],
            "id": 13
        },
        {
            "text": "RXF Fine flue cured stem",
            "box": [
                99,
                634,
                308,
                654
            ],
            "linking": [
                [
                    7,
                    14
                ]
            ],
            "label": "answer",
            "words": [
                {
                    "text": "RXF",
                    "box": [
                        99,
                        634,
                        131,
                        648
                    ]
                },
                {
                    "text": "Fine",
                    "box": [
                        168,
                        635,
                        197,
                        650
                    ]
                },
                {
                    "text": "flue",
                    "box": [
                        201,
                        637,
                        225,
                        652
                    ]
                },
                {
                    "text": "cured",
                    "box": [
                        230,
                        638,
                        268,
                        652
                    ]
                },
                {
                    "text": "stem",
                    "box": [
                        274,
                        640,
                        308,
                        654
                    ]
                }
            ],
            "id": 14
        },
        {
            "text": "RBF Fine Burely stem",
            "box": [
                98,
                742,
                280,
                761
            ],
            "linking": [
                [
                    7,
                    15
                ]
            ],
            "label": "answer",
            "words": [
                {
                    "text": "RBF",
                    "box": [
                        98,
                        742,
                        129,
                        757
                    ]
                },
                {
                    "text": "Fine",
                    "box": [
                        166,
                        743,
                        194,
                        758
                    ]
                },
                {
                    "text": "Burely",
                    "box": [
                        200,
                        744,
                        242,
                        761
                    ]
                },
                {
                    "text": "stem",
                    "box": [
                        246,
                        747,
                        280,
                        760
                    ]
                }
            ],
            "id": 15
        },
        {
            "text": "RPCFS or RPCFS-O ",
            "box": [
                378,
                291,
                522,
                307
            ],
            "linking": [
                [
                    8,
                    16
                ]
            ],
            "label": "answer",
            "words": [
                {
                    "text": "RPCFS",
                    "box": [
                        378,
                        291,
                        432,
                        306
                    ]
                },
                {
                    "text": "or",
                    "box": [
                        437,
                        293,
                        450,
                        307
                    ]
                },
                {
                    "text": "RPCFS-O",
                    "box": [
                        455,
                        291,
                        511,
                        306
                    ]
                },
                {
                    "text": "",
                    "box": [
                        511,
                        292,
                        522,
                        306
                    ]
                }
            ],
            "id": 16
        },
        {
            "text": "RPCBS OT RPCBS- O",
            "box": [
                378,
                337,
                523,
                354
            ],
            "linking": [
                [
                    8,
                    17
                ]
            ],
            "label": "answer",
            "words": [
                {
                    "text": "RPCBS",
                    "box": [
                        378,
                        337,
                        431,
                        352
                    ]
                },
                {
                    "text": "OT",
                    "box": [
                        437,
                        339,
                        451,
                        352
                    ]
                },
                {
                    "text": "RPCBS-",
                    "box": [
                        454,
                        337,
                        511,
                        354
                    ]
                },
                {
                    "text": "O",
                    "box": [
                        513,
                        338,
                        523,
                        353
                    ]
                }
            ],
            "id": 17
        },
        {
            "text": "MC -4 -S",
            "box": [
                377,
                411,
                430,
                429
            ],
            "linking": [
                [
                    8,
                    18
                ]
            ],
            "label": "answer",
            "words": [
                {
                    "text": "MC",
                    "box": [
                        377,
                        411,
                        402,
                        428
                    ]
                },
                {
                    "text": "-4",
                    "box": [
                        401,
                        412,
                        414,
                        427
                    ]
                },
                {
                    "text": "-S",
                    "box": [
                        415,
                        411,
                        430,
                        429
                    ]
                }
            ],
            "id": 18
        },
        {
            "text": "MC -4 -PH",
            "box": [
                378,
                439,
                441,
                457
            ],
            "linking": [
                [
                    8,
                    19
                ]
            ],
            "label": "answer",
            "words": [
                {
                    "text": "MC",
                    "box": [
                        378,
                        439,
                        399,
                        457
                    ]
                },
                {
                    "text": "-4",
                    "box": [
                        399,
                        440,
                        413,
                        457
                    ]
                },
                {
                    "text": "-PH",
                    "box": [
                        413,
                        440,
                        441,
                        457
                    ]
                }
            ],
            "id": 19
        },
        {
            "text": "MC -4 -RC",
            "box": [
                376,
                471,
                440,
                486
            ],
            "linking": [
                [
                    8,
                    20
                ]
            ],
            "label": "answer",
            "words": [
                {
                    "text": "MC",
                    "box": [
                        376,
                        471,
                        400,
                        486
                    ]
                },
                {
                    "text": "-4",
                    "box": [
                        399,
                        471,
                        413,
                        485
                    ]
                },
                {
                    "text": "-RC",
                    "box": [
                        413,
                        471,
                        440,
                        486
                    ]
                }
            ],
            "id": 20
        },
        {
            "text": "MC -4 -W",
            "box": [
                376,
                500,
                434,
                517
            ],
            "linking": [
                [
                    8,
                    21
                ]
            ],
            "label": "answer",
            "words": [
                {
                    "text": "MC",
                    "box": [
                        376,
                        501,
                        400,
                        516
                    ]
                },
                {
                    "text": "-4",
                    "box": [
                        399,
                        501,
                        412,
                        515
                    ]
                },
                {
                    "text": "-W",
                    "box": [
                        413,
                        500,
                        434,
                        517
                    ]
                }
            ],
            "id": 21
        },
        {
            "text": "MC -1",
            "box": [
                374,
                547,
                411,
                564
            ],
            "linking": [
                [
                    8,
                    22
                ]
            ],
            "label": "answer",
            "words": [
                {
                    "text": "MC",
                    "box": [
                        374,
                        547,
                        396,
                        562
                    ]
                },
                {
                    "text": "-1",
                    "box": [
                        397,
                        547,
                        411,
                        564
                    ]
                }
            ],
            "id": 22
        },
        {
            "text": "C Stem",
            "box": [
                374,
                594,
                425,
                609
            ],
            "linking": [
                [
                    8,
                    23
                ]
            ],
            "label": "answer",
            "words": [
                {
                    "text": "C",
                    "box": [
                        374,
                        594,
                        385,
                        608
                    ]
                },
                {
                    "text": "Stem",
                    "box": [
                        390,
                        595,
                        425,
                        609
                    ]
                }
            ],
            "id": 23
        },
        {
            "text": "RRXF or RRXF -O",
            "box": [
                374,
                638,
                494,
                656
            ],
            "linking": [
                [
                    8,
                    24
                ]
            ],
            "label": "answer",
            "words": [
                {
                    "text": "RRXF",
                    "box": [
                        374,
                        638,
                        415,
                        655
                    ]
                },
                {
                    "text": "or",
                    "box": [
                        419,
                        642,
                        433,
                        655
                    ]
                },
                {
                    "text": "RRXF",
                    "box": [
                        437,
                        641,
                        478,
                        656
                    ]
                },
                {
                    "text": "-O",
                    "box": [
                        479,
                        641,
                        494,
                        656
                    ]
                }
            ],
            "id": 24
        },
        {
            "text": "RRXM -B",
            "box": [
                372,
                670,
                433,
                684
            ],
            "linking": [
                [
                    8,
                    25
                ]
            ],
            "label": "answer",
            "words": [
                {
                    "text": "RRXM",
                    "box": [
                        372,
                        670,
                        417,
                        684
                    ]
                },
                {
                    "text": "-B",
                    "box": [
                        418,
                        670,
                        433,
                        684
                    ]
                }
            ],
            "id": 25
        },
        {
            "text": "RRXM -T",
            "box": [
                372,
                700,
                431,
                716
            ],
            "linking": [
                [
                    8,
                    26
                ]
            ],
            "label": "answer",
            "words": [
                {
                    "text": "RRXM",
                    "box": [
                        372,
                        700,
                        415,
                        715
                    ]
                },
                {
                    "text": "-T",
                    "box": [
                        416,
                        701,
                        431,
                        716
                    ]
                }
            ],
            "id": 26
        },
        {
            "text": "RRBF or RRBF -O",
            "box": [
                370,
                747,
                491,
                765
            ],
            "linking": [
                [
                    8,
                    27
                ]
            ],
            "label": "answer",
            "words": [
                {
                    "text": "RRBF",
                    "box": [
                        370,
                        747,
                        411,
                        762
                    ]
                },
                {
                    "text": "or",
                    "box": [
                        416,
                        749,
                        430,
                        762
                    ]
                },
                {
                    "text": "RRBF",
                    "box": [
                        434,
                        747,
                        475,
                        764
                    ]
                },
                {
                    "text": "-O",
                    "box": [
                        476,
                        750,
                        491,
                        765
                    ]
                }
            ],
            "id": 27
        },
        {
            "text": "RRB -B",
            "box": [
                370,
                778,
                417,
                793
            ],
            "linking": [
                [
                    8,
                    28
                ]
            ],
            "label": "answer",
            "words": [
                {
                    "text": "RRB",
                    "box": [
                        370,
                        778,
                        402,
                        792
                    ]
                },
                {
                    "text": "-B",
                    "box": [
                        402,
                        778,
                        417,
                        793
                    ]
                }
            ],
            "id": 28
        },
        {
            "text": "RRB -L",
            "box": [
                369,
                809,
                415,
                823
            ],
            "linking": [
                [
                    8,
                    29
                ]
            ],
            "label": "answer",
            "words": [
                {
                    "text": "RRB",
                    "box": [
                        369,
                        809,
                        401,
                        823
                    ]
                },
                {
                    "text": "-L",
                    "box": [
                        401,
                        809,
                        415,
                        822
                    ]
                }
            ],
            "id": 29
        },
        {
            "text": "RRB -T",
            "box": [
                369,
                838,
                415,
                852
            ],
            "linking": [
                [
                    8,
                    30
                ]
            ],
            "label": "answer",
            "words": [
                {
                    "text": "RRB",
                    "box": [
                        369,
                        838,
                        400,
                        852
                    ]
                },
                {
                    "text": "-T",
                    "box": [
                        401,
                        839,
                        415,
                        852
                    ]
                }
            ],
            "id": 30
        }
    ]
}