{
    "form": [
        {
            "box": [
                505,
                427,
                575,
                439
            ],
            "text": "COMMENTS",
            "label": "question",
            "words": [
                {
                    "box": [
                        505,
                        427,
                        575,
                        439
                    ],
                    "text": "COMMENTS"
                }
            ],
            "linking": [
                [
                    0,
                    47
                ]
            ],
            "id": 0
        },
        {
            "box": [
                17,
                174,
                70,
                189
            ],
            "text": "Brand:",
            "label": "question",
            "words": [
                {
                    "box": [
                        17,
                        174,
                        70,
                        189
                    ],
                    "text": "Brand:"
                }
            ],
            "linking": [
                [
                    1,
                    35
                ]
            ],
            "id": 1
        },
        {
            "box": [
                18,
                201,
                113,
                214
            ],
            "text": "Commercial:",
            "label": "question",
            "words": [
                {
                    "box": [
                        18,
                        201,
                        113,
                        214
                    ],
                    "text": "Commercial:"
                }
            ],
            "linking": [
                [
                    2,
                    38
                ]
            ],
            "id": 2
        },
        {
            "box": [
                17,
                254,
                98,
                269
            ],
            "text": "Supplier:",
            "label": "question",
            "words": [
                {
                    "box": [
                        17,
                        254,
                        98,
                        269
                    ],
                    "text": "Supplier:"
                }
            ],
            "linking": [
                [
                    3,
                    42
                ]
            ],
            "id": 3
        },
        {
            "box": [
                442,
                198,
                498,
                211
            ],
            "text": "Sample:",
            "label": "question",
            "words": [
                {
                    "box": [
                        442,
                        198,
                        498,
                        211
                    ],
                    "text": "Sample:"
                }
            ],
            "linking": [
                [
                    4,
                    8
                ]
            ],
            "id": 4
        },
        {
            "box": [
                20,
                362,
                86,
                377
            ],
            "text": "Chicago:",
            "label": "question",
            "words": [
                {
                    "box": [
                        20,
                        362,
                        86,
                        377
                    ],
                    "text": "Chicago:"
                }
            ],
            "linking": [
                [
                    5,
                    6
                ]
            ],
            "id": 5
        },
        {
            "box": [
                302,
                359,
                330,
                374
            ],
            "text": "8/8",
            "label": "answer",
            "words": [
                {
                    "box": [
                        302,
                        359,
                        330,
                        374
                    ],
                    "text": "8/8"
                }
            ],
            "linking": [
                [
                    5,
                    6
                ],
                [
                    43,
                    6
                ]
            ],
            "id": 6
        },
        {
            "box": [
                189,
                228,
                209,
                241
            ],
            "text": "98",
            "label": "other",
            "words": [
                {
                    "box": [
                        189,
                        228,
                        209,
                        241
                    ],
                    "text": "98"
                }
            ],
            "linking": [],
            "id": 7
        },
        {
            "box": [
                548,
                196,
                575,
                208
            ],
            "text": "336",
            "label": "answer",
            "words": [
                {
                    "box": [
                        548,
                        196,
                        575,
                        208
                    ],
                    "text": "336"
                }
            ],
            "linking": [
                [
                    4,
                    8
                ]
            ],
            "id": 8
        },
        {
            "box": [
                542,
                211,
                585,
                226
            ],
            "text": "(234)",
            "label": "answer",
            "words": [
                {
                    "box": [
                        542,
                        211,
                        585,
                        226
                    ],
                    "text": "(234)"
                }
            ],
            "linking": [
                [
                    39,
                    9
                ]
            ],
            "id": 9
        },
        {
            "box": [
                111,
                468,
                172,
                485
            ],
            "text": "Overall",
            "label": "question",
            "words": [
                {
                    "box": [
                        111,
                        468,
                        172,
                        485
                    ],
                    "text": "Overall"
                }
            ],
            "linking": [
                [
                    10,
                    20
                ]
            ],
            "id": 10
        },
        {
            "box": [
                111,
                497,
                146,
                510
            ],
            "text": "CITY",
            "label": "question",
            "words": [
                {
                    "box": [
                        111,
                        497,
                        146,
                        510
                    ],
                    "text": "CITY"
                }
            ],
            "linking": [
                [
                    11,
                    48
                ],
                [
                    11,
                    12
                ],
                [
                    11,
                    21
                ],
                [
                    11,
                    22
                ]
            ],
            "id": 11
        },
        {
            "box": [
                111,
                523,
                172,
                538
            ],
            "text": "Chicago",
            "label": "answer",
            "words": [
                {
                    "box": [
                        111,
                        523,
                        172,
                        538
                    ],
                    "text": "Chicago"
                }
            ],
            "linking": [
                [
                    11,
                    12
                ]
            ],
            "id": 12
        },
        {
            "box": [
                108,
                563,
                143,
                576
            ],
            "text": "SEX",
            "label": "title",
            "words": [
                {
                    "box": [
                        108,
                        563,
                        143,
                        576
                    ],
                    "text": "SEX"
                }
            ],
            "linking": [
                [
                    13,
                    16
                ],
                [
                    13,
                    15
                ]
            ],
            "id": 13
        },
        {
            "box": [
                113,
                630,
                143,
                643
            ],
            "text": "AGE",
            "label": "title",
            "words": [
                {
                    "box": [
                        113,
                        630,
                        143,
                        643
                    ],
                    "text": "AGE"
                }
            ],
            "linking": [
                [
                    14,
                    17
                ],
                [
                    14,
                    18
                ],
                [
                    14,
                    19
                ],
                [
                    14,
                    49
                ]
            ],
            "id": 14
        },
        {
            "box": [
                110,
                576,
                148,
                589
            ],
            "text": "Male",
            "label": "question",
            "words": [
                {
                    "box": [
                        110,
                        576,
                        148,
                        589
                    ],
                    "text": "Male"
                }
            ],
            "linking": [
                [
                    13,
                    15
                ],
                [
                    15,
                    23
                ]
            ],
            "id": 15
        },
        {
            "box": [
                113,
                590,
                160,
                607
            ],
            "text": "Female",
            "label": "question",
            "words": [
                {
                    "box": [
                        113,
                        590,
                        160,
                        607
                    ],
                    "text": "Female"
                }
            ],
            "linking": [
                [
                    13,
                    16
                ],
                [
                    16,
                    24
                ]
            ],
            "id": 16
        },
        {
            "box": [
                111,
                646,
                158,
                659
            ],
            "text": "16-25",
            "label": "question",
            "words": [
                {
                    "box": [
                        111,
                        646,
                        158,
                        659
                    ],
                    "text": "16-25"
                }
            ],
            "linking": [
                [
                    14,
                    17
                ],
                [
                    17,
                    25
                ]
            ],
            "id": 17
        },
        {
            "box": [
                113,
                658,
                158,
                671
            ],
            "text": "26-35",
            "label": "question",
            "words": [
                {
                    "box": [
                        113,
                        658,
                        158,
                        671
                    ],
                    "text": "26-35"
                }
            ],
            "linking": [
                [
                    14,
                    18
                ],
                [
                    18,
                    26
                ]
            ],
            "id": 18
        },
        {
            "box": [
                111,
                669,
                158,
                682
            ],
            "text": "36-45",
            "label": "question",
            "words": [
                {
                    "box": [
                        111,
                        669,
                        158,
                        682
                    ],
                    "text": "36-45"
                }
            ],
            "linking": [
                [
                    14,
                    19
                ],
                [
                    19,
                    27
                ]
            ],
            "id": 19
        },
        {
            "box": [
                264,
                467,
                291,
                482
            ],
            "text": "1.7",
            "label": "answer",
            "words": [
                {
                    "box": [
                        264,
                        467,
                        291,
                        482
                    ],
                    "text": "1.7"
                }
            ],
            "linking": [
                [
                    10,
                    20
                ]
            ],
            "id": 20
        },
        {
            "box": [
                264,
                508,
                292,
                521
            ],
            "text": "0.0",
            "label": "answer",
            "words": [
                {
                    "box": [
                        264,
                        508,
                        292,
                        521
                    ],
                    "text": "0.0"
                }
            ],
            "linking": [
                [
                    11,
                    21
                ],
                [
                    46,
                    21
                ]
            ],
            "id": 21
        },
        {
            "box": [
                264,
                522,
                291,
                535
            ],
            "text": "3.3",
            "label": "answer",
            "words": [
                {
                    "box": [
                        264,
                        522,
                        291,
                        535
                    ],
                    "text": "3.3"
                }
            ],
            "linking": [
                [
                    11,
                    22
                ],
                [
                    46,
                    22
                ]
            ],
            "id": 22
        },
        {
            "box": [
                266,
                576,
                296,
                589
            ],
            "text": "0.0",
            "label": "answer",
            "words": [
                {
                    "box": [
                        266,
                        576,
                        296,
                        589
                    ],
                    "text": "0.0"
                }
            ],
            "linking": [
                [
                    46,
                    23
                ],
                [
                    15,
                    23
                ]
            ],
            "id": 23
        },
        {
            "box": [
                266,
                590,
                294,
                603
            ],
            "text": "3.3",
            "label": "answer",
            "words": [
                {
                    "box": [
                        266,
                        590,
                        294,
                        603
                    ],
                    "text": "3.3"
                }
            ],
            "linking": [
                [
                    46,
                    24
                ],
                [
                    16,
                    24
                ]
            ],
            "id": 24
        },
        {
            "box": [
                266,
                643,
                294,
                655
            ],
            "text": "0.0",
            "label": "answer",
            "words": [
                {
                    "box": [
                        266,
                        643,
                        294,
                        655
                    ],
                    "text": "0.0"
                }
            ],
            "linking": [
                [
                    46,
                    25
                ],
                [
                    17,
                    25
                ]
            ],
            "id": 25
        },
        {
            "box": [
                264,
                658,
                294,
                668
            ],
            "text": "0.0",
            "label": "answer",
            "words": [
                {
                    "box": [
                        264,
                        658,
                        294,
                        668
                    ],
                    "text": "0.0"
                }
            ],
            "linking": [
                [
                    46,
                    26
                ],
                [
                    18,
                    26
                ]
            ],
            "id": 26
        },
        {
            "box": [
                266,
                671,
                293,
                683
            ],
            "text": "0.0",
            "label": "answer",
            "words": [
                {
                    "box": [
                        266,
                        671,
                        293,
                        683
                    ],
                    "text": "0.0"
                }
            ],
            "linking": [
                [
                    46,
                    27
                ],
                [
                    19,
                    27
                ]
            ],
            "id": 27
        },
        {
            "box": [
                267,
                683,
                294,
                696
            ],
            "text": "9.3",
            "label": "answer",
            "words": [
                {
                    "box": [
                        267,
                        683,
                        294,
                        696
                    ],
                    "text": "9.3"
                }
            ],
            "linking": [
                [
                    46,
                    28
                ],
                [
                    49,
                    28
                ]
            ],
            "id": 28
        },
        {
            "box": [
                445,
                774,
                563,
                791
            ],
            "text": "465607116",
            "label": "other",
            "words": [
                {
                    "box": [
                        445,
                        774,
                        563,
                        791
                    ],
                    "text": "465607116"
                }
            ],
            "linking": [],
            "id": 29
        },
        {
            "box": [
                266,
                723,
                296,
                735
            ],
            "text": "0.0",
            "label": "answer",
            "words": [
                {
                    "box": [
                        266,
                        723,
                        296,
                        735
                    ],
                    "text": "0.0"
                }
            ],
            "linking": [
                [
                    46,
                    30
                ],
                [
                    50,
                    30
                ]
            ],
            "id": 30
        },
        {
            "box": [
                267,
                738,
                295,
                751
            ],
            "text": "5.0",
            "label": "answer",
            "words": [
                {
                    "box": [
                        267,
                        738,
                        295,
                        751
                    ],
                    "text": "5.0"
                }
            ],
            "linking": [
                [
                    46,
                    31
                ],
                [
                    51,
                    31
                ]
            ],
            "id": 31
        },
        {
            "box": [
                613,
                781,
                631,
                821
            ],
            "text": "P",
            "label": "other",
            "words": [
                {
                    "box": [
                        613,
                        781,
                        631,
                        821
                    ],
                    "text": "P"
                }
            ],
            "linking": [],
            "id": 32
        },
        {
            "text": "MR 1909 (3-69) 100",
            "box": [
                8,
                40,
                167,
                55
            ],
            "linking": [],
            "label": "other",
            "words": [
                {
                    "text": "MR",
                    "box": [
                        8,
                        42,
                        31,
                        55
                    ]
                },
                {
                    "text": "1909",
                    "box": [
                        40,
                        40,
                        72,
                        53
                    ]
                },
                {
                    "text": "(3-69)",
                    "box": [
                        81,
                        40,
                        126,
                        55
                    ]
                },
                {
                    "text": "100",
                    "box": [
                        135,
                        40,
                        167,
                        55
                    ]
                }
            ],
            "id": 33
        },
        {
            "text": "BROWN & WILLIAMSON TOBACCO CORPORATION FILTER SCORES",
            "box": [
                164,
                63,
                473,
                106
            ],
            "linking": [],
            "label": "title",
            "words": [
                {
                    "text": "BROWN",
                    "box": [
                        164,
                        65,
                        211,
                        80
                    ]
                },
                {
                    "text": "&",
                    "box": [
                        214,
                        66,
                        226,
                        79
                    ]
                },
                {
                    "text": "WILLIAMSON",
                    "box": [
                        231,
                        65,
                        316,
                        77
                    ]
                },
                {
                    "text": "TOBACCO",
                    "box": [
                        321,
                        63,
                        377,
                        76
                    ]
                },
                {
                    "text": "CORPORATION",
                    "box": [
                        380,
                        65,
                        473,
                        75
                    ]
                },
                {
                    "text": "FILTER",
                    "box": [
                        272,
                        93,
                        323,
                        106
                    ]
                },
                {
                    "text": "SCORES",
                    "box": [
                        327,
                        91,
                        380,
                        103
                    ]
                }
            ],
            "id": 34
        },
        {
            "text": "RALEIGH (BELAIR portion not tested)",
            "box": [
                111,
                171,
                397,
                189
            ],
            "linking": [
                [
                    1,
                    35
                ]
            ],
            "label": "answer",
            "words": [
                {
                    "text": "RALEIGH",
                    "box": [
                        111,
                        174,
                        176,
                        187
                    ]
                },
                {
                    "text": "(BELAIR",
                    "box": [
                        183,
                        174,
                        241,
                        189
                    ]
                },
                {
                    "text": "portion",
                    "box": [
                        246,
                        174,
                        304,
                        186
                    ]
                },
                {
                    "text": "not",
                    "box": [
                        307,
                        174,
                        335,
                        186
                    ]
                },
                {
                    "text": "tested)",
                    "box": [
                        336,
                        171,
                        397,
                        186
                    ]
                }
            ],
            "id": 35
        },
        {
            "text": "Project #",
            "box": [
                442,
                169,
                518,
                184
            ],
            "linking": [
                [
                    36,
                    37
                ]
            ],
            "label": "question",
            "words": [
                {
                    "text": "Project",
                    "box": [
                        442,
                        169,
                        498,
                        184
                    ]
                },
                {
                    "text": "#",
                    "box": [
                        503,
                        169,
                        518,
                        182
                    ]
                }
            ],
            "id": 36
        },
        {
            "text": "1969- 105",
            "box": [
                530,
                169,
                598,
                184
            ],
            "linking": [
                [
                    36,
                    37
                ]
            ],
            "label": "answer",
            "words": [
                {
                    "text": "1969-",
                    "box": [
                        530,
                        169,
                        572,
                        184
                    ]
                },
                {
                    "text": "105",
                    "box": [
                        573,
                        171,
                        598,
                        184
                    ]
                }
            ],
            "id": 37
        },
        {
            "text": "LAKE- NEW PACK: 40 (with BELAIR Badmin- ton: 20)",
            "box": [
                115,
                198,
                435,
                224
            ],
            "linking": [
                [
                    2,
                    38
                ]
            ],
            "label": "answer",
            "words": [
                {
                    "text": "LAKE-",
                    "box": [
                        115,
                        201,
                        168,
                        216
                    ]
                },
                {
                    "text": "NEW",
                    "box": [
                        171,
                        201,
                        199,
                        214
                    ]
                },
                {
                    "text": "PACK:",
                    "box": [
                        206,
                        201,
                        251,
                        214
                    ]
                },
                {
                    "text": "40",
                    "box": [
                        254,
                        199,
                        272,
                        212
                    ]
                },
                {
                    "text": "(with",
                    "box": [
                        279,
                        199,
                        321,
                        214
                    ]
                },
                {
                    "text": "BELAIR",
                    "box": [
                        326,
                        201,
                        377,
                        211
                    ]
                },
                {
                    "text": "Badmin-",
                    "box": [
                        380,
                        198,
                        433,
                        211
                    ]
                },
                {
                    "text": "ton:",
                    "box": [
                        372,
                        211,
                        414,
                        223
                    ]
                },
                {
                    "text": "20)",
                    "box": [
                        412,
                        211,
                        435,
                        224
                    ]
                }
            ],
            "id": 38
        },
        {
            "text": "PM6 Base:",
            "box": [
                440,
                214,
                518,
                226
            ],
            "linking": [
                [
                    39,
                    9
                ]
            ],
            "label": "question",
            "words": [
                {
                    "text": "PM6",
                    "box": [
                        440,
                        214,
                        468,
                        226
                    ]
                },
                {
                    "text": "Base:",
                    "box": [
                        475,
                        214,
                        518,
                        224
                    ]
                }
            ],
            "id": 39
        },
        {
            "text": "Code #:",
            "box": [
                20,
                226,
                79,
                241
            ],
            "linking": [
                [
                    40,
                    41
                ]
            ],
            "label": "question",
            "words": [
                {
                    "text": "Code",
                    "box": [
                        20,
                        226,
                        58,
                        241
                    ]
                },
                {
                    "text": "#:",
                    "box": [
                        61,
                        226,
                        79,
                        241
                    ]
                }
            ],
            "id": 40
        },
        {
            "text": "BW- RT- 69-",
            "box": [
                113,
                228,
                189,
                241
            ],
            "linking": [
                [
                    40,
                    41
                ]
            ],
            "label": "answer",
            "words": [
                {
                    "text": "BW-",
                    "box": [
                        113,
                        229,
                        140,
                        241
                    ]
                },
                {
                    "text": "RT-",
                    "box": [
                        141,
                        228,
                        163,
                        241
                    ]
                },
                {
                    "text": "69-",
                    "box": [
                        166,
                        228,
                        189,
                        240
                    ]
                }
            ],
            "id": 41
        },
        {
            "text": "AUDIENCE STUDIES",
            "box": [
                113,
                254,
                252,
                269
            ],
            "linking": [
                [
                    3,
                    42
                ]
            ],
            "label": "answer",
            "words": [
                {
                    "text": "AUDIENCE",
                    "box": [
                        113,
                        256,
                        183,
                        269
                    ]
                },
                {
                    "text": "STUDIES",
                    "box": [
                        189,
                        254,
                        252,
                        267
                    ]
                }
            ],
            "id": 42
        },
        {
            "text": "TEST DATES",
            "box": [
                281,
                294,
                367,
                308
            ],
            "linking": [
                [
                    43,
                    45
                ],
                [
                    43,
                    6
                ]
            ],
            "label": "question",
            "words": [
                {
                    "text": "TEST",
                    "box": [
                        281,
                        296,
                        318,
                        308
                    ]
                },
                {
                    "text": "DATES",
                    "box": [
                        322,
                        294,
                        367,
                        307
                    ]
                }
            ],
            "id": 43
        },
        {
            "text": "L. Angeles",
            "box": [
                23,
                339,
                116,
                352
            ],
            "linking": [
                [
                    44,
                    45
                ]
            ],
            "label": "question",
            "words": [
                {
                    "text": "L.",
                    "box": [
                        23,
                        339,
                        40,
                        352
                    ]
                },
                {
                    "text": "Angeles",
                    "box": [
                        48,
                        339,
                        116,
                        352
                    ]
                }
            ],
            "id": 44
        },
        {
            "text": "8/5 and 6",
            "box": [
                287,
                331,
                360,
                349
            ],
            "linking": [
                [
                    44,
                    45
                ],
                [
                    43,
                    45
                ]
            ],
            "label": "answer",
            "words": [
                {
                    "text": "8/5",
                    "box": [
                        287,
                        331,
                        314,
                        349
                    ]
                },
                {
                    "text": "and",
                    "box": [
                        319,
                        332,
                        347,
                        344
                    ]
                },
                {
                    "text": "6",
                    "box": [
                        352,
                        332,
                        360,
                        345
                    ]
                }
            ],
            "id": 45
        },
        {
            "text": "PM6 SCORES",
            "box": [
                252,
                414,
                303,
                443
            ],
            "linking": [
                [
                    46,
                    21
                ],
                [
                    46,
                    22
                ],
                [
                    46,
                    23
                ],
                [
                    46,
                    24
                ],
                [
                    46,
                    25
                ],
                [
                    46,
                    26
                ],
                [
                    46,
                    27
                ],
                [
                    46,
                    28
                ],
                [
                    46,
                    30
                ],
                [
                    46,
                    31
                ]
            ],
            "label": "question",
            "words": [
                {
                    "text": "PM6",
                    "box": [
                        262,
                        414,
                        290,
                        427
                    ]
                },
                {
                    "text": "SCORES",
                    "box": [
                        252,
                        430,
                        303,
                        443
                    ]
                }
            ],
            "id": 46
        },
        {
            "text": "This commercial was tested in color.",
            "box": [
                449,
                467,
                605,
                491
            ],
            "linking": [
                [
                    0,
                    47
                ]
            ],
            "label": "answer",
            "words": [
                {
                    "text": "This",
                    "box": [
                        449,
                        467,
                        482,
                        480
                    ]
                },
                {
                    "text": "commercial",
                    "box": [
                        488,
                        467,
                        573,
                        477
                    ]
                },
                {
                    "text": "was",
                    "box": [
                        573,
                        467,
                        605,
                        479
                    ]
                },
                {
                    "text": "tested",
                    "box": [
                        449,
                        478,
                        500,
                        491
                    ]
                },
                {
                    "text": "in",
                    "box": [
                        503,
                        478,
                        525,
                        491
                    ]
                },
                {
                    "text": "color.",
                    "box": [
                        528,
                        478,
                        576,
                        491
                    ]
                }
            ],
            "id": 47
        },
        {
            "text": "Los ",
            "box": [
                106,
                512,
                206,
                522
            ],
            "linking": [
                [
                    11,
                    48
                ]
            ],
            "label": "answer",
            "words": [
                {
                    "text": "Los",
                    "box": [
                        106,
                        512,
                        136,
                        522
                    ]
                },
                {
                    "text": "",
                    "box": [
                        143,
                        513,
                        206,
                        521
                    ]
                }
            ],
            "id": 48
        },
        {
            "text": "46 & Over",
            "box": [
                111,
                684,
                191,
                699
            ],
            "linking": [
                [
                    14,
                    49
                ],
                [
                    49,
                    28
                ]
            ],
            "label": "question",
            "words": [
                {
                    "text": "46",
                    "box": [
                        111,
                        684,
                        133,
                        696
                    ]
                },
                {
                    "text": "&",
                    "box": [
                        135,
                        684,
                        148,
                        699
                    ]
                },
                {
                    "text": "Over",
                    "box": [
                        153,
                        686,
                        191,
                        699
                    ]
                }
            ],
            "id": 49
        },
        {
            "text": "35 & Under",
            "box": [
                115,
                723,
                200,
                737
            ],
            "linking": [
                [
                    50,
                    30
                ]
            ],
            "label": "question",
            "words": [
                {
                    "text": "35",
                    "box": [
                        115,
                        723,
                        133,
                        736
                    ]
                },
                {
                    "text": "&",
                    "box": [
                        136,
                        724,
                        146,
                        737
                    ]
                },
                {
                    "text": "Under",
                    "box": [
                        153,
                        723,
                        200,
                        736
                    ]
                }
            ],
            "id": 50
        },
        {
            "text": "36 & Over",
            "box": [
                113,
                738,
                190,
                753
            ],
            "linking": [
                [
                    51,
                    31
                ]
            ],
            "label": "question",
            "words": [
                {
                    "text": "36",
                    "box": [
                        113,
                        738,
                        130,
                        753
                    ]
                },
                {
                    "text": "&",
                    "box": [
                        136,
                        741,
                        148,
                        749
                    ]
                },
                {
                    "text": "Over",
                    "box": [
                        153,
                        739,
                        190,
                        752
                    ]
                }
            ],
            "id": 51
        }
    ]
}