{
    "form": [
        {
            "box": [
                45,
                209,
                91,
                224
            ],
            "text": "Title",
            "label": "question",
            "words": [
                {
                    "box": [
                        45,
                        209,
                        91,
                        224
                    ],
                    "text": "Title"
                }
            ],
            "linking": [
                [
                    0,
                    52
                ]
            ],
            "id": 0
        },
        {
            "box": [
                46,
                501,
                117,
                516
            ],
            "text": "OVERALL:",
            "label": "question",
            "words": [
                {
                    "box": [
                        46,
                        501,
                        117,
                        516
                    ],
                    "text": "OVERALL:"
                }
            ],
            "linking": [
                [
                    1,
                    36
                ],
                [
                    1,
                    37
                ],
                [
                    1,
                    38
                ],
                [
                    1,
                    39
                ]
            ],
            "id": 1
        },
        {
            "box": [
                45,
                557,
                81,
                572
            ],
            "text": "SEX:",
            "label": "title",
            "words": [
                {
                    "box": [
                        45,
                        557,
                        81,
                        572
                    ],
                    "text": "SEX:"
                }
            ],
            "linking": [
                [
                    2,
                    5
                ],
                [
                    2,
                    7
                ]
            ],
            "id": 2
        },
        {
            "box": [
                45,
                644,
                84,
                658
            ],
            "text": "AGE:",
            "label": "title",
            "words": [
                {
                    "box": [
                        45,
                        644,
                        84,
                        658
                    ],
                    "text": "AGE:"
                }
            ],
            "linking": [
                [
                    3,
                    63
                ],
                [
                    3,
                    64
                ],
                [
                    3,
                    65
                ],
                [
                    3,
                    66
                ]
            ],
            "id": 3
        },
        {
            "box": [
                45,
                814,
                161,
                828
            ],
            "text": "BRAND SMOKER",
            "label": "title",
            "words": [
                {
                    "box": [
                        45,
                        814,
                        161,
                        828
                    ],
                    "text": "BRAND SMOKER"
                }
            ],
            "linking": [
                [
                    4,
                    68
                ],
                [
                    4,
                    69
                ]
            ],
            "id": 4
        },
        {
            "box": [
                46,
                574,
                87,
                585
            ],
            "text": "Male",
            "label": "question",
            "words": [
                {
                    "box": [
                        46,
                        574,
                        87,
                        585
                    ],
                    "text": "Male"
                }
            ],
            "linking": [
                [
                    2,
                    5
                ],
                [
                    5,
                    28
                ],
                [
                    5,
                    30
                ],
                [
                    5,
                    32
                ],
                [
                    5,
                    34
                ]
            ],
            "id": 5
        },
        {
            "box": [
                487,
                883,
                603,
                908
            ],
            "text": "465508326",
            "label": "other",
            "words": [
                {
                    "box": [
                        487,
                        883,
                        603,
                        908
                    ],
                    "text": "465508326"
                }
            ],
            "linking": [],
            "id": 6
        },
        {
            "box": [
                46,
                587,
                99,
                600
            ],
            "text": "Female",
            "label": "question",
            "words": [
                {
                    "box": [
                        46,
                        587,
                        99,
                        600
                    ],
                    "text": "Female"
                }
            ],
            "linking": [
                [
                    2,
                    7
                ],
                [
                    7,
                    29
                ],
                [
                    7,
                    31
                ],
                [
                    7,
                    33
                ],
                [
                    7,
                    35
                ]
            ],
            "id": 7
        },
        {
            "box": [
                366,
                823,
                381,
                838
            ],
            "text": "6",
            "label": "answer",
            "words": [
                {
                    "box": [
                        366,
                        823,
                        381,
                        838
                    ],
                    "text": "6"
                }
            ],
            "linking": [
                [
                    68,
                    8
                ],
                [
                    46,
                    8
                ]
            ],
            "id": 8
        },
        {
            "box": [
                370,
                837,
                378,
                854
            ],
            "text": "7",
            "label": "answer",
            "words": [
                {
                    "box": [
                        370,
                        837,
                        378,
                        854
                    ],
                    "text": "7"
                }
            ],
            "linking": [
                [
                    69,
                    9
                ],
                [
                    46,
                    9
                ]
            ],
            "id": 9
        },
        {
            "box": [
                411,
                823,
                454,
                840
            ],
            "text": "(17)",
            "label": "answer",
            "words": [
                {
                    "box": [
                        411,
                        823,
                        454,
                        840
                    ],
                    "text": "(17)"
                }
            ],
            "linking": [
                [
                    68,
                    10
                ],
                [
                    47,
                    10
                ]
            ],
            "id": 10
        },
        {
            "box": [
                412,
                839,
                457,
                853
            ],
            "text": "(205)",
            "label": "answer",
            "words": [
                {
                    "box": [
                        412,
                        839,
                        457,
                        853
                    ],
                    "text": "(205)"
                }
            ],
            "linking": [
                [
                    69,
                    11
                ],
                [
                    47,
                    11
                ]
            ],
            "id": 11
        },
        {
            "box": [
                208,
                742,
                236,
                755
            ],
            "text": "3.1",
            "label": "answer",
            "words": [
                {
                    "box": [
                        208,
                        742,
                        236,
                        755
                    ],
                    "text": "3.1"
                }
            ],
            "linking": [
                [
                    67,
                    12
                ],
                [
                    44,
                    12
                ]
            ],
            "id": 12
        },
        {
            "box": [
                211,
                754,
                236,
                769
            ],
            "text": "4.2",
            "label": "answer",
            "words": [
                {
                    "box": [
                        211,
                        754,
                        236,
                        769
                    ],
                    "text": "4.2"
                }
            ],
            "linking": [
                [
                    67,
                    13
                ],
                [
                    44,
                    13
                ]
            ],
            "id": 13
        },
        {
            "box": [
                263,
                740,
                302,
                755
            ],
            "text": "(129)",
            "label": "answer",
            "words": [
                {
                    "box": [
                        263,
                        740,
                        302,
                        755
                    ],
                    "text": "(129)"
                }
            ],
            "linking": [
                [
                    67,
                    14
                ],
                [
                    45,
                    14
                ]
            ],
            "id": 14
        },
        {
            "box": [
                261,
                753,
                300,
                770
            ],
            "text": "(95)",
            "label": "answer",
            "words": [
                {
                    "box": [
                        261,
                        753,
                        300,
                        770
                    ],
                    "text": "(95)"
                }
            ],
            "linking": [
                [
                    67,
                    15
                ],
                [
                    45,
                    15
                ]
            ],
            "id": 15
        },
        {
            "box": [
                366,
                739,
                379,
                753
            ],
            "text": "5",
            "label": "answer",
            "words": [
                {
                    "box": [
                        366,
                        739,
                        379,
                        753
                    ],
                    "text": "5"
                }
            ],
            "linking": [
                [
                    46,
                    16
                ],
                [
                    67,
                    16
                ]
            ],
            "id": 16
        },
        {
            "box": [
                367,
                753,
                381,
                767
            ],
            "text": "9",
            "label": "answer",
            "words": [
                {
                    "box": [
                        367,
                        753,
                        381,
                        767
                    ],
                    "text": "9"
                }
            ],
            "linking": [
                [
                    46,
                    17
                ],
                [
                    67,
                    17
                ]
            ],
            "id": 17
        },
        {
            "box": [
                412,
                737,
                451,
                754
            ],
            "text": "(117)",
            "label": "answer",
            "words": [
                {
                    "box": [
                        412,
                        737,
                        451,
                        754
                    ],
                    "text": "(117)"
                }
            ],
            "linking": [
                [
                    47,
                    18
                ],
                [
                    67,
                    18
                ]
            ],
            "id": 18
        },
        {
            "box": [
                415,
                753,
                453,
                770
            ],
            "text": "(105)",
            "label": "answer",
            "words": [
                {
                    "box": [
                        415,
                        753,
                        453,
                        770
                    ],
                    "text": "(105)"
                }
            ],
            "linking": [
                [
                    47,
                    19
                ],
                [
                    67,
                    19
                ]
            ],
            "id": 19
        },
        {
            "box": [
                261,
                655,
                302,
                669
            ],
            "text": "(63)",
            "label": "answer",
            "words": [
                {
                    "box": [
                        261,
                        655,
                        302,
                        669
                    ],
                    "text": "(63)"
                }
            ],
            "linking": [
                [
                    63,
                    20
                ],
                [
                    45,
                    20
                ]
            ],
            "id": 20
        },
        {
            "box": [
                263,
                669,
                302,
                683
            ],
            "text": "(66)",
            "label": "answer",
            "words": [
                {
                    "box": [
                        263,
                        669,
                        302,
                        683
                    ],
                    "text": "(66)"
                }
            ],
            "linking": [
                [
                    64,
                    21
                ],
                [
                    45,
                    21
                ]
            ],
            "id": 21
        },
        {
            "box": [
                263,
                684,
                302,
                697
            ],
            "text": "(46)",
            "label": "answer",
            "words": [
                {
                    "box": [
                        263,
                        684,
                        302,
                        697
                    ],
                    "text": "(46)"
                }
            ],
            "linking": [
                [
                    65,
                    22
                ],
                [
                    45,
                    22
                ]
            ],
            "id": 22
        },
        {
            "box": [
                263,
                697,
                301,
                712
            ],
            "text": "(49)",
            "label": "answer",
            "words": [
                {
                    "box": [
                        263,
                        697,
                        301,
                        712
                    ],
                    "text": "(49)"
                }
            ],
            "linking": [
                [
                    66,
                    23
                ],
                [
                    45,
                    23
                ]
            ],
            "id": 23
        },
        {
            "box": [
                208,
                655,
                235,
                670
            ],
            "text": "3.2",
            "label": "answer",
            "words": [
                {
                    "box": [
                        208,
                        655,
                        235,
                        670
                    ],
                    "text": "3.2"
                }
            ],
            "linking": [
                [
                    63,
                    24
                ],
                [
                    44,
                    24
                ]
            ],
            "id": 24
        },
        {
            "box": [
                208,
                670,
                237,
                683
            ],
            "text": "3.0",
            "label": "answer",
            "words": [
                {
                    "box": [
                        208,
                        670,
                        237,
                        683
                    ],
                    "text": "3.0"
                }
            ],
            "linking": [
                [
                    64,
                    25
                ],
                [
                    44,
                    25
                ]
            ],
            "id": 25
        },
        {
            "box": [
                209,
                683,
                237,
                697
            ],
            "text": "4.4",
            "label": "answer",
            "words": [
                {
                    "box": [
                        209,
                        683,
                        237,
                        697
                    ],
                    "text": "4.4"
                }
            ],
            "linking": [
                [
                    65,
                    26
                ],
                [
                    44,
                    26
                ]
            ],
            "id": 26
        },
        {
            "box": [
                209,
                698,
                236,
                713
            ],
            "text": "4.0",
            "label": "answer",
            "words": [
                {
                    "box": [
                        209,
                        698,
                        236,
                        713
                    ],
                    "text": "4.0"
                }
            ],
            "linking": [
                [
                    66,
                    27
                ],
                [
                    44,
                    27
                ]
            ],
            "id": 27
        },
        {
            "box": [
                209,
                568,
                234,
                585
            ],
            "text": "1.9",
            "label": "answer",
            "words": [
                {
                    "box": [
                        209,
                        568,
                        234,
                        585
                    ],
                    "text": "1.9"
                }
            ],
            "linking": [
                [
                    5,
                    28
                ],
                [
                    44,
                    28
                ]
            ],
            "id": 28
        },
        {
            "box": [
                208,
                585,
                237,
                598
            ],
            "text": "5.0",
            "label": "answer",
            "words": [
                {
                    "box": [
                        208,
                        585,
                        237,
                        598
                    ],
                    "text": "5.0"
                }
            ],
            "linking": [
                [
                    7,
                    29
                ],
                [
                    44,
                    29
                ]
            ],
            "id": 29
        },
        {
            "box": [
                261,
                568,
                300,
                585
            ],
            "text": "(104)",
            "label": "answer",
            "words": [
                {
                    "box": [
                        261,
                        568,
                        300,
                        585
                    ],
                    "text": "(104)"
                }
            ],
            "linking": [
                [
                    5,
                    30
                ],
                [
                    45,
                    30
                ]
            ],
            "id": 30
        },
        {
            "box": [
                263,
                585,
                301,
                599
            ],
            "text": "(120)",
            "label": "answer",
            "words": [
                {
                    "box": [
                        263,
                        585,
                        301,
                        599
                    ],
                    "text": "(120)"
                }
            ],
            "linking": [
                [
                    7,
                    31
                ],
                [
                    45,
                    31
                ]
            ],
            "id": 31
        },
        {
            "box": [
                365,
                567,
                379,
                582
            ],
            "text": "7",
            "label": "answer",
            "words": [
                {
                    "box": [
                        365,
                        567,
                        379,
                        582
                    ],
                    "text": "7"
                }
            ],
            "linking": [
                [
                    5,
                    32
                ],
                [
                    46,
                    32
                ]
            ],
            "id": 32
        },
        {
            "box": [
                367,
                584,
                381,
                597
            ],
            "text": "7",
            "label": "answer",
            "words": [
                {
                    "box": [
                        367,
                        584,
                        381,
                        597
                    ],
                    "text": "7"
                }
            ],
            "linking": [
                [
                    7,
                    33
                ],
                [
                    46,
                    33
                ]
            ],
            "id": 33
        },
        {
            "box": [
                415,
                568,
                451,
                582
            ],
            "text": "(101)",
            "label": "answer",
            "words": [
                {
                    "box": [
                        415,
                        568,
                        451,
                        582
                    ],
                    "text": "(101)"
                }
            ],
            "linking": [
                [
                    5,
                    34
                ],
                [
                    47,
                    34
                ]
            ],
            "id": 34
        },
        {
            "box": [
                413,
                582,
                449,
                597
            ],
            "text": "(121)",
            "label": "answer",
            "words": [
                {
                    "box": [
                        413,
                        582,
                        449,
                        597
                    ],
                    "text": "(121)"
                }
            ],
            "linking": [
                [
                    7,
                    35
                ],
                [
                    47,
                    35
                ]
            ],
            "id": 35
        },
        {
            "box": [
                208,
                496,
                242,
                516
            ],
            "text": "3.4%",
            "label": "answer",
            "words": [
                {
                    "box": [
                        208,
                        496,
                        242,
                        516
                    ],
                    "text": "3.4%"
                }
            ],
            "linking": [
                [
                    1,
                    36
                ],
                [
                    44,
                    36
                ]
            ],
            "id": 36
        },
        {
            "box": [
                261,
                500,
                300,
                514
            ],
            "text": "(224)",
            "label": "answer",
            "words": [
                {
                    "box": [
                        261,
                        500,
                        300,
                        514
                    ],
                    "text": "(224)"
                }
            ],
            "linking": [
                [
                    1,
                    37
                ],
                [
                    45,
                    37
                ]
            ],
            "id": 37
        },
        {
            "box": [
                369,
                497,
                386,
                512
            ],
            "text": "7%",
            "label": "answer",
            "words": [
                {
                    "box": [
                        369,
                        497,
                        386,
                        512
                    ],
                    "text": "7%"
                }
            ],
            "linking": [
                [
                    1,
                    38
                ],
                [
                    46,
                    38
                ]
            ],
            "id": 38
        },
        {
            "box": [
                412,
                496,
                448,
                513
            ],
            "text": "(222)",
            "label": "answer",
            "words": [
                {
                    "box": [
                        412,
                        496,
                        448,
                        513
                    ],
                    "text": "(222)"
                }
            ],
            "linking": [
                [
                    1,
                    39
                ],
                [
                    47,
                    39
                ]
            ],
            "id": 39
        },
        {
            "box": [
                144,
                180,
                203,
                193
            ],
            "text": "BELAIR",
            "label": "answer",
            "words": [
                {
                    "box": [
                        144,
                        180,
                        203,
                        193
                    ],
                    "text": "BELAIR"
                }
            ],
            "linking": [
                [
                    50,
                    40
                ]
            ],
            "id": 40
        },
        {
            "box": [
                609,
                203,
                638,
                220
            ],
            "text": "285",
            "label": "answer",
            "words": [
                {
                    "box": [
                        609,
                        203,
                        638,
                        220
                    ],
                    "text": "285"
                }
            ],
            "linking": [
                [
                    54,
                    41
                ]
            ],
            "id": 41
        },
        {
            "box": [
                209,
                457,
                226,
                472
            ],
            "text": "%",
            "label": "other",
            "words": [
                {
                    "box": [
                        209,
                        457,
                        226,
                        472
                    ],
                    "text": "%"
                }
            ],
            "linking": [],
            "id": 42
        },
        {
            "box": [
                365,
                457,
                380,
                471
            ],
            "text": "%",
            "label": "other",
            "words": [
                {
                    "box": [
                        365,
                        457,
                        380,
                        471
                    ],
                    "text": "%"
                }
            ],
            "linking": [],
            "id": 43
        },
        {
            "box": [
                196,
                443,
                241,
                458
            ],
            "text": "SCORE",
            "label": "question",
            "words": [
                {
                    "box": [
                        196,
                        443,
                        241,
                        458
                    ],
                    "text": "SCORE"
                }
            ],
            "linking": [
                [
                    48,
                    44
                ],
                [
                    44,
                    36
                ],
                [
                    44,
                    28
                ],
                [
                    44,
                    29
                ],
                [
                    44,
                    24
                ],
                [
                    44,
                    25
                ],
                [
                    44,
                    26
                ],
                [
                    44,
                    27
                ],
                [
                    44,
                    12
                ],
                [
                    44,
                    13
                ]
            ],
            "id": 44
        },
        {
            "box": [
                263,
                443,
                302,
                458
            ],
            "text": "BASE",
            "label": "question",
            "words": [
                {
                    "box": [
                        263,
                        443,
                        302,
                        458
                    ],
                    "text": "BASE"
                }
            ],
            "linking": [
                [
                    48,
                    45
                ],
                [
                    45,
                    37
                ],
                [
                    45,
                    30
                ],
                [
                    45,
                    31
                ],
                [
                    45,
                    20
                ],
                [
                    45,
                    21
                ],
                [
                    45,
                    22
                ],
                [
                    45,
                    23
                ],
                [
                    45,
                    14
                ],
                [
                    45,
                    15
                ]
            ],
            "id": 45
        },
        {
            "box": [
                349,
                443,
                394,
                457
            ],
            "text": "SCORE",
            "label": "question",
            "words": [
                {
                    "box": [
                        349,
                        443,
                        394,
                        457
                    ],
                    "text": "SCORE"
                }
            ],
            "linking": [
                [
                    61,
                    46
                ],
                [
                    46,
                    38
                ],
                [
                    46,
                    32
                ],
                [
                    46,
                    33
                ],
                [
                    46,
                    16
                ],
                [
                    46,
                    17
                ],
                [
                    46,
                    8
                ],
                [
                    46,
                    9
                ]
            ],
            "id": 46
        },
        {
            "box": [
                416,
                443,
                452,
                457
            ],
            "text": "BASE",
            "label": "question",
            "words": [
                {
                    "box": [
                        416,
                        443,
                        452,
                        457
                    ],
                    "text": "BASE"
                }
            ],
            "linking": [
                [
                    61,
                    47
                ],
                [
                    47,
                    39
                ],
                [
                    47,
                    34
                ],
                [
                    47,
                    35
                ],
                [
                    47,
                    18
                ],
                [
                    47,
                    19
                ],
                [
                    47,
                    10
                ],
                [
                    47,
                    11
                ]
            ],
            "id": 47
        },
        {
            "box": [
                237,
                427,
                268,
                441
            ],
            "text": "PM6",
            "label": "title",
            "words": [
                {
                    "box": [
                        237,
                        427,
                        268,
                        441
                    ],
                    "text": "PM6"
                }
            ],
            "linking": [
                [
                    48,
                    44
                ],
                [
                    48,
                    45
                ]
            ],
            "id": 48
        },
        {
            "box": [
                553,
                426,
                624,
                441
            ],
            "text": "COMMENTS",
            "label": "title",
            "words": [
                {
                    "box": [
                        553,
                        426,
                        624,
                        441
                    ],
                    "text": "COMMENTS"
                }
            ],
            "linking": [],
            "id": 49
        },
        {
            "box": [
                45,
                182,
                92,
                197
            ],
            "text": "Brand",
            "label": "question",
            "words": [
                {
                    "box": [
                        45,
                        182,
                        92,
                        197
                    ],
                    "text": "Brand"
                }
            ],
            "linking": [
                [
                    50,
                    40
                ]
            ],
            "id": 50
        },
        {
            "text": "NEWSPAPER SCORES AUDIENCE STUDIES",
            "box": [
                281,
                84,
                419,
                127
            ],
            "linking": [],
            "label": "title",
            "words": [
                {
                    "text": "NEWSPAPER SCORES",
                    "box": [
                        281,
                        84,
                        419,
                        101
                    ]
                },
                {
                    "text": "AUDIENCE STUDIES",
                    "box": [
                        281,
                        113,
                        419,
                        127
                    ]
                }
            ],
            "id": 51
        },
        {
            "text": "\" KALEIDOSCOPE - - GONE WITH THE WIND \" *",
            "box": [
                145,
                205,
                443,
                222
            ],
            "linking": [
                [
                    0,
                    52
                ]
            ],
            "label": "answer",
            "words": [
                {
                    "text": "\"",
                    "box": [
                        145,
                        208,
                        156,
                        219
                    ]
                },
                {
                    "text": "KALEIDOSCOPE",
                    "box": [
                        155,
                        207,
                        257,
                        222
                    ]
                },
                {
                    "text": "-",
                    "box": [
                        257,
                        209,
                        265,
                        220
                    ]
                },
                {
                    "text": "-",
                    "box": [
                        265,
                        208,
                        273,
                        221
                    ]
                },
                {
                    "text": "GONE",
                    "box": [
                        274,
                        205,
                        312,
                        220
                    ]
                },
                {
                    "text": "WITH",
                    "box": [
                        314,
                        205,
                        352,
                        219
                    ]
                },
                {
                    "text": "THE",
                    "box": [
                        358,
                        207,
                        386,
                        220
                    ]
                },
                {
                    "text": "WIND",
                    "box": [
                        391,
                        205,
                        425,
                        219
                    ]
                },
                {
                    "text": "\"",
                    "box": [
                        426,
                        205,
                        433,
                        216
                    ]
                },
                {
                    "text": "*",
                    "box": [
                        433,
                        207,
                        443,
                        220
                    ]
                }
            ],
            "id": 52
        },
        {
            "text": "Project #",
            "box": [
                483,
                176,
                564,
                191
            ],
            "linking": [
                [
                    53,
                    55
                ]
            ],
            "label": "question",
            "words": [
                {
                    "text": "Project",
                    "box": [
                        483,
                        176,
                        544,
                        191
                    ]
                },
                {
                    "text": "#",
                    "box": [
                        550,
                        177,
                        564,
                        191
                    ]
                }
            ],
            "id": 53
        },
        {
            "text": "Total Sample",
            "box": [
                483,
                205,
                586,
                220
            ],
            "linking": [
                [
                    54,
                    41
                ]
            ],
            "label": "question",
            "words": [
                {
                    "text": "Total",
                    "box": [
                        483,
                        205,
                        529,
                        219
                    ]
                },
                {
                    "text": "Sample",
                    "box": [
                        536,
                        207,
                        586,
                        220
                    ]
                }
            ],
            "id": 54
        },
        {
            "text": "72- 31",
            "box": [
                609,
                173,
                655,
                189
            ],
            "linking": [
                [
                    53,
                    55
                ]
            ],
            "label": "answer",
            "words": [
                {
                    "text": "72-",
                    "box": [
                        609,
                        173,
                        636,
                        188
                    ]
                },
                {
                    "text": "31",
                    "box": [
                        635,
                        175,
                        655,
                        189
                    ]
                }
            ],
            "id": 55
        },
        {
            "text": "Code #",
            "box": [
                43,
                239,
                100,
                253
            ],
            "linking": [
                [
                    56,
                    59
                ]
            ],
            "label": "question",
            "words": [
                {
                    "text": "Code",
                    "box": [
                        43,
                        239,
                        84,
                        253
                    ]
                },
                {
                    "text": "#",
                    "box": [
                        89,
                        239,
                        100,
                        253
                    ]
                }
            ],
            "id": 56
        },
        {
            "text": "Type of Ad",
            "box": [
                47,
                264,
                136,
                284
            ],
            "linking": [
                [
                    57,
                    60
                ]
            ],
            "label": "question",
            "words": [
                {
                    "text": "Type",
                    "box": [
                        47,
                        264,
                        81,
                        284
                    ]
                },
                {
                    "text": "of",
                    "box": [
                        91,
                        267,
                        109,
                        281
                    ]
                },
                {
                    "text": "Ad",
                    "box": [
                        115,
                        267,
                        136,
                        281
                    ]
                }
            ],
            "id": 57
        },
        {
            "text": "Newspaper (Date)",
            "box": [
                47,
                292,
                184,
                312
            ],
            "linking": [
                [
                    58,
                    70
                ],
                [
                    58,
                    71
                ],
                [
                    58,
                    72
                ],
                [
                    58,
                    73
                ]
            ],
            "label": "question",
            "words": [
                {
                    "text": "Newspaper",
                    "box": [
                        47,
                        292,
                        125,
                        310
                    ]
                },
                {
                    "text": "(Date)",
                    "box": [
                        137,
                        292,
                        184,
                        312
                    ]
                }
            ],
            "id": 58
        },
        {
            "text": "R/ BSS- 71- 19",
            "box": [
                147,
                235,
                243,
                251
            ],
            "linking": [
                [
                    56,
                    59
                ]
            ],
            "label": "answer",
            "words": [
                {
                    "text": "R/",
                    "box": [
                        147,
                        236,
                        164,
                        251
                    ]
                },
                {
                    "text": "BSS-",
                    "box": [
                        166,
                        236,
                        197,
                        250
                    ]
                },
                {
                    "text": "71-",
                    "box": [
                        198,
                        236,
                        222,
                        250
                    ]
                },
                {
                    "text": "19",
                    "box": [
                        223,
                        235,
                        243,
                        250
                    ]
                }
            ],
            "id": 59
        },
        {
            "text": "PARADE, 1 Page, 4- Color",
            "box": [
                149,
                263,
                343,
                278
            ],
            "linking": [
                [
                    57,
                    60
                ]
            ],
            "label": "answer",
            "words": [
                {
                    "text": "PARADE,",
                    "box": [
                        149,
                        264,
                        205,
                        278
                    ]
                },
                {
                    "text": "1",
                    "box": [
                        214,
                        263,
                        227,
                        278
                    ]
                },
                {
                    "text": "Page,",
                    "box": [
                        232,
                        264,
                        274,
                        278
                    ]
                },
                {
                    "text": "4-",
                    "box": [
                        282,
                        263,
                        301,
                        276
                    ]
                },
                {
                    "text": "Color",
                    "box": [
                        300,
                        263,
                        343,
                        278
                    ]
                }
            ],
            "id": 60
        },
        {
            "text": "PROVED RECALL",
            "box": [
                341,
                426,
                455,
                443
            ],
            "linking": [
                [
                    61,
                    46
                ],
                [
                    61,
                    47
                ]
            ],
            "label": "title",
            "words": [
                {
                    "text": "PROVED",
                    "box": [
                        341,
                        426,
                        394,
                        443
                    ]
                },
                {
                    "text": "RECALL",
                    "box": [
                        401,
                        426,
                        455,
                        443
                    ]
                }
            ],
            "id": 61
        },
        {
            "text": "*This was a combination ad with RALEIGH.",
            "box": [
                480,
                499,
                678,
                529
            ],
            "linking": [],
            "label": "other",
            "words": [
                {
                    "text": "*This",
                    "box": [
                        480,
                        499,
                        526,
                        514
                    ]
                },
                {
                    "text": "was",
                    "box": [
                        534,
                        501,
                        562,
                        515
                    ]
                },
                {
                    "text": "a",
                    "box": [
                        567,
                        503,
                        577,
                        513
                    ]
                },
                {
                    "text": "combination",
                    "box": [
                        584,
                        501,
                        678,
                        514
                    ]
                },
                {
                    "text": "ad",
                    "box": [
                        490,
                        514,
                        510,
                        529
                    ]
                },
                {
                    "text": "with",
                    "box": [
                        511,
                        515,
                        549,
                        529
                    ]
                },
                {
                    "text": "RALEIGH.",
                    "box": [
                        557,
                        513,
                        625,
                        526
                    ]
                }
            ],
            "id": 62
        },
        {
            "text": "Under 25",
            "box": [
                43,
                655,
                119,
                672
            ],
            "linking": [
                [
                    3,
                    63
                ],
                [
                    63,
                    24
                ],
                [
                    63,
                    20
                ]
            ],
            "label": "question",
            "words": [
                {
                    "text": "Under",
                    "box": [
                        43,
                        658,
                        92,
                        672
                    ]
                },
                {
                    "text": "25",
                    "box": [
                        99,
                        655,
                        119,
                        669
                    ]
                }
            ],
            "id": 63
        },
        {
            "text": "25- 34",
            "box": [
                46,
                670,
                91,
                685
            ],
            "linking": [
                [
                    3,
                    64
                ],
                [
                    64,
                    25
                ],
                [
                    64,
                    21
                ]
            ],
            "label": "question",
            "words": [
                {
                    "text": "25-",
                    "box": [
                        46,
                        670,
                        74,
                        684
                    ]
                },
                {
                    "text": "34",
                    "box": [
                        74,
                        672,
                        91,
                        685
                    ]
                }
            ],
            "id": 64
        },
        {
            "text": "35- 44",
            "box": [
                49,
                684,
                94,
                700
            ],
            "linking": [
                [
                    3,
                    65
                ],
                [
                    65,
                    26
                ],
                [
                    65,
                    22
                ]
            ],
            "label": "question",
            "words": [
                {
                    "text": "35-",
                    "box": [
                        49,
                        686,
                        73,
                        700
                    ]
                },
                {
                    "text": "44",
                    "box": [
                        74,
                        684,
                        94,
                        699
                    ]
                }
            ],
            "id": 65
        },
        {
            "text": "45 & Over",
            "box": [
                49,
                700,
                130,
                718
            ],
            "linking": [
                [
                    3,
                    66
                ],
                [
                    66,
                    27
                ],
                [
                    66,
                    23
                ]
            ],
            "label": "question",
            "words": [
                {
                    "text": "45",
                    "box": [
                        49,
                        700,
                        67,
                        717
                    ]
                },
                {
                    "text": "&",
                    "box": [
                        74,
                        703,
                        88,
                        718
                    ]
                },
                {
                    "text": "Over",
                    "box": [
                        91,
                        703,
                        130,
                        716
                    ]
                }
            ],
            "id": 66
        },
        {
            "text": "Under 35 35 & Over",
            "box": [
                46,
                742,
                126,
                772
            ],
            "linking": [
                [
                    67,
                    12
                ],
                [
                    67,
                    14
                ],
                [
                    67,
                    13
                ],
                [
                    67,
                    15
                ],
                [
                    67,
                    16
                ],
                [
                    67,
                    17
                ],
                [
                    67,
                    18
                ],
                [
                    67,
                    19
                ]
            ],
            "label": "question",
            "words": [
                {
                    "text": "Under",
                    "box": [
                        46,
                        742,
                        92,
                        756
                    ]
                },
                {
                    "text": "35",
                    "box": [
                        101,
                        742,
                        119,
                        757
                    ]
                },
                {
                    "text": "35",
                    "box": [
                        46,
                        756,
                        67,
                        771
                    ]
                },
                {
                    "text": "&",
                    "box": [
                        73,
                        758,
                        86,
                        771
                    ]
                },
                {
                    "text": "Over",
                    "box": [
                        92,
                        758,
                        126,
                        772
                    ]
                }
            ],
            "id": 67
        },
        {
            "text": "Test Brand Smokers",
            "box": [
                46,
                828,
                205,
                843
            ],
            "linking": [
                [
                    4,
                    68
                ],
                [
                    68,
                    8
                ],
                [
                    68,
                    10
                ]
            ],
            "label": "question",
            "words": [
                {
                    "text": "Test",
                    "box": [
                        46,
                        828,
                        82,
                        842
                    ]
                },
                {
                    "text": "Brand",
                    "box": [
                        92,
                        830,
                        138,
                        843
                    ]
                },
                {
                    "text": "Smokers",
                    "box": [
                        144,
                        828,
                        205,
                        842
                    ]
                }
            ],
            "id": 68
        },
        {
            "text": "All Other Smokers",
            "box": [
                46,
                841,
                197,
                856
            ],
            "linking": [
                [
                    4,
                    69
                ],
                [
                    69,
                    9
                ],
                [
                    69,
                    11
                ]
            ],
            "label": "question",
            "words": [
                {
                    "text": "All",
                    "box": [
                        46,
                        841,
                        75,
                        856
                    ]
                },
                {
                    "text": "Other",
                    "box": [
                        84,
                        842,
                        127,
                        856
                    ]
                },
                {
                    "text": "Smokers",
                    "box": [
                        134,
                        842,
                        197,
                        856
                    ]
                }
            ],
            "id": 69
        },
        {
            "text": "Pittsburgh Pittsburgh PUTSBURGH PRESS (4 /23 /72",
            "box": [
                215,
                289,
                616,
                309
            ],
            "linking": [
                [
                    58,
                    70
                ]
            ],
            "label": "answer",
            "words": [
                {
                    "text": "Pittsburgh",
                    "box": [
                        215,
                        295,
                        303,
                        309
                    ]
                },
                {
                    "text": "Pittsburgh",
                    "box": [
                        218,
                        295,
                        303,
                        309
                    ]
                },
                {
                    "text": "PUTSBURGH",
                    "box": [
                        358,
                        295,
                        445,
                        308
                    ]
                },
                {
                    "text": "PRESS",
                    "box": [
                        450,
                        295,
                        492,
                        308
                    ]
                },
                {
                    "text": "(4",
                    "box": [
                        545,
                        291,
                        559,
                        309
                    ]
                },
                {
                    "text": "/23",
                    "box": [
                        559,
                        292,
                        584,
                        307
                    ]
                },
                {
                    "text": "/72",
                    "box": [
                        585,
                        289,
                        616,
                        307
                    ]
                }
            ],
            "id": 70
        },
        {
            "text": "San Diego SAN DIEGO UNION (4 /23 /72",
            "box": [
                216,
                317,
                616,
                337
            ],
            "linking": [
                [
                    58,
                    71
                ]
            ],
            "label": "answer",
            "words": [
                {
                    "text": "San",
                    "box": [
                        216,
                        320,
                        243,
                        337
                    ]
                },
                {
                    "text": "Diego",
                    "box": [
                        250,
                        323,
                        293,
                        336
                    ]
                },
                {
                    "text": "SAN",
                    "box": [
                        359,
                        323,
                        386,
                        336
                    ]
                },
                {
                    "text": "DIEGO",
                    "box": [
                        392,
                        321,
                        434,
                        336
                    ]
                },
                {
                    "text": "UNION",
                    "box": [
                        443,
                        323,
                        486,
                        334
                    ]
                },
                {
                    "text": "(4",
                    "box": [
                        542,
                        320,
                        559,
                        337
                    ]
                },
                {
                    "text": "/23",
                    "box": [
                        559,
                        317,
                        584,
                        335
                    ]
                },
                {
                    "text": "/72",
                    "box": [
                        584,
                        318,
                        616,
                        335
                    ]
                }
            ],
            "id": 71
        },
        {
            "text": "Dayton DAYTON NEWS (4 /23 /72)",
            "box": [
                216,
                345,
                617,
                367
            ],
            "linking": [
                [
                    58,
                    72
                ]
            ],
            "label": "answer",
            "words": [
                {
                    "text": "Dayton",
                    "box": [
                        216,
                        352,
                        268,
                        367
                    ]
                },
                {
                    "text": "DAYTON",
                    "box": [
                        360,
                        349,
                        410,
                        363
                    ]
                },
                {
                    "text": "NEWS",
                    "box": [
                        416,
                        351,
                        451,
                        365
                    ]
                },
                {
                    "text": "(4",
                    "box": [
                        545,
                        348,
                        558,
                        362
                    ]
                },
                {
                    "text": "/23",
                    "box": [
                        559,
                        345,
                        584,
                        362
                    ]
                },
                {
                    "text": "/72)",
                    "box": [
                        582,
                        348,
                        617,
                        362
                    ]
                }
            ],
            "id": 72
        },
        {
            "text": "Birmingham BIRMINGHAM NEWS (4 /23 /72)",
            "box": [
                212,
                372,
                616,
                393
            ],
            "linking": [
                [
                    58,
                    73
                ]
            ],
            "label": "answer",
            "words": [
                {
                    "text": "Birmingham",
                    "box": [
                        212,
                        376,
                        301,
                        390
                    ]
                },
                {
                    "text": "BIRMINGHAM",
                    "box": [
                        358,
                        376,
                        446,
                        391
                    ]
                },
                {
                    "text": "NEWS",
                    "box": [
                        450,
                        376,
                        485,
                        390
                    ]
                },
                {
                    "text": "(4",
                    "box": [
                        543,
                        372,
                        558,
                        393
                    ]
                },
                {
                    "text": "/23",
                    "box": [
                        559,
                        373,
                        584,
                        390
                    ]
                },
                {
                    "text": "/72)",
                    "box": [
                        584,
                        373,
                        616,
                        388
                    ]
                }
            ],
            "id": 73
        }
    ]
}