{
    "form": [
        {
            "box": [
                59,
                817,
                167,
                834
            ],
            "text": "APPROVALS:",
            "label": "title",
            "words": [
                {
                    "box": [
                        59,
                        817,
                        167,
                        834
                    ],
                    "text": "APPROVALS:"
                }
            ],
            "linking": [
                [
                    0,
                    43
                ],
                [
                    0,
                    44
                ],
                [
                    0,
                    45
                ],
                [
                    0,
                    46
                ],
                [
                    0,
                    47
                ],
                [
                    0,
                    48
                ],
                [
                    0,
                    7
                ],
                [
                    0,
                    15
                ]
            ],
            "id": 0
        },
        {
            "box": [
                57,
                73,
                91,
                86
            ],
            "text": "Date:",
            "label": "question",
            "words": [
                {
                    "box": [
                        57,
                        73,
                        91,
                        86
                    ],
                    "text": "Date:"
                }
            ],
            "linking": [
                [
                    1,
                    21
                ]
            ],
            "id": 1
        },
        {
            "box": [
                57,
                281,
                127,
                292
            ],
            "text": "OBJECTIVE:",
            "label": "question",
            "words": [
                {
                    "box": [
                        57,
                        281,
                        127,
                        292
                    ],
                    "text": "OBJECTIVE:"
                }
            ],
            "linking": [
                [
                    2,
                    26
                ]
            ],
            "id": 2
        },
        {
            "box": [
                59,
                691,
                97,
                699
            ],
            "text": "Cartons:",
            "label": "question",
            "words": [
                {
                    "box": [
                        59,
                        691,
                        97,
                        699
                    ],
                    "text": "Cartons:"
                }
            ],
            "linking": [
                [
                    3,
                    37
                ],
                [
                    33,
                    3
                ]
            ],
            "id": 3
        },
        {
            "box": [
                59,
                707,
                90,
                715
            ],
            "text": "Cases:",
            "label": "question",
            "words": [
                {
                    "box": [
                        59,
                        707,
                        90,
                        715
                    ],
                    "text": "Cases:"
                }
            ],
            "linking": [
                [
                    4,
                    12
                ],
                [
                    33,
                    4
                ]
            ],
            "id": 4
        },
        {
            "box": [
                57,
                737,
                128,
                750
            ],
            "text": "TIMETABLE:",
            "label": "title",
            "words": [
                {
                    "box": [
                        57,
                        737,
                        128,
                        750
                    ],
                    "text": "TIMETABLE:"
                }
            ],
            "linking": [
                [
                    5,
                    6
                ],
                [
                    5,
                    39
                ],
                [
                    5,
                    42
                ],
                [
                    5,
                    16
                ],
                [
                    5,
                    40
                ],
                [
                    5,
                    41
                ]
            ],
            "id": 5
        },
        {
            "box": [
                59,
                757,
                126,
                767
            ],
            "text": "Manufacturing:",
            "label": "question",
            "words": [
                {
                    "box": [
                        59,
                        757,
                        126,
                        767
                    ],
                    "text": "Manufacturing:"
                }
            ],
            "linking": [
                [
                    5,
                    6
                ]
            ],
            "id": 6
        },
        {
            "box": [
                346,
                823,
                366,
                834
            ],
            "text": "Date",
            "label": "question",
            "words": [
                {
                    "box": [
                        346,
                        823,
                        366,
                        834
                    ],
                    "text": "Date"
                }
            ],
            "linking": [
                [
                    0,
                    7
                ]
            ],
            "id": 7
        },
        {
            "box": [
                60,
                422,
                85,
                433
            ],
            "text": "TBD",
            "label": "answer",
            "words": [
                {
                    "box": [
                        60,
                        422,
                        85,
                        433
                    ],
                    "text": "TBD"
                }
            ],
            "linking": [
                [
                    28,
                    8
                ]
            ],
            "id": 8
        },
        {
            "box": [
                462,
                603,
                487,
                616
            ],
            "text": "TBD",
            "label": "answer",
            "words": [
                {
                    "box": [
                        462,
                        603,
                        487,
                        616
                    ],
                    "text": "TBD"
                }
            ],
            "linking": [
                [
                    32,
                    9
                ]
            ],
            "id": 9
        },
        {
            "box": [
                67,
                521,
                91,
                534
            ],
            "text": "TBD",
            "label": "answer",
            "words": [
                {
                    "box": [
                        67,
                        521,
                        91,
                        534
                    ],
                    "text": "TBD"
                }
            ],
            "linking": [
                [
                    31,
                    10
                ]
            ],
            "id": 10
        },
        {
            "box": [
                134,
                605,
                158,
                616
            ],
            "text": "TBD",
            "label": "answer",
            "words": [
                {
                    "box": [
                        134,
                        605,
                        158,
                        616
                    ],
                    "text": "TBD"
                }
            ],
            "linking": [
                [
                    19,
                    11
                ]
            ],
            "id": 11
        },
        {
            "box": [
                289,
                705,
                310,
                716
            ],
            "text": "500",
            "label": "answer",
            "words": [
                {
                    "box": [
                        289,
                        705,
                        310,
                        716
                    ],
                    "text": "500"
                }
            ],
            "linking": [
                [
                    4,
                    12
                ],
                [
                    34,
                    12
                ]
            ],
            "id": 12
        },
        {
            "box": [
                434,
                704,
                461,
                715
            ],
            "text": "$250",
            "label": "answer",
            "words": [
                {
                    "box": [
                        434,
                        704,
                        461,
                        715
                    ],
                    "text": "$250"
                }
            ],
            "linking": [
                [
                    35,
                    13
                ]
            ],
            "id": 13
        },
        {
            "box": [
                521,
                939,
                641,
                957
            ],
            "text": "670886182",
            "label": "other",
            "words": [
                {
                    "box": [
                        521,
                        939,
                        641,
                        957
                    ],
                    "text": "670886182"
                }
            ],
            "linking": [],
            "id": 14
        },
        {
            "box": [
                677,
                821,
                698,
                832
            ],
            "text": "Date",
            "label": "question",
            "words": [
                {
                    "box": [
                        677,
                        821,
                        698,
                        832
                    ],
                    "text": "Date"
                }
            ],
            "linking": [
                [
                    0,
                    15
                ]
            ],
            "id": 15
        },
        {
            "box": [
                385,
                756,
                428,
                769
            ],
            "text": "Shipping:",
            "label": "question",
            "words": [
                {
                    "box": [
                        385,
                        756,
                        428,
                        769
                    ],
                    "text": "Shipping:"
                }
            ],
            "linking": [
                [
                    5,
                    16
                ]
            ],
            "id": 16
        },
        {
            "box": [
                56,
                591,
                78,
                599
            ],
            "text": "Start",
            "label": "question",
            "words": [
                {
                    "box": [
                        56,
                        591,
                        78,
                        599
                    ],
                    "text": "Start"
                }
            ],
            "linking": [
                [
                    19,
                    17
                ]
            ],
            "id": 17
        },
        {
            "box": [
                81,
                589,
                98,
                600
            ],
            "text": "Up:",
            "label": "question",
            "words": [
                {
                    "box": [
                        81,
                        589,
                        98,
                        600
                    ],
                    "text": "Up:"
                }
            ],
            "linking": [
                [
                    19,
                    18
                ]
            ],
            "id": 18
        },
        {
            "box": [
                57,
                570,
                111,
                583
            ],
            "text": "VOLUME:",
            "label": "question",
            "words": [
                {
                    "box": [
                        57,
                        570,
                        111,
                        583
                    ],
                    "text": "VOLUME:"
                }
            ],
            "linking": [
                [
                    19,
                    17
                ],
                [
                    19,
                    18
                ],
                [
                    19,
                    11
                ]
            ],
            "id": 19
        },
        {
            "text": "NEW EXPORT PRODUCT DEVELOPMENT CHARTER",
            "box": [
                54,
                52,
                473,
                70
            ],
            "linking": [],
            "label": "title",
            "words": [
                {
                    "text": "NEW",
                    "box": [
                        54,
                        52,
                        93,
                        69
                    ]
                },
                {
                    "text": "EXPORT",
                    "box": [
                        99,
                        53,
                        166,
                        70
                    ]
                },
                {
                    "text": "PRODUCT",
                    "box": [
                        172,
                        52,
                        256,
                        69
                    ]
                },
                {
                    "text": "DEVELOPMENT",
                    "box": [
                        260,
                        52,
                        387,
                        69
                    ]
                },
                {
                    "text": "CHARTER",
                    "box": [
                        392,
                        52,
                        473,
                        67
                    ]
                }
            ],
            "id": 20
        },
        {
            "text": "6/ 24/ 94",
            "box": [
                94,
                73,
                144,
                84
            ],
            "linking": [
                [
                    1,
                    21
                ]
            ],
            "label": "answer",
            "words": [
                {
                    "text": "6/",
                    "box": [
                        94,
                        73,
                        109,
                        84
                    ]
                },
                {
                    "text": "24/",
                    "box": [
                        109,
                        73,
                        126,
                        84
                    ]
                },
                {
                    "text": "94",
                    "box": [
                        127,
                        73,
                        144,
                        84
                    ]
                }
            ],
            "id": 21
        },
        {
            "text": "BRAND/PROJECT NAME:",
            "box": [
                56,
                105,
                202,
                119
            ],
            "linking": [
                [
                    22,
                    23
                ]
            ],
            "label": "question",
            "words": [
                {
                    "text": "BRAND/PROJECT",
                    "box": [
                        56,
                        105,
                        155,
                        119
                    ]
                },
                {
                    "text": "NAME:",
                    "box": [
                        156,
                        106,
                        202,
                        117
                    ]
                }
            ],
            "id": 22
        },
        {
            "text": "RICHLAND Kings (Soft Pack) -Duty Free (Phoenix)",
            "box": [
                57,
                133,
                553,
                161
            ],
            "linking": [
                [
                    22,
                    23
                ]
            ],
            "label": "answer",
            "words": [
                {
                    "text": "RICHLAND",
                    "box": [
                        57,
                        137,
                        165,
                        157
                    ]
                },
                {
                    "text": "Kings",
                    "box": [
                        172,
                        135,
                        226,
                        157
                    ]
                },
                {
                    "text": "(Soft",
                    "box": [
                        233,
                        134,
                        278,
                        156
                    ]
                },
                {
                    "text": "Pack)",
                    "box": [
                        284,
                        134,
                        341,
                        158
                    ]
                },
                {
                    "text": "-Duty",
                    "box": [
                        345,
                        134,
                        404,
                        161
                    ]
                },
                {
                    "text": "Free",
                    "box": [
                        411,
                        134,
                        454,
                        155
                    ]
                },
                {
                    "text": "(Phoenix)",
                    "box": [
                        461,
                        133,
                        553,
                        157
                    ]
                }
            ],
            "id": 23
        },
        {
            "text": "MARKET (S):",
            "box": [
                57,
                191,
                127,
                207
            ],
            "linking": [
                [
                    24,
                    25
                ]
            ],
            "label": "question",
            "words": [
                {
                    "text": "MARKET",
                    "box": [
                        57,
                        193,
                        104,
                        207
                    ]
                },
                {
                    "text": "(S):",
                    "box": [
                        103,
                        191,
                        127,
                        205
                    ]
                }
            ],
            "id": 24
        },
        {
            "text": "World- wide Duty Free",
            "box": [
                57,
                221,
                265,
                243
            ],
            "linking": [
                [
                    24,
                    25
                ]
            ],
            "label": "answer",
            "words": [
                {
                    "text": "World-",
                    "box": [
                        57,
                        223,
                        114,
                        241
                    ]
                },
                {
                    "text": "wide",
                    "box": [
                        113,
                        223,
                        165,
                        240
                    ]
                },
                {
                    "text": "Duty",
                    "box": [
                        172,
                        222,
                        217,
                        243
                    ]
                },
                {
                    "text": "Free",
                    "box": [
                        222,
                        221,
                        265,
                        242
                    ]
                }
            ],
            "id": 25
        },
        {
            "text": "Generate incremental volume for B& W by providing a low price brand to various international duty- free markets.",
            "box": [
                66,
                292,
                566,
                330
            ],
            "linking": [
                [
                    2,
                    26
                ]
            ],
            "label": "answer",
            "words": [
                {
                    "text": "Generate",
                    "box": [
                        66,
                        295,
                        137,
                        310
                    ]
                },
                {
                    "text": "incremental",
                    "box": [
                        142,
                        295,
                        236,
                        310
                    ]
                },
                {
                    "text": "volume",
                    "box": [
                        239,
                        297,
                        296,
                        310
                    ]
                },
                {
                    "text": "for",
                    "box": [
                        302,
                        295,
                        324,
                        309
                    ]
                },
                {
                    "text": "B&",
                    "box": [
                        330,
                        293,
                        351,
                        307
                    ]
                },
                {
                    "text": "W",
                    "box": [
                        353,
                        292,
                        370,
                        310
                    ]
                },
                {
                    "text": "by",
                    "box": [
                        373,
                        295,
                        394,
                        312
                    ]
                },
                {
                    "text": "providing",
                    "box": [
                        398,
                        296,
                        472,
                        311
                    ]
                },
                {
                    "text": "a",
                    "box": [
                        478,
                        297,
                        486,
                        308
                    ]
                },
                {
                    "text": "low",
                    "box": [
                        492,
                        295,
                        519,
                        308
                    ]
                },
                {
                    "text": "price",
                    "box": [
                        524,
                        295,
                        566,
                        312
                    ]
                },
                {
                    "text": "brand",
                    "box": [
                        66,
                        313,
                        112,
                        328
                    ]
                },
                {
                    "text": "to",
                    "box": [
                        115,
                        316,
                        132,
                        330
                    ]
                },
                {
                    "text": "various",
                    "box": [
                        137,
                        313,
                        196,
                        328
                    ]
                },
                {
                    "text": "international",
                    "box": [
                        200,
                        313,
                        299,
                        328
                    ]
                },
                {
                    "text": "duty-",
                    "box": [
                        303,
                        313,
                        342,
                        330
                    ]
                },
                {
                    "text": "free",
                    "box": [
                        344,
                        311,
                        373,
                        328
                    ]
                },
                {
                    "text": "markets.",
                    "box": [
                        376,
                        313,
                        447,
                        327
                    ]
                }
            ],
            "id": 26
        },
        {
            "text": "SOURCE OF BUSINESS:",
            "box": [
                57,
                372,
                193,
                385
            ],
            "linking": [
                [
                    27,
                    28
                ],
                [
                    27,
                    29
                ]
            ],
            "label": "title",
            "words": [
                {
                    "text": "SOURCE",
                    "box": [
                        57,
                        373,
                        107,
                        384
                    ]
                },
                {
                    "text": "OF",
                    "box": [
                        110,
                        372,
                        127,
                        385
                    ]
                },
                {
                    "text": "BUSINESS:",
                    "box": [
                        130,
                        372,
                        193,
                        385
                    ]
                }
            ],
            "id": 27
        },
        {
            "text": "Major Competitive Brands:",
            "box": [
                57,
                391,
                179,
                401
            ],
            "linking": [
                [
                    28,
                    8
                ],
                [
                    27,
                    28
                ]
            ],
            "label": "question",
            "words": [
                {
                    "text": "Major",
                    "box": [
                        57,
                        391,
                        82,
                        401
                    ]
                },
                {
                    "text": "Competitive",
                    "box": [
                        84,
                        391,
                        140,
                        401
                    ]
                },
                {
                    "text": "Brands:",
                    "box": [
                        140,
                        391,
                        179,
                        399
                    ]
                }
            ],
            "id": 28
        },
        {
            "text": "Target Audience:",
            "box": [
                384,
                390,
                462,
                400
            ],
            "linking": [
                [
                    29,
                    30
                ],
                [
                    27,
                    29
                ]
            ],
            "label": "question",
            "words": [
                {
                    "text": "Target",
                    "box": [
                        384,
                        390,
                        413,
                        400
                    ]
                },
                {
                    "text": "Audience:",
                    "box": [
                        416,
                        390,
                        462,
                        398
                    ]
                }
            ],
            "id": 29
        },
        {
            "text": "Value- conscious Smokers",
            "box": [
                384,
                420,
                524,
                433
            ],
            "linking": [
                [
                    29,
                    30
                ]
            ],
            "label": "answer",
            "words": [
                {
                    "text": "Value-",
                    "box": [
                        384,
                        422,
                        419,
                        433
                    ]
                },
                {
                    "text": "conscious",
                    "box": [
                        420,
                        423,
                        472,
                        433
                    ]
                },
                {
                    "text": "Smokers",
                    "box": [
                        475,
                        420,
                        524,
                        433
                    ]
                }
            ],
            "id": 30
        },
        {
            "text": "COST OR RETAIL PRICING:",
            "box": [
                57,
                489,
                212,
                500
            ],
            "linking": [
                [
                    31,
                    10
                ]
            ],
            "label": "question",
            "words": [
                {
                    "text": "COST",
                    "box": [
                        57,
                        489,
                        89,
                        499
                    ]
                },
                {
                    "text": "OR",
                    "box": [
                        94,
                        489,
                        114,
                        500
                    ]
                },
                {
                    "text": "RETAIL",
                    "box": [
                        115,
                        489,
                        157,
                        500
                    ]
                },
                {
                    "text": "PRICING:",
                    "box": [
                        156,
                        489,
                        212,
                        500
                    ]
                }
            ],
            "id": 31
        },
        {
            "text": "Est. Monthly Ongoing:",
            "box": [
                384,
                589,
                486,
                600
            ],
            "linking": [
                [
                    32,
                    9
                ]
            ],
            "label": "question",
            "words": [
                {
                    "text": "Est.",
                    "box": [
                        384,
                        589,
                        402,
                        599
                    ]
                },
                {
                    "text": "Monthly",
                    "box": [
                        404,
                        589,
                        442,
                        600
                    ]
                },
                {
                    "text": "Ongoing:",
                    "box": [
                        443,
                        589,
                        486,
                        599
                    ]
                }
            ],
            "id": 32
        },
        {
            "text": "INITIAL MATERIALS REQUIRED:",
            "box": [
                57,
                654,
                236,
                667
            ],
            "linking": [
                [
                    33,
                    38
                ],
                [
                    33,
                    3
                ],
                [
                    33,
                    4
                ],
                [
                    33,
                    34
                ],
                [
                    33,
                    35
                ]
            ],
            "label": "title",
            "words": [
                {
                    "text": "INITIAL",
                    "box": [
                        57,
                        655,
                        96,
                        666
                    ]
                },
                {
                    "text": "MATERIALS",
                    "box": [
                        101,
                        655,
                        167,
                        666
                    ]
                },
                {
                    "text": "REQUIRED:",
                    "box": [
                        170,
                        654,
                        236,
                        667
                    ]
                }
            ],
            "id": 33
        },
        {
            "text": "Qty In Units",
            "box": [
                289,
                656,
                343,
                667
            ],
            "linking": [
                [
                    34,
                    36
                ],
                [
                    34,
                    37
                ],
                [
                    34,
                    12
                ],
                [
                    33,
                    34
                ]
            ],
            "label": "question",
            "words": [
                {
                    "text": "Qty",
                    "box": [
                        289,
                        656,
                        306,
                        667
                    ]
                },
                {
                    "text": "In",
                    "box": [
                        307,
                        656,
                        318,
                        666
                    ]
                },
                {
                    "text": "Units",
                    "box": [
                        318,
                        656,
                        343,
                        666
                    ]
                }
            ],
            "id": 34
        },
        {
            "text": "Dollar Cost",
            "box": [
                383,
                656,
                435,
                666
            ],
            "linking": [
                [
                    35,
                    13
                ],
                [
                    33,
                    35
                ]
            ],
            "label": "question",
            "words": [
                {
                    "text": "Dollar",
                    "box": [
                        383,
                        656,
                        411,
                        664
                    ]
                },
                {
                    "text": "Cost",
                    "box": [
                        413,
                        656,
                        435,
                        666
                    ]
                }
            ],
            "id": 35
        },
        {
            "text": "On Hand",
            "box": [
                289,
                670,
                338,
                684
            ],
            "linking": [
                [
                    38,
                    36
                ],
                [
                    34,
                    36
                ]
            ],
            "label": "answer",
            "words": [
                {
                    "text": "On",
                    "box": [
                        289,
                        670,
                        307,
                        683
                    ]
                },
                {
                    "text": "Hand",
                    "box": [
                        309,
                        670,
                        338,
                        684
                    ]
                }
            ],
            "id": 36
        },
        {
            "text": "On Hand",
            "box": [
                291,
                687,
                341,
                701
            ],
            "linking": [
                [
                    3,
                    37
                ],
                [
                    34,
                    37
                ]
            ],
            "label": "answer",
            "words": [
                {
                    "text": "On",
                    "box": [
                        291,
                        687,
                        306,
                        701
                    ]
                },
                {
                    "text": "Hand",
                    "box": [
                        310,
                        687,
                        341,
                        700
                    ]
                }
            ],
            "id": 37
        },
        {
            "text": "Pack Flats Labels:",
            "box": [
                59,
                675,
                140,
                685
            ],
            "linking": [
                [
                    38,
                    36
                ],
                [
                    33,
                    38
                ]
            ],
            "label": "question",
            "words": [
                {
                    "text": "Pack",
                    "box": [
                        59,
                        675,
                        80,
                        683
                    ]
                },
                {
                    "text": "Flats",
                    "box": [
                        81,
                        675,
                        106,
                        683
                    ]
                },
                {
                    "text": "Labels:",
                    "box": [
                        106,
                        675,
                        140,
                        685
                    ]
                }
            ],
            "id": 38
        },
        {
            "text": "Product Specs Date:",
            "box": [
                59,
                774,
                150,
                784
            ],
            "linking": [
                [
                    5,
                    39
                ]
            ],
            "label": "question",
            "words": [
                {
                    "text": "Product",
                    "box": [
                        59,
                        774,
                        94,
                        784
                    ]
                },
                {
                    "text": "Specs",
                    "box": [
                        94,
                        774,
                        122,
                        782
                    ]
                },
                {
                    "text": "Date:",
                    "box": [
                        126,
                        774,
                        150,
                        782
                    ]
                }
            ],
            "id": 39
        },
        {
            "text": "In- Market Arrival Date:",
            "box": [
                384,
                771,
                486,
                782
            ],
            "linking": [
                [
                    5,
                    40
                ]
            ],
            "label": "question",
            "words": [
                {
                    "text": "In-",
                    "box": [
                        384,
                        772,
                        394,
                        782
                    ]
                },
                {
                    "text": "Market",
                    "box": [
                        394,
                        774,
                        429,
                        782
                    ]
                },
                {
                    "text": "Arrival",
                    "box": [
                        430,
                        772,
                        459,
                        782
                    ]
                },
                {
                    "text": "Date:",
                    "box": [
                        462,
                        771,
                        486,
                        782
                    ]
                }
            ],
            "id": 40
        },
        {
            "text": "Launch Date:",
            "box": [
                384,
                789,
                444,
                799
            ],
            "linking": [
                [
                    5,
                    41
                ]
            ],
            "label": "question",
            "words": [
                {
                    "text": "Launch",
                    "box": [
                        384,
                        789,
                        419,
                        799
                    ]
                },
                {
                    "text": "Date:",
                    "box": [
                        420,
                        789,
                        444,
                        799
                    ]
                }
            ],
            "id": 41
        },
        {
            "text": "Start Manufacture Date:",
            "box": [
                59,
                791,
                164,
                799
            ],
            "linking": [
                [
                    5,
                    42
                ]
            ],
            "label": "question",
            "words": [
                {
                    "text": "Start",
                    "box": [
                        59,
                        791,
                        80,
                        799
                    ]
                },
                {
                    "text": "Manufacture",
                    "box": [
                        81,
                        791,
                        140,
                        799
                    ]
                },
                {
                    "text": "Date:",
                    "box": [
                        140,
                        791,
                        164,
                        799
                    ]
                }
            ],
            "id": 42
        },
        {
            "text": "Group Prod Dir",
            "box": [
                59,
                841,
                126,
                850
            ],
            "linking": [
                [
                    0,
                    43
                ]
            ],
            "label": "question",
            "words": [
                {
                    "text": "Group",
                    "box": [
                        59,
                        842,
                        86,
                        850
                    ]
                },
                {
                    "text": "Prod",
                    "box": [
                        88,
                        841,
                        110,
                        849
                    ]
                },
                {
                    "text": "Dir",
                    "box": [
                        112,
                        841,
                        126,
                        849
                    ]
                }
            ],
            "id": 43
        },
        {
            "text": "Dir. Int' Admin",
            "box": [
                59,
                874,
                125,
                884
            ],
            "linking": [
                [
                    0,
                    44
                ]
            ],
            "label": "question",
            "words": [
                {
                    "text": "Dir.",
                    "box": [
                        59,
                        874,
                        74,
                        884
                    ]
                },
                {
                    "text": "Int'",
                    "box": [
                        75,
                        874,
                        93,
                        884
                    ]
                },
                {
                    "text": "Admin",
                    "box": [
                        94,
                        874,
                        125,
                        882
                    ]
                }
            ],
            "id": 44
        },
        {
            "text": "Regional Dir/ VP",
            "box": [
                59,
                908,
                130,
                919
            ],
            "linking": [
                [
                    0,
                    45
                ]
            ],
            "label": "question",
            "words": [
                {
                    "text": "Regional",
                    "box": [
                        59,
                        908,
                        97,
                        919
                    ]
                },
                {
                    "text": "Dir/",
                    "box": [
                        101,
                        908,
                        115,
                        918
                    ]
                },
                {
                    "text": "VP",
                    "box": [
                        115,
                        909,
                        130,
                        917
                    ]
                }
            ],
            "id": 45
        },
        {
            "text": "VP Int'l Planning",
            "box": [
                384,
                839,
                458,
                851
            ],
            "linking": [
                [
                    0,
                    46
                ]
            ],
            "label": "question",
            "words": [
                {
                    "text": "VP",
                    "box": [
                        384,
                        839,
                        397,
                        849
                    ]
                },
                {
                    "text": "Int'l",
                    "box": [
                        399,
                        839,
                        417,
                        849
                    ]
                },
                {
                    "text": "Planning",
                    "box": [
                        419,
                        841,
                        458,
                        851
                    ]
                }
            ],
            "id": 46
        },
        {
            "text": "VP Int'l Marketing",
            "box": [
                383,
                873,
                465,
                884
            ],
            "linking": [
                [
                    0,
                    47
                ]
            ],
            "label": "question",
            "words": [
                {
                    "text": "VP",
                    "box": [
                        383,
                        873,
                        397,
                        883
                    ]
                },
                {
                    "text": "Int'l",
                    "box": [
                        399,
                        873,
                        417,
                        883
                    ]
                },
                {
                    "text": "Marketing",
                    "box": [
                        419,
                        873,
                        465,
                        884
                    ]
                }
            ],
            "id": 47
        },
        {
            "text": "Senior VP Int'l",
            "box": [
                385,
                906,
                450,
                917
            ],
            "linking": [
                [
                    0,
                    48
                ]
            ],
            "label": "question",
            "words": [
                {
                    "text": "Senior",
                    "box": [
                        385,
                        906,
                        414,
                        916
                    ]
                },
                {
                    "text": "VP",
                    "box": [
                        415,
                        906,
                        430,
                        916
                    ]
                },
                {
                    "text": "Int'l",
                    "box": [
                        432,
                        906,
                        450,
                        917
                    ]
                }
            ],
            "id": 48
        }
    ]
}