{
    "form": [
        {
            "box": [
                627,
                51,
                666,
                65
            ],
            "text": "0465E",
            "label": "other",
            "words": [
                {
                    "box": [
                        627,
                        51,
                        666,
                        65
                    ],
                    "text": "0465E"
                }
            ],
            "linking": [],
            "id": 0
        },
        {
            "box": [
                338,
                126,
                379,
                142
            ],
            "text": "($000)",
            "label": "other",
            "words": [
                {
                    "box": [
                        338,
                        126,
                        379,
                        142
                    ],
                    "text": "($000)"
                }
            ],
            "linking": [],
            "id": 1
        },
        {
            "box": [
                49,
                147,
                83,
                157
            ],
            "text": "Title",
            "label": "question",
            "words": [
                {
                    "box": [
                        49,
                        147,
                        83,
                        157
                    ],
                    "text": "Title"
                }
            ],
            "linking": [
                [
                    2,
                    64
                ]
            ],
            "id": 2
        },
        {
            "box": [
                46,
                176,
                96,
                188
            ],
            "text": "Purpose",
            "label": "title",
            "words": [
                {
                    "box": [
                        46,
                        176,
                        96,
                        188
                    ],
                    "text": "Purpose"
                }
            ],
            "linking": [
                [
                    3,
                    65
                ],
                [
                    3,
                    66
                ],
                [
                    3,
                    67
                ],
                [
                    3,
                    68
                ],
                [
                    3,
                    69
                ],
                [
                    3,
                    70
                ],
                [
                    3,
                    71
                ]
            ],
            "id": 3
        },
        {
            "box": [
                75,
                193,
                85,
                204
            ],
            "text": "1",
            "label": "question",
            "words": [
                {
                    "box": [
                        75,
                        193,
                        85,
                        204
                    ],
                    "text": "1"
                }
            ],
            "linking": [],
            "id": 4
        },
        {
            "box": [
                74,
                207,
                84,
                219
            ],
            "text": "2",
            "label": "question",
            "words": [
                {
                    "box": [
                        74,
                        207,
                        84,
                        219
                    ],
                    "text": "2"
                }
            ],
            "linking": [],
            "id": 5
        },
        {
            "box": [
                74,
                221,
                84,
                235
            ],
            "text": "3",
            "label": "question",
            "words": [
                {
                    "box": [
                        74,
                        221,
                        84,
                        235
                    ],
                    "text": "3"
                }
            ],
            "linking": [],
            "id": 6
        },
        {
            "box": [
                74,
                236,
                85,
                247
            ],
            "text": "4",
            "label": "question",
            "words": [
                {
                    "box": [
                        74,
                        236,
                        85,
                        247
                    ],
                    "text": "4"
                }
            ],
            "linking": [],
            "id": 7
        },
        {
            "box": [
                365,
                237,
                377,
                252
            ],
            "text": "7",
            "label": "question",
            "words": [
                {
                    "box": [
                        365,
                        237,
                        377,
                        252
                    ],
                    "text": "7"
                }
            ],
            "linking": [],
            "id": 8
        },
        {
            "box": [
                364,
                197,
                375,
                211
            ],
            "text": "5",
            "label": "question",
            "words": [
                {
                    "box": [
                        364,
                        197,
                        375,
                        211
                    ],
                    "text": "5"
                }
            ],
            "linking": [],
            "id": 9
        },
        {
            "box": [
                365,
                212,
                380,
                222
            ],
            "text": "6",
            "label": "question",
            "words": [
                {
                    "box": [
                        365,
                        212,
                        380,
                        222
                    ],
                    "text": "6"
                }
            ],
            "linking": [],
            "id": 10
        },
        {
            "box": [
                46,
                259,
                91,
                271
            ],
            "text": "Status",
            "label": "title",
            "words": [
                {
                    "box": [
                        46,
                        259,
                        91,
                        271
                    ],
                    "text": "Status"
                }
            ],
            "linking": [
                [
                    11,
                    12
                ],
                [
                    11,
                    13
                ]
            ],
            "id": 11
        },
        {
            "box": [
                202,
                277,
                262,
                291
            ],
            "text": "Proposed",
            "label": "question",
            "words": [
                {
                    "box": [
                        202,
                        277,
                        262,
                        291
                    ],
                    "text": "Proposed"
                }
            ],
            "linking": [
                [
                    11,
                    12
                ],
                [
                    12,
                    26
                ]
            ],
            "id": 12
        },
        {
            "box": [
                206,
                292,
                268,
                306
            ],
            "text": "Approved;",
            "label": "question",
            "words": [
                {
                    "box": [
                        206,
                        292,
                        268,
                        306
                    ],
                    "text": "Approved;"
                }
            ],
            "linking": [
                [
                    11,
                    13
                ]
            ],
            "id": 13
        },
        {
            "box": [
                468,
                281,
                508,
                293
            ],
            "text": "TOTAL",
            "label": "question",
            "words": [
                {
                    "box": [
                        468,
                        281,
                        508,
                        293
                    ],
                    "text": "TOTAL"
                }
            ],
            "linking": [
                [
                    14,
                    27
                ],
                [
                    74,
                    14
                ]
            ],
            "id": 14
        },
        {
            "box": [
                539,
                282,
                590,
                296
            ],
            "text": "CAPITAL",
            "label": "question",
            "words": [
                {
                    "box": [
                        539,
                        282,
                        590,
                        296
                    ],
                    "text": "CAPITAL"
                }
            ],
            "linking": [
                [
                    15,
                    28
                ],
                [
                    74,
                    15
                ]
            ],
            "id": 15
        },
        {
            "box": [
                612,
                283,
                663,
                295
            ],
            "text": "EXPENSE",
            "label": "question",
            "words": [
                {
                    "box": [
                        612,
                        283,
                        663,
                        295
                    ],
                    "text": "EXPENSE"
                }
            ],
            "linking": [
                [
                    16,
                    29
                ],
                [
                    74,
                    16
                ]
            ],
            "id": 16
        },
        {
            "box": [
                481,
                335,
                556,
                347
            ],
            "text": "Completion",
            "label": "question",
            "words": [
                {
                    "box": [
                        481,
                        335,
                        556,
                        347
                    ],
                    "text": "Completion"
                }
            ],
            "linking": [
                [
                    17,
                    31
                ],
                [
                    17,
                    30
                ]
            ],
            "id": 17
        },
        {
            "box": [
                569,
                352,
                593,
                364
            ],
            "text": "Mo.",
            "label": "question",
            "words": [
                {
                    "box": [
                        569,
                        352,
                        593,
                        364
                    ],
                    "text": "Mo."
                }
            ],
            "linking": [
                [
                    18,
                    31
                ]
            ],
            "id": 18
        },
        {
            "box": [
                625,
                352,
                650,
                364
            ],
            "text": "Yr.",
            "label": "question",
            "words": [
                {
                    "box": [
                        625,
                        352,
                        650,
                        364
                    ],
                    "text": "Yr."
                }
            ],
            "linking": [
                [
                    19,
                    30
                ]
            ],
            "id": 19
        },
        {
            "box": [
                162,
                333,
                231,
                345
            ],
            "text": "Submission",
            "label": "question",
            "words": [
                {
                    "box": [
                        162,
                        333,
                        231,
                        345
                    ],
                    "text": "Submission"
                }
            ],
            "linking": [
                [
                    20,
                    25
                ]
            ],
            "id": 20
        },
        {
            "box": [
                248,
                347,
                272,
                361
            ],
            "text": "Yr.",
            "label": "question",
            "words": [
                {
                    "box": [
                        248,
                        347,
                        272,
                        361
                    ],
                    "text": "Yr."
                }
            ],
            "linking": [],
            "id": 21
        },
        {
            "box": [
                312,
                333,
                346,
                348
            ],
            "text": "Start",
            "label": "question",
            "words": [
                {
                    "box": [
                        312,
                        333,
                        346,
                        348
                    ],
                    "text": "Start"
                }
            ],
            "linking": [
                [
                    22,
                    33
                ],
                [
                    22,
                    32
                ]
            ],
            "id": 22
        },
        {
            "box": [
                365,
                349,
                387,
                361
            ],
            "text": "Mo.",
            "label": "question",
            "words": [
                {
                    "box": [
                        365,
                        349,
                        387,
                        361
                    ],
                    "text": "Mo."
                }
            ],
            "linking": [
                [
                    23,
                    23
                ],
                [
                    23,
                    23
                ],
                [
                    23,
                    33
                ]
            ],
            "id": 23
        },
        {
            "box": [
                423,
                350,
                443,
                364
            ],
            "text": "Yr.",
            "label": "question",
            "words": [
                {
                    "box": [
                        423,
                        350,
                        443,
                        364
                    ],
                    "text": "Yr."
                }
            ],
            "linking": [
                [
                    24,
                    32
                ]
            ],
            "id": 24
        },
        {
            "box": [
                251,
                330,
                266,
                345
            ],
            "text": "88",
            "label": "answer",
            "words": [
                {
                    "box": [
                        251,
                        330,
                        266,
                        345
                    ],
                    "text": "88"
                }
            ],
            "linking": [
                [
                    20,
                    25
                ]
            ],
            "id": 25
        },
        {
            "box": [
                183,
                276,
                195,
                287
            ],
            "text": "x",
            "label": "answer",
            "words": [
                {
                    "box": [
                        183,
                        276,
                        195,
                        287
                    ],
                    "text": "x"
                }
            ],
            "linking": [
                [
                    12,
                    26
                ]
            ],
            "id": 26
        },
        {
            "box": [
                490,
                296,
                507,
                310
            ],
            "text": "80",
            "label": "answer",
            "words": [
                {
                    "box": [
                        490,
                        296,
                        507,
                        310
                    ],
                    "text": "80"
                }
            ],
            "linking": [
                [
                    14,
                    27
                ]
            ],
            "id": 27
        },
        {
            "box": [
                565,
                296,
                582,
                311
            ],
            "text": "80",
            "label": "answer",
            "words": [
                {
                    "box": [
                        565,
                        296,
                        582,
                        311
                    ],
                    "text": "80"
                }
            ],
            "linking": [
                [
                    15,
                    28
                ]
            ],
            "id": 28
        },
        {
            "box": [
                636,
                297,
                651,
                309
            ],
            "text": "0",
            "label": "answer",
            "words": [
                {
                    "box": [
                        636,
                        297,
                        651,
                        309
                    ],
                    "text": "0"
                }
            ],
            "linking": [
                [
                    16,
                    29
                ]
            ],
            "id": 29
        },
        {
            "box": [
                627,
                337,
                643,
                347
            ],
            "text": "88",
            "label": "answer",
            "words": [
                {
                    "box": [
                        627,
                        337,
                        643,
                        347
                    ],
                    "text": "88"
                }
            ],
            "linking": [
                [
                    17,
                    30
                ],
                [
                    19,
                    30
                ]
            ],
            "id": 30
        },
        {
            "box": [
                574,
                335,
                588,
                347
            ],
            "text": "11",
            "label": "answer",
            "words": [
                {
                    "box": [
                        574,
                        335,
                        588,
                        347
                    ],
                    "text": "11"
                }
            ],
            "linking": [
                [
                    17,
                    31
                ],
                [
                    18,
                    31
                ]
            ],
            "id": 31
        },
        {
            "box": [
                420,
                333,
                436,
                348
            ],
            "text": "88",
            "label": "answer",
            "words": [
                {
                    "box": [
                        420,
                        333,
                        436,
                        348
                    ],
                    "text": "88"
                }
            ],
            "linking": [
                [
                    22,
                    32
                ],
                [
                    24,
                    32
                ]
            ],
            "id": 32
        },
        {
            "box": [
                372,
                334,
                386,
                346
            ],
            "text": "7",
            "label": "answer",
            "words": [
                {
                    "box": [
                        372,
                        334,
                        386,
                        346
                    ],
                    "text": "7"
                }
            ],
            "linking": [
                [
                    22,
                    33
                ],
                [
                    23,
                    33
                ]
            ],
            "id": 33
        },
        {
            "box": [
                431,
                617,
                481,
                631
            ],
            "text": "CAPITAL",
            "label": "question",
            "words": [
                {
                    "box": [
                        431,
                        617,
                        481,
                        631
                    ],
                    "text": "CAPITAL"
                }
            ],
            "linking": [
                [
                    79,
                    34
                ]
            ],
            "id": 34
        },
        {
            "box": [
                433,
                630,
                482,
                642
            ],
            "text": "EXPENSE",
            "label": "question",
            "words": [
                {
                    "box": [
                        433,
                        630,
                        482,
                        642
                    ],
                    "text": "EXPENSE"
                }
            ],
            "linking": [
                [
                    79,
                    35
                ]
            ],
            "id": 35
        },
        {
            "box": [
                65,
                616,
                115,
                626
            ],
            "text": "CAPITAL",
            "label": "question",
            "words": [
                {
                    "box": [
                        65,
                        616,
                        115,
                        626
                    ],
                    "text": "CAPITAL"
                }
            ],
            "linking": [
                [
                    36,
                    39
                ]
            ],
            "id": 36
        },
        {
            "box": [
                65,
                630,
                112,
                641
            ],
            "text": "EXPENSE",
            "label": "question",
            "words": [
                {
                    "box": [
                        65,
                        630,
                        112,
                        641
                    ],
                    "text": "EXPENSE"
                }
            ],
            "linking": [
                [
                    37,
                    40
                ]
            ],
            "id": 37
        },
        {
            "box": [
                147,
                600,
                176,
                612
            ],
            "text": "1989",
            "label": "answer",
            "words": [
                {
                    "box": [
                        147,
                        600,
                        176,
                        612
                    ],
                    "text": "1989"
                }
            ],
            "linking": [
                [
                    80,
                    38
                ]
            ],
            "id": 38
        },
        {
            "box": [
                146,
                617,
                162,
                626
            ],
            "text": "80",
            "label": "answer",
            "words": [
                {
                    "box": [
                        146,
                        617,
                        162,
                        626
                    ],
                    "text": "80"
                }
            ],
            "linking": [
                [
                    36,
                    39
                ]
            ],
            "id": 39
        },
        {
            "box": [
                153,
                631,
                162,
                641
            ],
            "text": "0",
            "label": "answer",
            "words": [
                {
                    "box": [
                        153,
                        631,
                        162,
                        641
                    ],
                    "text": "0"
                }
            ],
            "linking": [
                [
                    37,
                    40
                ]
            ],
            "id": 40
        },
        {
            "box": [
                105,
                709,
                132,
                721
            ],
            "text": "JAN.",
            "label": "question",
            "words": [
                {
                    "box": [
                        105,
                        709,
                        132,
                        721
                    ],
                    "text": "JAN."
                }
            ],
            "linking": [],
            "id": 41
        },
        {
            "box": [
                132,
                709,
                167,
                721
            ],
            "text": "-MAR.",
            "label": "question",
            "words": [
                {
                    "box": [
                        132,
                        709,
                        167,
                        721
                    ],
                    "text": "-MAR."
                }
            ],
            "linking": [],
            "id": 42
        },
        {
            "box": [
                178,
                709,
                208,
                721
            ],
            "text": "APR.",
            "label": "question",
            "words": [
                {
                    "box": [
                        178,
                        709,
                        208,
                        721
                    ],
                    "text": "APR."
                }
            ],
            "linking": [],
            "id": 43
        },
        {
            "box": [
                208,
                709,
                240,
                721
            ],
            "text": "-JUN.",
            "label": "question",
            "words": [
                {
                    "box": [
                        208,
                        709,
                        240,
                        721
                    ],
                    "text": "-JUN."
                }
            ],
            "linking": [],
            "id": 44
        },
        {
            "box": [
                252,
                712,
                282,
                721
            ],
            "text": "JUL.",
            "label": "question",
            "words": [
                {
                    "box": [
                        252,
                        712,
                        282,
                        721
                    ],
                    "text": "JUL."
                }
            ],
            "linking": [],
            "id": 45
        },
        {
            "box": [
                357,
                712,
                391,
                723
            ],
            "text": "-DEC",
            "label": "question",
            "words": [
                {
                    "box": [
                        357,
                        712,
                        391,
                        723
                    ],
                    "text": "-DEC"
                }
            ],
            "linking": [],
            "id": 46
        },
        {
            "box": [
                419,
                714,
                453,
                724
            ],
            "text": "TOTAL",
            "label": "question",
            "words": [
                {
                    "box": [
                        419,
                        714,
                        453,
                        724
                    ],
                    "text": "TOTAL"
                }
            ],
            "linking": [],
            "id": 47
        },
        {
            "box": [
                42,
                763,
                92,
                778
            ],
            "text": "EXPENSE",
            "label": "question",
            "words": [
                {
                    "box": [
                        42,
                        763,
                        92,
                        778
                    ],
                    "text": "EXPENSE"
                }
            ],
            "linking": [],
            "id": 48
        },
        {
            "box": [
                42,
                737,
                92,
                752
            ],
            "text": "CAPITAL",
            "label": "question",
            "words": [
                {
                    "box": [
                        42,
                        737,
                        92,
                        752
                    ],
                    "text": "CAPITAL"
                }
            ],
            "linking": [],
            "id": 49
        },
        {
            "box": [
                282,
                712,
                317,
                722
            ],
            "text": "-SEP",
            "label": "question",
            "words": [
                {
                    "box": [
                        282,
                        712,
                        317,
                        722
                    ],
                    "text": "-SEP"
                }
            ],
            "linking": [],
            "id": 50
        },
        {
            "box": [
                329,
                712,
                356,
                722
            ],
            "text": "OCT.",
            "label": "question",
            "words": [
                {
                    "box": [
                        329,
                        712,
                        356,
                        722
                    ],
                    "text": "OCT."
                }
            ],
            "linking": [],
            "id": 51
        },
        {
            "box": [
                495,
                673,
                521,
                685
            ],
            "text": "YEAR",
            "label": "question",
            "words": [
                {
                    "box": [
                        495,
                        673,
                        521,
                        685
                    ],
                    "text": "YEAR"
                }
            ],
            "linking": [
                [
                    52,
                    55
                ],
                [
                    52,
                    56
                ],
                [
                    52,
                    57
                ],
                [
                    52,
                    58
                ],
                [
                    52,
                    85
                ]
            ],
            "id": 52
        },
        {
            "box": [
                616,
                673,
                666,
                685
            ],
            "text": "EXPENSE",
            "label": "question",
            "words": [
                {
                    "box": [
                        616,
                        673,
                        666,
                        685
                    ],
                    "text": "EXPENSE"
                }
            ],
            "linking": [],
            "id": 53
        },
        {
            "box": [
                549,
                673,
                596,
                683
            ],
            "text": "CAPITAL",
            "label": "question",
            "words": [
                {
                    "box": [
                        549,
                        673,
                        596,
                        683
                    ],
                    "text": "CAPITAL"
                }
            ],
            "linking": [],
            "id": 54
        },
        {
            "box": [
                495,
                711,
                522,
                728
            ],
            "text": "1990",
            "label": "answer",
            "words": [
                {
                    "box": [
                        495,
                        711,
                        522,
                        728
                    ],
                    "text": "1990"
                }
            ],
            "linking": [
                [
                    52,
                    55
                ]
            ],
            "id": 55
        },
        {
            "box": [
                494,
                739,
                521,
                750
            ],
            "text": "1991",
            "label": "answer",
            "words": [
                {
                    "box": [
                        494,
                        739,
                        521,
                        750
                    ],
                    "text": "1991"
                }
            ],
            "linking": [
                [
                    52,
                    56
                ]
            ],
            "id": 56
        },
        {
            "box": [
                493,
                767,
                522,
                778
            ],
            "text": "1992",
            "label": "answer",
            "words": [
                {
                    "box": [
                        493,
                        767,
                        522,
                        778
                    ],
                    "text": "1992"
                }
            ],
            "linking": [
                [
                    52,
                    57
                ]
            ],
            "id": 57
        },
        {
            "box": [
                493,
                794,
                523,
                805
            ],
            "text": "1993",
            "label": "answer",
            "words": [
                {
                    "box": [
                        493,
                        794,
                        523,
                        805
                    ],
                    "text": "1993"
                }
            ],
            "linking": [
                [
                    52,
                    58
                ]
            ],
            "id": 58
        },
        {
            "box": [
                525,
                897,
                630,
                917
            ],
            "text": "621099940J",
            "label": "other",
            "words": [
                {
                    "box": [
                        525,
                        897,
                        630,
                        917
                    ],
                    "text": "621099940J"
                }
            ],
            "linking": [],
            "id": 59
        },
        {
            "text": "FA 956 (5- 85) g1 0081. (d)",
            "box": [
                41,
                36,
                125,
                67
            ],
            "linking": [],
            "label": "other",
            "words": [
                {
                    "text": "FA",
                    "box": [
                        41,
                        39,
                        58,
                        51
                    ]
                },
                {
                    "text": "956",
                    "box": [
                        61,
                        36,
                        83,
                        52
                    ]
                },
                {
                    "text": "(5-",
                    "box": [
                        85,
                        40,
                        104,
                        52
                    ]
                },
                {
                    "text": "85)",
                    "box": [
                        103,
                        39,
                        125,
                        50
                    ]
                },
                {
                    "text": "g1",
                    "box": [
                        42,
                        52,
                        56,
                        66
                    ]
                },
                {
                    "text": "0081.",
                    "box": [
                        61,
                        51,
                        100,
                        66
                    ]
                },
                {
                    "text": "(d)",
                    "box": [
                        103,
                        52,
                        124,
                        67
                    ]
                }
            ],
            "id": 60
        },
        {
            "text": "BROWN & WILLIAMSON TOBACCO CORPORATION CAPITAL BUDGET PROJECT R&D",
            "box": [
                231,
                57,
                497,
                114
            ],
            "linking": [],
            "label": "title",
            "words": [
                {
                    "text": "BROWN",
                    "box": [
                        231,
                        57,
                        270,
                        69
                    ]
                },
                {
                    "text": "&",
                    "box": [
                        269,
                        57,
                        283,
                        69
                    ]
                },
                {
                    "text": "WILLIAMSON",
                    "box": [
                        286,
                        59,
                        358,
                        70
                    ]
                },
                {
                    "text": "TOBACCO",
                    "box": [
                        362,
                        60,
                        414,
                        70
                    ]
                },
                {
                    "text": "CORPORATION",
                    "box": [
                        418,
                        61,
                        497,
                        75
                    ]
                },
                {
                    "text": "CAPITAL",
                    "box": [
                        286,
                        71,
                        335,
                        85
                    ]
                },
                {
                    "text": "BUDGET",
                    "box": [
                        339,
                        72,
                        383,
                        86
                    ]
                },
                {
                    "text": "PROJECT",
                    "box": [
                        389,
                        72,
                        438,
                        87
                    ]
                },
                {
                    "text": "R&D",
                    "box": [
                        345,
                        100,
                        372,
                        114
                    ]
                }
            ],
            "id": 61
        },
        {
            "text": "Date Submitted",
            "box": [
                560,
                128,
                656,
                145
            ],
            "linking": [],
            "label": "question",
            "words": [
                {
                    "text": "Date",
                    "box": [
                        560,
                        128,
                        591,
                        143
                    ]
                },
                {
                    "text": "Submitted",
                    "box": [
                        594,
                        130,
                        656,
                        145
                    ]
                }
            ],
            "id": 62
        },
        {
            "text": "Capital Budget",
            "box": [
                61,
                122,
                161,
                136
            ],
            "linking": [],
            "label": "question",
            "words": [
                {
                    "text": "Capital",
                    "box": [
                        61,
                        122,
                        112,
                        134
                    ]
                },
                {
                    "text": "Budget",
                    "box": [
                        116,
                        122,
                        161,
                        136
                    ]
                }
            ],
            "id": 63
        },
        {
            "text": "CICARETTE TEST STATION (CT5400)",
            "box": [
                76,
                165,
                288,
                180
            ],
            "linking": [
                [
                    2,
                    64
                ]
            ],
            "label": "answer",
            "words": [
                {
                    "text": "CICARETTE",
                    "box": [
                        76,
                        165,
                        142,
                        177
                    ]
                },
                {
                    "text": "TEST",
                    "box": [
                        146,
                        166,
                        173,
                        177
                    ]
                },
                {
                    "text": "STATION",
                    "box": [
                        178,
                        167,
                        228,
                        177
                    ]
                },
                {
                    "text": "(CT5400)",
                    "box": [
                        233,
                        166,
                        288,
                        180
                    ]
                }
            ],
            "id": 64
        },
        {
            "text": "Maintenance of Existing Business",
            "box": [
                113,
                192,
                336,
                209
            ],
            "linking": [
                [
                    3,
                    65
                ]
            ],
            "label": "question",
            "words": [
                {
                    "text": "Maintenance",
                    "box": [
                        113,
                        193,
                        195,
                        204
                    ]
                },
                {
                    "text": "of",
                    "box": [
                        197,
                        193,
                        212,
                        208
                    ]
                },
                {
                    "text": "Existing",
                    "box": [
                        217,
                        192,
                        273,
                        209
                    ]
                },
                {
                    "text": "Business",
                    "box": [
                        277,
                        196,
                        336,
                        208
                    ]
                }
            ],
            "id": 65
        },
        {
            "text": "Expansion of Existing Business",
            "box": [
                116,
                206,
                322,
                224
            ],
            "linking": [
                [
                    3,
                    66
                ]
            ],
            "label": "question",
            "words": [
                {
                    "text": "Expansion",
                    "box": [
                        116,
                        206,
                        180,
                        218
                    ]
                },
                {
                    "text": "of",
                    "box": [
                        183,
                        209,
                        197,
                        220
                    ]
                },
                {
                    "text": "Existing",
                    "box": [
                        206,
                        207,
                        261,
                        224
                    ]
                },
                {
                    "text": "Business",
                    "box": [
                        266,
                        208,
                        322,
                        220
                    ]
                }
            ],
            "id": 66
        },
        {
            "text": "New Products",
            "box": [
                115,
                221,
                200,
                233
            ],
            "linking": [
                [
                    3,
                    67
                ]
            ],
            "label": "question",
            "words": [
                {
                    "text": "New",
                    "box": [
                        115,
                        221,
                        140,
                        232
                    ]
                },
                {
                    "text": "Products",
                    "box": [
                        145,
                        222,
                        200,
                        233
                    ]
                }
            ],
            "id": 67
        },
        {
            "text": "Cost Reduction",
            "box": [
                117,
                234,
                218,
                251
            ],
            "linking": [
                [
                    3,
                    68
                ]
            ],
            "label": "question",
            "words": [
                {
                    "text": "Cost",
                    "box": [
                        117,
                        234,
                        142,
                        249
                    ]
                },
                {
                    "text": "Reduction",
                    "box": [
                        153,
                        236,
                        218,
                        251
                    ]
                }
            ],
            "id": 68
        },
        {
            "text": "Compliance with Outside Requirements",
            "box": [
                406,
                198,
                658,
                215
            ],
            "linking": [
                [
                    3,
                    69
                ]
            ],
            "label": "question",
            "words": [
                {
                    "text": "Compliance",
                    "box": [
                        406,
                        200,
                        478,
                        211
                    ]
                },
                {
                    "text": "with",
                    "box": [
                        483,
                        201,
                        515,
                        212
                    ]
                },
                {
                    "text": "Outside",
                    "box": [
                        516,
                        198,
                        567,
                        210
                    ]
                },
                {
                    "text": "Requirements",
                    "box": [
                        572,
                        200,
                        658,
                        215
                    ]
                }
            ],
            "id": 69
        },
        {
            "text": "Company Improvements & Administrative Requirements",
            "box": [
                408,
                212,
                663,
                241
            ],
            "linking": [
                [
                    3,
                    70
                ]
            ],
            "label": "question",
            "words": [
                {
                    "text": "Company",
                    "box": [
                        408,
                        214,
                        459,
                        225
                    ]
                },
                {
                    "text": "Improvements",
                    "box": [
                        465,
                        212,
                        549,
                        224
                    ]
                },
                {
                    "text": "&",
                    "box": [
                        551,
                        213,
                        563,
                        227
                    ]
                },
                {
                    "text": "Administrative",
                    "box": [
                        566,
                        216,
                        663,
                        230
                    ]
                },
                {
                    "text": "Requirements",
                    "box": [
                        421,
                        227,
                        510,
                        241
                    ]
                }
            ],
            "id": 70
        },
        {
            "text": "Quality Improvement",
            "box": [
                408,
                238,
                540,
                254
            ],
            "linking": [
                [
                    3,
                    71
                ]
            ],
            "label": "question",
            "words": [
                {
                    "text": "Quality",
                    "box": [
                        408,
                        238,
                        458,
                        252
                    ]
                },
                {
                    "text": "Improvement",
                    "box": [
                        465,
                        239,
                        540,
                        254
                    ]
                }
            ],
            "id": 71
        },
        {
            "text": "This Project is",
            "box": [
                66,
                276,
                173,
                292
            ],
            "linking": [],
            "label": "question",
            "words": [
                {
                    "text": "This",
                    "box": [
                        66,
                        276,
                        98,
                        290
                    ]
                },
                {
                    "text": "Project",
                    "box": [
                        103,
                        276,
                        150,
                        292
                    ]
                },
                {
                    "text": "is",
                    "box": [
                        157,
                        276,
                        173,
                        290
                    ]
                }
            ],
            "id": 72
        },
        {
            "text": "Proposal No.",
            "box": [
                272,
                291,
                354,
                306
            ],
            "linking": [],
            "label": "question",
            "words": [
                {
                    "text": "Proposal",
                    "box": [
                        272,
                        291,
                        329,
                        306
                    ]
                },
                {
                    "text": "No.",
                    "box": [
                        332,
                        296,
                        354,
                        306
                    ]
                }
            ],
            "id": 73
        },
        {
            "text": "Estimate Cost",
            "box": [
                456,
                264,
                546,
                275
            ],
            "linking": [
                [
                    74,
                    14
                ],
                [
                    74,
                    15
                ],
                [
                    74,
                    16
                ]
            ],
            "label": "title",
            "words": [
                {
                    "text": "Estimate",
                    "box": [
                        456,
                        264,
                        513,
                        275
                    ]
                },
                {
                    "text": "Cost",
                    "box": [
                        519,
                        264,
                        546,
                        275
                    ]
                }
            ],
            "id": 74
        },
        {
            "text": "Project Dates",
            "box": [
                41,
                315,
                132,
                327
            ],
            "linking": [],
            "label": "title",
            "words": [
                {
                    "text": "Project",
                    "box": [
                        41,
                        315,
                        90,
                        327
                    ]
                },
                {
                    "text": "Dates",
                    "box": [
                        96,
                        317,
                        132,
                        327
                    ]
                }
            ],
            "id": 75
        },
        {
            "text": "PROJECT DESCRIPTION",
            "box": [
                45,
                369,
                181,
                385
            ],
            "linking": [
                [
                    76,
                    77
                ]
            ],
            "label": "question",
            "words": [
                {
                    "text": "PROJECT",
                    "box": [
                        45,
                        369,
                        96,
                        385
                    ]
                },
                {
                    "text": "DESCRIPTION",
                    "box": [
                        102,
                        369,
                        181,
                        385
                    ]
                }
            ],
            "id": 76
        },
        {
            "text": "The Cigarette Test Station (CTS400) combines many of the stand- alone instruments that R&D currently uses to measure cigarette weight, pressure drop, ventilation, and hardness into one compact module. The CTS400 has the additional measurement of cigarette hardness in comparison with the CTS300. With this added, measurement R&D will be able to replace the Firmness Integrator that measures cigarette firmness in addition to other measurements that are mentioned above. The Firmness Integrator is no longer manufactured and parts are becoming difficult to obtain. Lastly, purchase of this instrument would provide similar capability as the Macon Plant and help facilitate comparisions between laboratories.",
            "box": [
                65,
                399,
                661,
                523
            ],
            "linking": [
                [
                    76,
                    77
                ]
            ],
            "label": "answer",
            "words": [
                {
                    "text": "The",
                    "box": [
                        66,
                        399,
                        90,
                        410
                    ]
                },
                {
                    "text": "Cigarette",
                    "box": [
                        95,
                        399,
                        157,
                        413
                    ]
                },
                {
                    "text": "Test",
                    "box": [
                        162,
                        401,
                        191,
                        411
                    ]
                },
                {
                    "text": "Station",
                    "box": [
                        197,
                        399,
                        251,
                        410
                    ]
                },
                {
                    "text": "(CTS400)",
                    "box": [
                        252,
                        399,
                        307,
                        416
                    ]
                },
                {
                    "text": "combines",
                    "box": [
                        313,
                        401,
                        370,
                        417
                    ]
                },
                {
                    "text": "many",
                    "box": [
                        372,
                        404,
                        403,
                        415
                    ]
                },
                {
                    "text": "of",
                    "box": [
                        408,
                        404,
                        424,
                        415
                    ]
                },
                {
                    "text": "the",
                    "box": [
                        429,
                        403,
                        448,
                        417
                    ]
                },
                {
                    "text": "stand-",
                    "box": [
                        455,
                        404,
                        496,
                        415
                    ]
                },
                {
                    "text": "alone",
                    "box": [
                        498,
                        404,
                        532,
                        415
                    ]
                },
                {
                    "text": "instruments",
                    "box": [
                        541,
                        405,
                        615,
                        416
                    ]
                },
                {
                    "text": "that",
                    "box": [
                        618,
                        404,
                        647,
                        416
                    ]
                },
                {
                    "text": "R&D",
                    "box": [
                        67,
                        414,
                        92,
                        423
                    ]
                },
                {
                    "text": "currently",
                    "box": [
                        95,
                        415,
                        157,
                        426
                    ]
                },
                {
                    "text": "uses",
                    "box": [
                        163,
                        415,
                        192,
                        425
                    ]
                },
                {
                    "text": "to",
                    "box": [
                        197,
                        415,
                        214,
                        427
                    ]
                },
                {
                    "text": "measure",
                    "box": [
                        214,
                        415,
                        265,
                        425
                    ]
                },
                {
                    "text": "cigarette",
                    "box": [
                        269,
                        416,
                        334,
                        427
                    ]
                },
                {
                    "text": "weight,",
                    "box": [
                        339,
                        418,
                        379,
                        429
                    ]
                },
                {
                    "text": "",
                    "box": [
                        380,
                        420,
                        387,
                        430
                    ]
                },
                {
                    "text": "pressure",
                    "box": [
                        390,
                        415,
                        452,
                        430
                    ]
                },
                {
                    "text": "drop,",
                    "box": [
                        455,
                        416,
                        491,
                        430
                    ]
                },
                {
                    "text": "ventilation,",
                    "box": [
                        496,
                        418,
                        577,
                        432
                    ]
                },
                {
                    "text": "and",
                    "box": [
                        584,
                        418,
                        610,
                        430
                    ]
                },
                {
                    "text": "hardness",
                    "box": [
                        67,
                        425,
                        122,
                        440
                    ]
                },
                {
                    "text": "into",
                    "box": [
                        127,
                        429,
                        157,
                        439
                    ]
                },
                {
                    "text": "one",
                    "box": [
                        162,
                        429,
                        187,
                        439
                    ]
                },
                {
                    "text": "compact",
                    "box": [
                        192,
                        429,
                        237,
                        441
                    ]
                },
                {
                    "text": "module.",
                    "box": [
                        244,
                        430,
                        291,
                        440
                    ]
                },
                {
                    "text": "The",
                    "box": [
                        305,
                        429,
                        327,
                        440
                    ]
                },
                {
                    "text": "CTS400",
                    "box": [
                        333,
                        430,
                        377,
                        442
                    ]
                },
                {
                    "text": "has",
                    "box": [
                        379,
                        433,
                        403,
                        442
                    ]
                },
                {
                    "text": "the",
                    "box": [
                        409,
                        430,
                        428,
                        442
                    ]
                },
                {
                    "text": "additional",
                    "box": [
                        436,
                        433,
                        505,
                        444
                    ]
                },
                {
                    "text": "measurement",
                    "box": [
                        509,
                        434,
                        588,
                        445
                    ]
                },
                {
                    "text": "of",
                    "box": [
                        591,
                        434,
                        608,
                        444
                    ]
                },
                {
                    "text": "cigarette",
                    "box": [
                        67,
                        439,
                        129,
                        453
                    ]
                },
                {
                    "text": "hardness",
                    "box": [
                        135,
                        439,
                        192,
                        453
                    ]
                },
                {
                    "text": "in",
                    "box": [
                        197,
                        443,
                        213,
                        454
                    ]
                },
                {
                    "text": "comparison",
                    "box": [
                        217,
                        443,
                        286,
                        455
                    ]
                },
                {
                    "text": "with",
                    "box": [
                        291,
                        441,
                        318,
                        455
                    ]
                },
                {
                    "text": "the",
                    "box": [
                        327,
                        444,
                        347,
                        455
                    ]
                },
                {
                    "text": "CTS300.",
                    "box": [
                        352,
                        445,
                        399,
                        455
                    ]
                },
                {
                    "text": "With",
                    "box": [
                        413,
                        445,
                        445,
                        455
                    ]
                },
                {
                    "text": "this",
                    "box": [
                        449,
                        445,
                        478,
                        457
                    ]
                },
                {
                    "text": "added,",
                    "box": [
                        485,
                        446,
                        520,
                        455
                    ]
                },
                {
                    "text": "measurement",
                    "box": [
                        524,
                        448,
                        600,
                        459
                    ]
                },
                {
                    "text": "R&D",
                    "box": [
                        605,
                        448,
                        627,
                        459
                    ]
                },
                {
                    "text": "will",
                    "box": [
                        631,
                        445,
                        661,
                        459
                    ]
                },
                {
                    "text": "be",
                    "box": [
                        66,
                        454,
                        82,
                        464
                    ]
                },
                {
                    "text": "able",
                    "box": [
                        89,
                        455,
                        115,
                        465
                    ]
                },
                {
                    "text": "to",
                    "box": [
                        120,
                        455,
                        136,
                        465
                    ]
                },
                {
                    "text": "replace",
                    "box": [
                        143,
                        454,
                        192,
                        469
                    ]
                },
                {
                    "text": "the",
                    "box": [
                        197,
                        456,
                        217,
                        465
                    ]
                },
                {
                    "text": "Firmness",
                    "box": [
                        223,
                        455,
                        277,
                        467
                    ]
                },
                {
                    "text": "Integrator",
                    "box": [
                        282,
                        458,
                        353,
                        468
                    ]
                },
                {
                    "text": "that",
                    "box": [
                        359,
                        459,
                        386,
                        469
                    ]
                },
                {
                    "text": "measures",
                    "box": [
                        392,
                        460,
                        452,
                        469
                    ]
                },
                {
                    "text": "cigarette",
                    "box": [
                        455,
                        459,
                        519,
                        473
                    ]
                },
                {
                    "text": "firmness",
                    "box": [
                        525,
                        460,
                        581,
                        472
                    ]
                },
                {
                    "text": "in",
                    "box": [
                        584,
                        460,
                        599,
                        470
                    ]
                },
                {
                    "text": "to",
                    "box": [
                        66,
                        468,
                        81,
                        479
                    ]
                },
                {
                    "text": "other",
                    "box": [
                        87,
                        468,
                        122,
                        479
                    ]
                },
                {
                    "text": "addition",
                    "box": [
                        607,
                        463,
                        661,
                        474
                    ]
                },
                {
                    "text": "measurements",
                    "box": [
                        127,
                        470,
                        212,
                        480
                    ]
                },
                {
                    "text": "that",
                    "box": [
                        216,
                        470,
                        245,
                        481
                    ]
                },
                {
                    "text": "are",
                    "box": [
                        251,
                        471,
                        271,
                        481
                    ]
                },
                {
                    "text": "mentioned",
                    "box": [
                        277,
                        469,
                        341,
                        483
                    ]
                },
                {
                    "text": "above.",
                    "box": [
                        345,
                        470,
                        387,
                        482
                    ]
                },
                {
                    "text": "The",
                    "box": [
                        399,
                        473,
                        421,
                        485
                    ]
                },
                {
                    "text": "Firmness",
                    "box": [
                        428,
                        473,
                        483,
                        485
                    ]
                },
                {
                    "text": "Integrator",
                    "box": [
                        489,
                        473,
                        559,
                        485
                    ]
                },
                {
                    "text": "is",
                    "box": [
                        566,
                        473,
                        580,
                        485
                    ]
                },
                {
                    "text": "no",
                    "box": [
                        584,
                        476,
                        601,
                        485
                    ]
                },
                {
                    "text": "longer",
                    "box": [
                        605,
                        474,
                        649,
                        488
                    ]
                },
                {
                    "text": "manufactured",
                    "box": [
                        65,
                        483,
                        152,
                        494
                    ]
                },
                {
                    "text": "and",
                    "box": [
                        155,
                        481,
                        177,
                        493
                    ]
                },
                {
                    "text": "parts",
                    "box": [
                        183,
                        483,
                        218,
                        498
                    ]
                },
                {
                    "text": "are",
                    "box": [
                        222,
                        485,
                        244,
                        494
                    ]
                },
                {
                    "text": "becoming",
                    "box": [
                        249,
                        481,
                        305,
                        496
                    ]
                },
                {
                    "text": "difficult",
                    "box": [
                        309,
                        483,
                        374,
                        497
                    ]
                },
                {
                    "text": "to",
                    "box": [
                        379,
                        486,
                        395,
                        495
                    ]
                },
                {
                    "text": "obtain.",
                    "box": [
                        399,
                        488,
                        446,
                        499
                    ]
                },
                {
                    "text": "Lastly,",
                    "box": [
                        461,
                        488,
                        502,
                        498
                    ]
                },
                {
                    "text": "",
                    "box": [
                        502,
                        493,
                        511,
                        500
                    ]
                },
                {
                    "text": "of",
                    "box": [
                        576,
                        489,
                        593,
                        501
                    ]
                },
                {
                    "text": "this",
                    "box": [
                        599,
                        488,
                        629,
                        499
                    ]
                },
                {
                    "text": "instrument",
                    "box": [
                        67,
                        496,
                        137,
                        507
                    ]
                },
                {
                    "text": "would",
                    "box": [
                        141,
                        496,
                        178,
                        507
                    ]
                },
                {
                    "text": "purchase",
                    "box": [
                        516,
                        488,
                        573,
                        502
                    ]
                },
                {
                    "text": "provide",
                    "box": [
                        182,
                        498,
                        229,
                        509
                    ]
                },
                {
                    "text": "similar",
                    "box": [
                        234,
                        498,
                        283,
                        509
                    ]
                },
                {
                    "text": "capability",
                    "box": [
                        292,
                        496,
                        359,
                        510
                    ]
                },
                {
                    "text": "as",
                    "box": [
                        364,
                        499,
                        381,
                        510
                    ]
                },
                {
                    "text": "the",
                    "box": [
                        385,
                        500,
                        409,
                        510
                    ]
                },
                {
                    "text": "Macon",
                    "box": [
                        411,
                        500,
                        448,
                        509
                    ]
                },
                {
                    "text": "Plant",
                    "box": [
                        454,
                        499,
                        491,
                        510
                    ]
                },
                {
                    "text": "and",
                    "box": [
                        496,
                        502,
                        520,
                        512
                    ]
                },
                {
                    "text": "help",
                    "box": [
                        521,
                        502,
                        553,
                        512
                    ]
                },
                {
                    "text": "facilitate",
                    "box": [
                        556,
                        500,
                        628,
                        514
                    ]
                },
                {
                    "text": "comparisions",
                    "box": [
                        69,
                        507,
                        150,
                        521
                    ]
                },
                {
                    "text": "between",
                    "box": [
                        153,
                        509,
                        204,
                        523
                    ]
                },
                {
                    "text": "laboratories.",
                    "box": [
                        209,
                        510,
                        298,
                        522
                    ]
                }
            ],
            "id": 77
        },
        {
            "text": "ESTIMATED SPENDING SCHEDULE",
            "box": [
                268,
                577,
                455,
                591
            ],
            "linking": [],
            "label": "title",
            "words": [
                {
                    "text": "ESTIMATED",
                    "box": [
                        268,
                        577,
                        332,
                        589
                    ]
                },
                {
                    "text": "SPENDING",
                    "box": [
                        337,
                        579,
                        393,
                        591
                    ]
                },
                {
                    "text": "SCHEDULE",
                    "box": [
                        398,
                        579,
                        455,
                        589
                    ]
                }
            ],
            "id": 78
        },
        {
            "text": "Balance to Spend",
            "box": [
                403,
                602,
                515,
                617
            ],
            "linking": [
                [
                    79,
                    34
                ],
                [
                    79,
                    35
                ]
            ],
            "label": "title",
            "words": [
                {
                    "text": "Balance",
                    "box": [
                        403,
                        603,
                        455,
                        613
                    ]
                },
                {
                    "text": "to",
                    "box": [
                        460,
                        603,
                        476,
                        614
                    ]
                },
                {
                    "text": "Spend",
                    "box": [
                        483,
                        602,
                        515,
                        617
                    ]
                }
            ],
            "id": 79
        },
        {
            "text": "Spent Prior to",
            "box": [
                44,
                600,
                141,
                611
            ],
            "linking": [
                [
                    80,
                    38
                ]
            ],
            "label": "question",
            "words": [
                {
                    "text": "Spent",
                    "box": [
                        44,
                        600,
                        79,
                        611
                    ]
                },
                {
                    "text": "Prior",
                    "box": [
                        86,
                        600,
                        121,
                        611
                    ]
                },
                {
                    "text": "to",
                    "box": [
                        126,
                        601,
                        141,
                        610
                    ]
                }
            ],
            "id": 80
        },
        {
            "text": "1989 SPENDING BY QUARTER",
            "box": [
                193,
                668,
                359,
                684
            ],
            "linking": [],
            "label": "other",
            "words": [
                {
                    "text": "1989",
                    "box": [
                        193,
                        668,
                        222,
                        682
                    ]
                },
                {
                    "text": "SPENDING",
                    "box": [
                        228,
                        670,
                        284,
                        682
                    ]
                },
                {
                    "text": "BY",
                    "box": [
                        287,
                        672,
                        303,
                        682
                    ]
                },
                {
                    "text": "QUARTER",
                    "box": [
                        308,
                        670,
                        359,
                        684
                    ]
                }
            ],
            "id": 81
        },
        {
            "text": "Approved by",
            "box": [
                394,
                844,
                475,
                859
            ],
            "linking": [],
            "label": "question",
            "words": [
                {
                    "text": "Approved",
                    "box": [
                        394,
                        845,
                        451,
                        857
                    ]
                },
                {
                    "text": "by",
                    "box": [
                        458,
                        844,
                        475,
                        859
                    ]
                }
            ],
            "id": 82
        },
        {
            "text": "Submitted by",
            "box": [
                42,
                840,
                125,
                854
            ],
            "linking": [
                [
                    83,
                    84
                ]
            ],
            "label": "question",
            "words": [
                {
                    "text": "Submitted",
                    "box": [
                        42,
                        840,
                        104,
                        852
                    ]
                },
                {
                    "text": "by",
                    "box": [
                        110,
                        842,
                        125,
                        854
                    ]
                }
            ],
            "id": 83
        },
        {
            "text": "W. O. Crain",
            "box": [
                61,
                858,
                140,
                872
            ],
            "linking": [
                [
                    83,
                    84
                ]
            ],
            "label": "answer",
            "words": [
                {
                    "text": "W.",
                    "box": [
                        61,
                        858,
                        77,
                        870
                    ]
                },
                {
                    "text": "O.",
                    "box": [
                        82,
                        860,
                        96,
                        870
                    ]
                },
                {
                    "text": "Crain",
                    "box": [
                        105,
                        860,
                        140,
                        872
                    ]
                }
            ],
            "id": 84
        },
        {
            "text": "Beyond 1993",
            "box": [
                485,
                808,
                527,
                830
            ],
            "linking": [
                [
                    52,
                    85
                ]
            ],
            "label": "answer",
            "words": [
                {
                    "text": "Beyond",
                    "box": [
                        485,
                        808,
                        527,
                        819
                    ]
                },
                {
                    "text": "1993",
                    "box": [
                        493,
                        819,
                        523,
                        830
                    ]
                }
            ],
            "id": 85
        }
    ]
}