{
    "form": [
        {
            "box": [
                88,
                85,
                125,
                103
            ],
            "text": "Date:",
            "label": "question",
            "words": [
                {
                    "box": [
                        88,
                        85,
                        125,
                        103
                    ],
                    "text": "Date:"
                }
            ],
            "linking": [
                [
                    0,
                    21
                ]
            ],
            "id": 0
        },
        {
            "box": [
                88,
                112,
                179,
                131
            ],
            "text": "Description:",
            "label": "question",
            "words": [
                {
                    "box": [
                        88,
                        112,
                        179,
                        131
                    ],
                    "text": "Description:"
                }
            ],
            "linking": [
                [
                    1,
                    23
                ],
                [
                    1,
                    24
                ]
            ],
            "id": 1
        },
        {
            "box": [
                493,
                82,
                517,
                100
            ],
            "text": "No.",
            "label": "question",
            "words": [
                {
                    "box": [
                        493,
                        82,
                        517,
                        100
                    ],
                    "text": "No."
                }
            ],
            "linking": [
                [
                    2,
                    22
                ]
            ],
            "id": 2
        },
        {
            "box": [
                91,
                177,
                157,
                189
            ],
            "text": "Supplier:",
            "label": "question",
            "words": [
                {
                    "box": [
                        91,
                        177,
                        157,
                        189
                    ],
                    "text": "Supplier:"
                }
            ],
            "linking": [
                [
                    3,
                    25
                ]
            ],
            "id": 3
        },
        {
            "box": [
                90,
                290,
                159,
                309
            ],
            "text": "Reasons:",
            "label": "question",
            "words": [
                {
                    "box": [
                        90,
                        290,
                        159,
                        309
                    ],
                    "text": "Reasons:"
                }
            ],
            "linking": [
                [
                    4,
                    32
                ]
            ],
            "id": 4
        },
        {
            "box": [
                207,
                235,
                280,
                250
            ],
            "text": "Increase",
            "label": "question",
            "words": [
                {
                    "box": [
                        207,
                        235,
                        280,
                        250
                    ],
                    "text": "Increase"
                }
            ],
            "linking": [
                [
                    28,
                    5
                ]
            ],
            "id": 5
        },
        {
            "box": [
                301,
                232,
                365,
                248
            ],
            "text": "Decrease",
            "label": "question",
            "words": [
                {
                    "box": [
                        301,
                        232,
                        365,
                        248
                    ],
                    "text": "Decrease"
                }
            ],
            "linking": [
                [
                    28,
                    6
                ]
            ],
            "id": 6
        },
        {
            "box": [
                201,
                431,
                312,
                534
            ],
            "text": "",
            "label": "other",
            "words": [
                {
                    "box": [
                        201,
                        431,
                        312,
                        534
                    ],
                    "text": ""
                }
            ],
            "linking": [],
            "id": 7
        },
        {
            "box": [
                85,
                394,
                166,
                413
            ],
            "text": "PROJECTED:",
            "label": "title",
            "words": [
                {
                    "box": [
                        85,
                        394,
                        166,
                        413
                    ],
                    "text": "PROJECTED:"
                }
            ],
            "linking": [
                [
                    8,
                    33
                ],
                [
                    8,
                    34
                ],
                [
                    8,
                    35
                ],
                [
                    8,
                    36
                ]
            ],
            "id": 8
        },
        {
            "box": [
                573,
                409,
                612,
                424
            ],
            "text": "1987",
            "label": "question",
            "words": [
                {
                    "box": [
                        573,
                        409,
                        612,
                        424
                    ],
                    "text": "1987"
                }
            ],
            "linking": [
                [
                    9,
                    38
                ],
                [
                    9,
                    39
                ],
                [
                    9,
                    40
                ]
            ],
            "id": 9
        },
        {
            "box": [
                226,
                561,
                266,
                573
            ],
            "text": "Com-",
            "label": "other",
            "words": [
                {
                    "box": [
                        226,
                        561,
                        266,
                        573
                    ],
                    "text": "Com-"
                }
            ],
            "linking": [],
            "id": 10
        },
        {
            "box": [
                88,
                871,
                115,
                884
            ],
            "text": "cc:",
            "label": "question",
            "words": [
                {
                    "box": [
                        88,
                        871,
                        115,
                        884
                    ],
                    "text": "cc:"
                }
            ],
            "linking": [
                [
                    11,
                    57
                ],
                [
                    11,
                    58
                ],
                [
                    11,
                    59
                ]
            ],
            "id": 11
        },
        {
            "box": [
                442,
                810,
                476,
                829
            ],
            "text": "Date",
            "label": "question",
            "words": [
                {
                    "box": [
                        442,
                        810,
                        476,
                        829
                    ],
                    "text": "Date"
                }
            ],
            "linking": [
                [
                    12,
                    51
                ]
            ],
            "id": 12
        },
        {
            "box": [
                443,
                781,
                474,
                797
            ],
            "text": "Date",
            "label": "question",
            "words": [
                {
                    "box": [
                        443,
                        781,
                        474,
                        797
                    ],
                    "text": "Date"
                }
            ],
            "linking": [],
            "id": 13
        },
        {
            "box": [
                442,
                750,
                475,
                769
            ],
            "text": "Date",
            "label": "question",
            "words": [
                {
                    "box": [
                        442,
                        750,
                        475,
                        769
                    ],
                    "text": "Date"
                }
            ],
            "linking": [],
            "id": 14
        },
        {
            "box": [
                442,
                722,
                476,
                737
            ],
            "text": "Date",
            "label": "question",
            "words": [
                {
                    "box": [
                        442,
                        722,
                        476,
                        737
                    ],
                    "text": "Date"
                }
            ],
            "linking": [],
            "id": 15
        },
        {
            "box": [
                442,
                693,
                479,
                709
            ],
            "text": "Date",
            "label": "question",
            "words": [
                {
                    "box": [
                        442,
                        693,
                        479,
                        709
                    ],
                    "text": "Date"
                }
            ],
            "linking": [
                [
                    16,
                    50
                ]
            ],
            "id": 16
        },
        {
            "box": [
                85,
                945,
                149,
                961
            ],
            "text": "MRD00008",
            "label": "other",
            "words": [
                {
                    "box": [
                        85,
                        945,
                        149,
                        961
                    ],
                    "text": "MRD00008"
                }
            ],
            "linking": [],
            "id": 17
        },
        {
            "box": [
                608,
                934,
                732,
                962
            ],
            "text": "465915249",
            "label": "other",
            "words": [
                {
                    "box": [
                        608,
                        934,
                        732,
                        962
                    ],
                    "text": "465915249"
                }
            ],
            "linking": [],
            "id": 18
        },
        {
            "box": [
                253,
                829,
                293,
                842
            ],
            "text": "",
            "label": "question",
            "words": [
                {
                    "box": [
                        253,
                        829,
                        293,
                        842
                    ],
                    "text": ""
                }
            ],
            "linking": [],
            "id": 19
        },
        {
            "text": "CHANGE OF AUTHORIZED COST",
            "box": [
                289,
                70,
                473,
                88
            ],
            "linking": [],
            "label": "title",
            "words": [
                {
                    "text": "CHANGE",
                    "box": [
                        289,
                        75,
                        334,
                        87
                    ]
                },
                {
                    "text": "OF",
                    "box": [
                        341,
                        73,
                        356,
                        86
                    ]
                },
                {
                    "text": "AUTHORIZED",
                    "box": [
                        362,
                        70,
                        437,
                        86
                    ]
                },
                {
                    "text": "COST",
                    "box": [
                        443,
                        72,
                        473,
                        88
                    ]
                }
            ],
            "id": 20
        },
        {
            "text": "12- -4 -87",
            "box": [
                150,
                87,
                216,
                102
            ],
            "linking": [
                [
                    0,
                    21
                ]
            ],
            "label": "answer",
            "words": [
                {
                    "text": "12-",
                    "box": [
                        150,
                        88,
                        168,
                        101
                    ]
                },
                {
                    "text": "-4",
                    "box": [
                        171,
                        90,
                        187,
                        102
                    ]
                },
                {
                    "text": "-87",
                    "box": [
                        189,
                        87,
                        216,
                        100
                    ]
                }
            ],
            "id": 21
        },
        {
            "text": "C -5-51",
            "box": [
                552,
                85,
                588,
                103
            ],
            "linking": [
                [
                    2,
                    22
                ]
            ],
            "label": "answer",
            "words": [
                {
                    "text": "C",
                    "box": [
                        552,
                        85,
                        565,
                        103
                    ]
                },
                {
                    "text": "-5-51",
                    "box": [
                        566,
                        85,
                        588,
                        103
                    ]
                }
            ],
            "id": 22
        },
        {
            "text": "CAPRI A&U EXPANSION - CALIFORNIA: WAVE 2 (87 -113) ,",
            "box": [
                204,
                112,
                653,
                133
            ],
            "linking": [
                [
                    1,
                    23
                ]
            ],
            "label": "answer",
            "words": [
                {
                    "text": "CAPRI",
                    "box": [
                        204,
                        118,
                        246,
                        131
                    ]
                },
                {
                    "text": "A&U",
                    "box": [
                        253,
                        115,
                        286,
                        131
                    ]
                },
                {
                    "text": "EXPANSION",
                    "box": [
                        292,
                        115,
                        371,
                        131
                    ]
                },
                {
                    "text": "-",
                    "box": [
                        380,
                        118,
                        389,
                        128
                    ]
                },
                {
                    "text": "CALIFORNIA:",
                    "box": [
                        397,
                        114,
                        497,
                        130
                    ]
                },
                {
                    "text": "WAVE",
                    "box": [
                        512,
                        114,
                        546,
                        130
                    ]
                },
                {
                    "text": "2",
                    "box": [
                        554,
                        115,
                        566,
                        131
                    ]
                },
                {
                    "text": "(87",
                    "box": [
                        578,
                        112,
                        602,
                        133
                    ]
                },
                {
                    "text": "-113)",
                    "box": [
                        603,
                        112,
                        643,
                        130
                    ]
                },
                {
                    "text": ",",
                    "box": [
                        644,
                        120,
                        653,
                        132
                    ]
                }
            ],
            "id": 23
        },
        {
            "text": "WAVE 3 (87 –114) AND WAVE 4 (87 -115) .",
            "box": [
                105,
                142,
                426,
                163
            ],
            "linking": [
                [
                    1,
                    24
                ]
            ],
            "label": "answer",
            "words": [
                {
                    "text": "WAVE",
                    "box": [
                        105,
                        145,
                        144,
                        161
                    ]
                },
                {
                    "text": "3",
                    "box": [
                        151,
                        148,
                        160,
                        160
                    ]
                },
                {
                    "text": "(87",
                    "box": [
                        171,
                        147,
                        195,
                        160
                    ]
                },
                {
                    "text": "–114)",
                    "box": [
                        195,
                        144,
                        238,
                        162
                    ]
                },
                {
                    "text": "AND",
                    "box": [
                        249,
                        148,
                        274,
                        160
                    ]
                },
                {
                    "text": "WAVE",
                    "box": [
                        280,
                        145,
                        319,
                        160
                    ]
                },
                {
                    "text": "4",
                    "box": [
                        326,
                        147,
                        339,
                        160
                    ]
                },
                {
                    "text": "(87",
                    "box": [
                        347,
                        142,
                        369,
                        163
                    ]
                },
                {
                    "text": "-115)",
                    "box": [
                        373,
                        144,
                        413,
                        160
                    ]
                },
                {
                    "text": ".",
                    "box": [
                        416,
                        151,
                        426,
                        163
                    ]
                }
            ],
            "id": 24
        },
        {
            "text": "Kapuler Marketing Research",
            "box": [
                204,
                177,
                430,
                193
            ],
            "linking": [
                [
                    3,
                    25
                ]
            ],
            "label": "answer",
            "words": [
                {
                    "text": "Kapuler",
                    "box": [
                        204,
                        177,
                        267,
                        190
                    ]
                },
                {
                    "text": "Marketing",
                    "box": [
                        274,
                        177,
                        356,
                        193
                    ]
                },
                {
                    "text": "Research",
                    "box": [
                        361,
                        177,
                        430,
                        192
                    ]
                }
            ],
            "id": 25
        },
        {
            "text": "Previous $ Commitments This Project",
            "box": [
                90,
                202,
                349,
                220
            ],
            "linking": [
                [
                    26,
                    27
                ]
            ],
            "label": "question",
            "words": [
                {
                    "text": "Previous",
                    "box": [
                        90,
                        204,
                        147,
                        219
                    ]
                },
                {
                    "text": "$",
                    "box": [
                        156,
                        205,
                        166,
                        217
                    ]
                },
                {
                    "text": "Commitments",
                    "box": [
                        172,
                        202,
                        253,
                        220
                    ]
                },
                {
                    "text": "This",
                    "box": [
                        262,
                        204,
                        289,
                        220
                    ]
                },
                {
                    "text": "Project",
                    "box": [
                        295,
                        204,
                        349,
                        220
                    ]
                }
            ],
            "id": 26
        },
        {
            "text": "$ 212, 475 + 10%",
            "box": [
                395,
                202,
                531,
                221
            ],
            "linking": [
                [
                    26,
                    27
                ]
            ],
            "label": "answer",
            "words": [
                {
                    "text": "$",
                    "box": [
                        395,
                        204,
                        408,
                        219
                    ]
                },
                {
                    "text": "212,",
                    "box": [
                        424,
                        205,
                        458,
                        221
                    ]
                },
                {
                    "text": "475",
                    "box": [
                        458,
                        204,
                        488,
                        220
                    ]
                },
                {
                    "text": "+",
                    "box": [
                        491,
                        204,
                        504,
                        217
                    ]
                },
                {
                    "text": "10%",
                    "box": [
                        503,
                        202,
                        531,
                        220
                    ]
                }
            ],
            "id": 27
        },
        {
            "text": "Amt. of Change:",
            "box": [
                90,
                232,
                199,
                250
            ],
            "linking": [
                [
                    28,
                    5
                ],
                [
                    28,
                    6
                ]
            ],
            "label": "title",
            "words": [
                {
                    "text": "Amt.",
                    "box": [
                        90,
                        232,
                        120,
                        248
                    ]
                },
                {
                    "text": "of",
                    "box": [
                        127,
                        232,
                        143,
                        248
                    ]
                },
                {
                    "text": "Change:",
                    "box": [
                        150,
                        232,
                        199,
                        250
                    ]
                }
            ],
            "id": 28
        },
        {
            "text": "$ NA ( % Change)",
            "box": [
                397,
                232,
                666,
                250
            ],
            "linking": [],
            "label": "other",
            "words": [
                {
                    "text": "$",
                    "box": [
                        397,
                        235,
                        410,
                        248
                    ]
                },
                {
                    "text": "NA",
                    "box": [
                        442,
                        235,
                        460,
                        250
                    ]
                },
                {
                    "text": "(",
                    "box": [
                        516,
                        232,
                        534,
                        248
                    ]
                },
                {
                    "text": "%",
                    "box": [
                        596,
                        235,
                        609,
                        247
                    ]
                },
                {
                    "text": "Change)",
                    "box": [
                        614,
                        232,
                        666,
                        250
                    ]
                }
            ],
            "id": 29
        },
        {
            "text": "$ 212, 475 + 10%",
            "box": [
                395,
                262,
                530,
                281
            ],
            "linking": [
                [
                    31,
                    30
                ]
            ],
            "label": "answer",
            "words": [
                {
                    "text": "$",
                    "box": [
                        395,
                        263,
                        410,
                        276
                    ]
                },
                {
                    "text": "212,",
                    "box": [
                        424,
                        262,
                        457,
                        281
                    ]
                },
                {
                    "text": "475",
                    "box": [
                        458,
                        263,
                        485,
                        279
                    ]
                },
                {
                    "text": "+",
                    "box": [
                        493,
                        262,
                        502,
                        281
                    ]
                },
                {
                    "text": "10%",
                    "box": [
                        506,
                        263,
                        530,
                        281
                    ]
                }
            ],
            "id": 30
        },
        {
            "text": "Adjusted Total Cost of Project:",
            "box": [
                90,
                262,
                320,
                278
            ],
            "linking": [
                [
                    31,
                    30
                ]
            ],
            "label": "question",
            "words": [
                {
                    "text": "Adjusted",
                    "box": [
                        90,
                        262,
                        153,
                        278
                    ]
                },
                {
                    "text": "Total",
                    "box": [
                        157,
                        262,
                        193,
                        277
                    ]
                },
                {
                    "text": "Cost",
                    "box": [
                        201,
                        263,
                        231,
                        278
                    ]
                },
                {
                    "text": "of",
                    "box": [
                        238,
                        263,
                        251,
                        278
                    ]
                },
                {
                    "text": "Project:",
                    "box": [
                        260,
                        262,
                        320,
                        277
                    ]
                }
            ],
            "id": 31
        },
        {
            "text": "Adjustment due to timing of projects falling into 1988.",
            "box": [
                201,
                319,
                594,
                349
            ],
            "linking": [
                [
                    4,
                    32
                ]
            ],
            "label": "answer",
            "words": [
                {
                    "text": "Adjustment",
                    "box": [
                        201,
                        322,
                        291,
                        335
                    ]
                },
                {
                    "text": "due",
                    "box": [
                        299,
                        322,
                        326,
                        334
                    ]
                },
                {
                    "text": "to",
                    "box": [
                        337,
                        319,
                        356,
                        335
                    ]
                },
                {
                    "text": "timing",
                    "box": [
                        364,
                        320,
                        416,
                        333
                    ]
                },
                {
                    "text": "of",
                    "box": [
                        424,
                        319,
                        443,
                        334
                    ]
                },
                {
                    "text": "projects",
                    "box": [
                        451,
                        319,
                        521,
                        332
                    ]
                },
                {
                    "text": "falling",
                    "box": [
                        533,
                        319,
                        594,
                        335
                    ]
                },
                {
                    "text": "into",
                    "box": [
                        205,
                        337,
                        242,
                        349
                    ]
                },
                {
                    "text": "1988.",
                    "box": [
                        247,
                        337,
                        289,
                        349
                    ]
                }
            ],
            "id": 32
        },
        {
            "text": "Internal Init. Date",
            "box": [
                90,
                424,
                232,
                442
            ],
            "linking": [
                [
                    8,
                    33
                ]
            ],
            "label": "question",
            "words": [
                {
                    "text": "Internal",
                    "box": [
                        90,
                        424,
                        151,
                        442
                    ]
                },
                {
                    "text": "Init.",
                    "box": [
                        157,
                        425,
                        196,
                        441
                    ]
                },
                {
                    "text": "Date",
                    "box": [
                        202,
                        425,
                        232,
                        440
                    ]
                }
            ],
            "id": 33
        },
        {
            "text": "Ext. Auth. Date",
            "box": [
                88,
                454,
                202,
                471
            ],
            "linking": [
                [
                    8,
                    34
                ]
            ],
            "label": "question",
            "words": [
                {
                    "text": "Ext.",
                    "box": [
                        88,
                        454,
                        121,
                        467
                    ]
                },
                {
                    "text": "Auth.",
                    "box": [
                        126,
                        454,
                        160,
                        470
                    ]
                },
                {
                    "text": "Date",
                    "box": [
                        171,
                        455,
                        202,
                        471
                    ]
                }
            ],
            "id": 34
        },
        {
            "text": "Field Complete",
            "box": [
                87,
                482,
                199,
                502
            ],
            "linking": [
                [
                    8,
                    35
                ]
            ],
            "label": "question",
            "words": [
                {
                    "text": "Field",
                    "box": [
                        87,
                        482,
                        129,
                        500
                    ]
                },
                {
                    "text": "Complete",
                    "box": [
                        135,
                        484,
                        199,
                        502
                    ]
                }
            ],
            "id": 35
        },
        {
            "text": "Final Report Due (Supplier Rpt.)",
            "box": [
                88,
                512,
                213,
                546
            ],
            "linking": [
                [
                    8,
                    36
                ]
            ],
            "label": "question",
            "words": [
                {
                    "text": "Final",
                    "box": [
                        88,
                        513,
                        128,
                        529
                    ]
                },
                {
                    "text": "Report",
                    "box": [
                        136,
                        512,
                        181,
                        527
                    ]
                },
                {
                    "text": "Due",
                    "box": [
                        186,
                        513,
                        213,
                        528
                    ]
                },
                {
                    "text": "(Supplier",
                    "box": [
                        88,
                        528,
                        157,
                        544
                    ]
                },
                {
                    "text": "Rpt.)",
                    "box": [
                        163,
                        527,
                        202,
                        546
                    ]
                }
            ],
            "id": 36
        },
        {
            "text": "Summary of Research Budget",
            "box": [
                323,
                394,
                519,
                413
            ],
            "linking": [
                [
                    37,
                    41
                ],
                [
                    37,
                    42
                ],
                [
                    37,
                    43
                ],
                [
                    37,
                    44
                ]
            ],
            "label": "title",
            "words": [
                {
                    "text": "Summary",
                    "box": [
                        323,
                        394,
                        380,
                        413
                    ]
                },
                {
                    "text": "of",
                    "box": [
                        386,
                        395,
                        401,
                        411
                    ]
                },
                {
                    "text": "Research",
                    "box": [
                        406,
                        397,
                        467,
                        412
                    ]
                },
                {
                    "text": "Budget",
                    "box": [
                        473,
                        395,
                        519,
                        413
                    ]
                }
            ],
            "id": 37
        },
        {
            "text": "",
            "box": [
                543,
                424,
                636,
                441
            ],
            "linking": [
                [
                    41,
                    38
                ],
                [
                    9,
                    38
                ]
            ],
            "label": "answer",
            "words": [
                {
                    "text": "",
                    "box": [
                        543,
                        425,
                        577,
                        441
                    ]
                },
                {
                    "text": "",
                    "box": [
                        581,
                        425,
                        617,
                        441
                    ]
                },
                {
                    "text": "",
                    "box": [
                        617,
                        424,
                        636,
                        439
                    ]
                }
            ],
            "id": 38
        },
        {
            "text": "(886, 220. 53)",
            "box": [
                540,
                451,
                642,
                472
            ],
            "linking": [
                [
                    42,
                    39
                ],
                [
                    9,
                    39
                ]
            ],
            "label": "answer",
            "words": [
                {
                    "text": "(886,",
                    "box": [
                        540,
                        451,
                        580,
                        469
                    ]
                },
                {
                    "text": "220.",
                    "box": [
                        584,
                        454,
                        618,
                        470
                    ]
                },
                {
                    "text": "53)",
                    "box": [
                        617,
                        454,
                        642,
                        472
                    ]
                }
            ],
            "id": 39
        },
        {
            "text": "+14, 165. 00",
            "box": [
                545,
                481,
                636,
                502
            ],
            "linking": [
                [
                    43,
                    40
                ],
                [
                    9,
                    40
                ]
            ],
            "label": "answer",
            "words": [
                {
                    "text": "+14,",
                    "box": [
                        545,
                        482,
                        579,
                        501
                    ]
                },
                {
                    "text": "165.",
                    "box": [
                        585,
                        481,
                        616,
                        502
                    ]
                },
                {
                    "text": "00",
                    "box": [
                        615,
                        482,
                        636,
                        500
                    ]
                }
            ],
            "id": 40
        },
        {
            "text": "Total Area Budget:",
            "box": [
                325,
                422,
                457,
                440
            ],
            "linking": [
                [
                    37,
                    41
                ],
                [
                    41,
                    38
                ]
            ],
            "label": "question",
            "words": [
                {
                    "text": "Total",
                    "box": [
                        325,
                        422,
                        361,
                        440
                    ]
                },
                {
                    "text": "Area",
                    "box": [
                        370,
                        425,
                        400,
                        440
                    ]
                },
                {
                    "text": "Budget:",
                    "box": [
                        406,
                        424,
                        457,
                        440
                    ]
                }
            ],
            "id": 41
        },
        {
            "text": "Current Balance Available:",
            "box": [
                323,
                454,
                520,
                471
            ],
            "linking": [
                [
                    37,
                    42
                ],
                [
                    42,
                    39
                ]
            ],
            "label": "question",
            "words": [
                {
                    "text": "Current",
                    "box": [
                        323,
                        457,
                        378,
                        469
                    ]
                },
                {
                    "text": "Balance",
                    "box": [
                        383,
                        454,
                        438,
                        470
                    ]
                },
                {
                    "text": "Available:",
                    "box": [
                        445,
                        455,
                        520,
                        471
                    ]
                }
            ],
            "id": 42
        },
        {
            "text": "This Change: (From Current Budget)",
            "box": [
                322,
                484,
                481,
                516
            ],
            "linking": [
                [
                    37,
                    43
                ],
                [
                    43,
                    40
                ]
            ],
            "label": "question",
            "words": [
                {
                    "text": "This",
                    "box": [
                        325,
                        484,
                        356,
                        497
                    ]
                },
                {
                    "text": "Change:",
                    "box": [
                        362,
                        484,
                        413,
                        499
                    ]
                },
                {
                    "text": "(From",
                    "box": [
                        322,
                        500,
                        364,
                        513
                    ]
                },
                {
                    "text": "Current",
                    "box": [
                        370,
                        501,
                        421,
                        516
                    ]
                },
                {
                    "text": "Budget)",
                    "box": [
                        430,
                        500,
                        481,
                        515
                    ]
                }
            ],
            "id": 43
        },
        {
            "text": "This Amount",
            "box": [
                323,
                527,
                405,
                544
            ],
            "linking": [
                [
                    37,
                    44
                ],
                [
                    44,
                    46
                ]
            ],
            "label": "question",
            "words": [
                {
                    "text": "This",
                    "box": [
                        323,
                        527,
                        353,
                        543
                    ]
                },
                {
                    "text": "Amount",
                    "box": [
                        362,
                        528,
                        405,
                        544
                    ]
                }
            ],
            "id": 44
        },
        {
            "text": "(From Next Year' s Budget)",
            "box": [
                326,
                545,
                514,
                561
            ],
            "linking": [],
            "label": "question",
            "words": [
                {
                    "text": "(From",
                    "box": [
                        326,
                        546,
                        363,
                        561
                    ]
                },
                {
                    "text": "Next",
                    "box": [
                        365,
                        545,
                        399,
                        558
                    ]
                },
                {
                    "text": "Year'",
                    "box": [
                        407,
                        545,
                        441,
                        558
                    ]
                },
                {
                    "text": "s",
                    "box": [
                        445,
                        545,
                        454,
                        558
                    ]
                },
                {
                    "text": "Budget)",
                    "box": [
                        457,
                        545,
                        514,
                        560
                    ]
                }
            ],
            "id": 45
        },
        {
            "text": "-14, 165. 00",
            "box": [
                421,
                528,
                515,
                543
            ],
            "linking": [
                [
                    44,
                    46
                ]
            ],
            "label": "answer",
            "words": [
                {
                    "text": "-14,",
                    "box": [
                        421,
                        528,
                        457,
                        543
                    ]
                },
                {
                    "text": "165.",
                    "box": [
                        461,
                        530,
                        492,
                        542
                    ]
                },
                {
                    "text": "00",
                    "box": [
                        496,
                        528,
                        515,
                        543
                    ]
                }
            ],
            "id": 46
        },
        {
            "text": "Start plete FR",
            "box": [
                174,
                575,
                327,
                591
            ],
            "linking": [
                [
                    47,
                    68
                ]
            ],
            "label": "question",
            "words": [
                {
                    "text": "Start",
                    "box": [
                        174,
                        575,
                        220,
                        590
                    ]
                },
                {
                    "text": "plete",
                    "box": [
                        226,
                        575,
                        274,
                        591
                    ]
                },
                {
                    "text": "FR",
                    "box": [
                        287,
                        575,
                        327,
                        588
                    ]
                }
            ],
            "id": 47
        },
        {
            "text": "(872, 055. 53)",
            "box": [
                540,
                584,
                642,
                605
            ],
            "linking": [
                [
                    67,
                    48
                ]
            ],
            "label": "answer",
            "words": [
                {
                    "text": "(872,",
                    "box": [
                        540,
                        584,
                        580,
                        605
                    ]
                },
                {
                    "text": "055.",
                    "box": [
                        584,
                        587,
                        615,
                        605
                    ]
                },
                {
                    "text": "53)",
                    "box": [
                        618,
                        587,
                        642,
                        603
                    ]
                }
            ],
            "id": 48
        },
        {
            "text": "1, 652, 955. 53",
            "box": [
                525,
                644,
                638,
                663
            ],
            "linking": [
                [
                    66,
                    49
                ]
            ],
            "label": "answer",
            "words": [
                {
                    "text": "1,",
                    "box": [
                        525,
                        648,
                        544,
                        663
                    ]
                },
                {
                    "text": "652,",
                    "box": [
                        546,
                        645,
                        582,
                        661
                    ]
                },
                {
                    "text": "955.",
                    "box": [
                        584,
                        644,
                        615,
                        663
                    ]
                },
                {
                    "text": "53",
                    "box": [
                        620,
                        645,
                        638,
                        660
                    ]
                }
            ],
            "id": 49
        },
        {
            "text": "12 -4 -87",
            "box": [
                549,
                692,
                612,
                708
            ],
            "linking": [
                [
                    16,
                    50
                ]
            ],
            "label": "answer",
            "words": [
                {
                    "text": "12",
                    "box": [
                        549,
                        692,
                        564,
                        705
                    ]
                },
                {
                    "text": "-4",
                    "box": [
                        567,
                        692,
                        582,
                        708
                    ]
                },
                {
                    "text": "-87",
                    "box": [
                        584,
                        692,
                        612,
                        708
                    ]
                }
            ],
            "id": 50
        },
        {
            "text": "12 /2 /87",
            "box": [
                525,
                799,
                650,
                830
            ],
            "linking": [
                [
                    12,
                    51
                ]
            ],
            "label": "answer",
            "words": [
                {
                    "text": "12",
                    "box": [
                        525,
                        805,
                        561,
                        826
                    ]
                },
                {
                    "text": "/2",
                    "box": [
                        563,
                        799,
                        593,
                        830
                    ]
                },
                {
                    "text": "/87",
                    "box": [
                        596,
                        799,
                        650,
                        830
                    ]
                }
            ],
            "id": 51
        },
        {
            "text": "1987 -113 /114 /115 -CA",
            "box": [
                504,
                867,
                672,
                888
            ],
            "linking": [
                [
                    53,
                    52
                ]
            ],
            "label": "answer",
            "words": [
                {
                    "text": "1987",
                    "box": [
                        504,
                        871,
                        537,
                        884
                    ]
                },
                {
                    "text": "-113",
                    "box": [
                        540,
                        871,
                        573,
                        887
                    ]
                },
                {
                    "text": "/114",
                    "box": [
                        573,
                        867,
                        607,
                        888
                    ]
                },
                {
                    "text": "/115",
                    "box": [
                        609,
                        870,
                        642,
                        888
                    ]
                },
                {
                    "text": "-CA",
                    "box": [
                        647,
                        870,
                        672,
                        883
                    ]
                }
            ],
            "id": 52
        },
        {
            "text": "Project No.",
            "box": [
                412,
                871,
                498,
                886
            ],
            "linking": [
                [
                    53,
                    52
                ]
            ],
            "label": "question",
            "words": [
                {
                    "text": "Project",
                    "box": [
                        412,
                        871,
                        466,
                        886
                    ]
                },
                {
                    "text": "No.",
                    "box": [
                        473,
                        871,
                        498,
                        884
                    ]
                }
            ],
            "id": 53
        },
        {
            "text": "Account Name",
            "box": [
                407,
                900,
                503,
                915
            ],
            "linking": [],
            "label": "question",
            "words": [
                {
                    "text": "Account",
                    "box": [
                        407,
                        901,
                        468,
                        914
                    ]
                },
                {
                    "text": "Name",
                    "box": [
                        473,
                        900,
                        503,
                        915
                    ]
                }
            ],
            "id": 54
        },
        {
            "text": "Original -",
            "box": [
                90,
                856,
                165,
                868
            ],
            "linking": [
                [
                    55,
                    56
                ]
            ],
            "label": "question",
            "words": [
                {
                    "text": "Original",
                    "box": [
                        90,
                        856,
                        151,
                        868
                    ]
                },
                {
                    "text": "-",
                    "box": [
                        156,
                        859,
                        165,
                        868
                    ]
                }
            ],
            "id": 55
        },
        {
            "text": "Project File",
            "box": [
                169,
                856,
                262,
                873
            ],
            "linking": [
                [
                    55,
                    56
                ]
            ],
            "label": "answer",
            "words": [
                {
                    "text": "Project",
                    "box": [
                        169,
                        858,
                        220,
                        873
                    ]
                },
                {
                    "text": "File",
                    "box": [
                        228,
                        856,
                        262,
                        869
                    ]
                }
            ],
            "id": 56
        },
        {
            "text": "S. Willinger (3)",
            "box": [
                168,
                870,
                287,
                887
            ],
            "linking": [
                [
                    11,
                    57
                ]
            ],
            "label": "answer",
            "words": [
                {
                    "text": "S.",
                    "box": [
                        168,
                        870,
                        186,
                        886
                    ]
                },
                {
                    "text": "Willinger",
                    "box": [
                        190,
                        874,
                        259,
                        887
                    ]
                },
                {
                    "text": "(3)",
                    "box": [
                        265,
                        870,
                        287,
                        886
                    ]
                }
            ],
            "id": 57
        },
        {
            "text": "G. D. Raphael",
            "box": [
                166,
                888,
                265,
                902
            ],
            "linking": [
                [
                    11,
                    58
                ]
            ],
            "label": "answer",
            "words": [
                {
                    "text": "G.",
                    "box": [
                        166,
                        889,
                        185,
                        902
                    ]
                },
                {
                    "text": "D.",
                    "box": [
                        187,
                        888,
                        208,
                        901
                    ]
                },
                {
                    "text": "Raphael",
                    "box": [
                        214,
                        889,
                        265,
                        901
                    ]
                }
            ],
            "id": 58
        },
        {
            "text": "V. Hansberry (If Int.)",
            "box": [
                160,
                900,
                335,
                917
            ],
            "linking": [
                [
                    11,
                    59
                ]
            ],
            "label": "answer",
            "words": [
                {
                    "text": "V.",
                    "box": [
                        160,
                        901,
                        187,
                        917
                    ]
                },
                {
                    "text": "Hansberry",
                    "box": [
                        192,
                        901,
                        259,
                        916
                    ]
                },
                {
                    "text": "(If",
                    "box": [
                        265,
                        901,
                        289,
                        916
                    ]
                },
                {
                    "text": "Int.)",
                    "box": [
                        293,
                        900,
                        335,
                        916
                    ]
                }
            ],
            "id": 59
        },
        {
            "text": "Budget Check",
            "box": [
                85,
                811,
                185,
                826
            ],
            "linking": [
                [
                    60,
                    69
                ]
            ],
            "label": "question",
            "words": [
                {
                    "text": "Budget",
                    "box": [
                        85,
                        811,
                        137,
                        826
                    ]
                },
                {
                    "text": "Check",
                    "box": [
                        142,
                        811,
                        185,
                        826
                    ]
                }
            ],
            "id": 60
        },
        {
            "text": "Approved By:",
            "box": [
                85,
                781,
                181,
                797
            ],
            "linking": [],
            "label": "question",
            "words": [
                {
                    "text": "Approved",
                    "box": [
                        85,
                        783,
                        149,
                        796
                    ]
                },
                {
                    "text": "By:",
                    "box": [
                        154,
                        781,
                        181,
                        797
                    ]
                }
            ],
            "id": 61
        },
        {
            "text": "Approved By:",
            "box": [
                88,
                749,
                176,
                768
            ],
            "linking": [],
            "label": "question",
            "words": [
                {
                    "text": "Approved",
                    "box": [
                        88,
                        751,
                        149,
                        766
                    ]
                },
                {
                    "text": "By:",
                    "box": [
                        154,
                        749,
                        176,
                        768
                    ]
                }
            ],
            "id": 62
        },
        {
            "text": "Approved By:",
            "box": [
                88,
                722,
                178,
                737
            ],
            "linking": [],
            "label": "question",
            "words": [
                {
                    "text": "Approved",
                    "box": [
                        88,
                        723,
                        151,
                        736
                    ]
                },
                {
                    "text": "By:",
                    "box": [
                        156,
                        722,
                        178,
                        737
                    ]
                }
            ],
            "id": 63
        },
        {
            "text": "Submitted By:",
            "box": [
                87,
                692,
                184,
                707
            ],
            "linking": [
                [
                    64,
                    65
                ]
            ],
            "label": "question",
            "words": [
                {
                    "text": "Submitted",
                    "box": [
                        87,
                        692,
                        156,
                        707
                    ]
                },
                {
                    "text": "By:",
                    "box": [
                        165,
                        693,
                        184,
                        706
                    ]
                }
            ],
            "id": 64
        },
        {
            "text": "S. L. Willinger",
            "box": [
                210,
                692,
                336,
                707
            ],
            "linking": [
                [
                    64,
                    65
                ]
            ],
            "label": "answer",
            "words": [
                {
                    "text": "S.",
                    "box": [
                        210,
                        693,
                        226,
                        706
                    ]
                },
                {
                    "text": "L.",
                    "box": [
                        231,
                        695,
                        247,
                        705
                    ]
                },
                {
                    "text": "Willinger",
                    "box": [
                        254,
                        692,
                        336,
                        707
                    ]
                }
            ],
            "id": 65
        },
        {
            "text": "Committed To Date:",
            "box": [
                323,
                645,
                458,
                663
            ],
            "linking": [
                [
                    66,
                    49
                ]
            ],
            "label": "question",
            "words": [
                {
                    "text": "Committed",
                    "box": [
                        323,
                        645,
                        393,
                        663
                    ]
                },
                {
                    "text": "To",
                    "box": [
                        400,
                        648,
                        413,
                        663
                    ]
                },
                {
                    "text": "Date:",
                    "box": [
                        419,
                        647,
                        458,
                        663
                    ]
                }
            ],
            "id": 66
        },
        {
            "text": "New Balance:",
            "box": [
                325,
                588,
                413,
                603
            ],
            "linking": [
                [
                    67,
                    48
                ]
            ],
            "label": "question",
            "words": [
                {
                    "text": "New",
                    "box": [
                        325,
                        590,
                        350,
                        600
                    ]
                },
                {
                    "text": "Balance:",
                    "box": [
                        356,
                        588,
                        413,
                        603
                    ]
                }
            ],
            "id": 67
        },
        {
            "text": "87 -113 (70, 825) 9 /23 10 /11 11 /16 87 -114 (70. 825) 10 /13 10 /29 12 /7 87 -115 (70, 825 11 /16 12 /7 1 /11",
            "box": [
                30,
                585,
                326,
                636
            ],
            "linking": [
                [
                    47,
                    68
                ]
            ],
            "label": "answer",
            "words": [
                {
                    "text": "87",
                    "box": [
                        33,
                        585,
                        52,
                        603
                    ]
                },
                {
                    "text": "-113",
                    "box": [
                        54,
                        588,
                        88,
                        603
                    ]
                },
                {
                    "text": "(70,",
                    "box": [
                        99,
                        585,
                        129,
                        604
                    ]
                },
                {
                    "text": "825)",
                    "box": [
                        132,
                        585,
                        166,
                        606
                    ]
                },
                {
                    "text": "9",
                    "box": [
                        181,
                        591,
                        193,
                        603
                    ]
                },
                {
                    "text": "/23",
                    "box": [
                        193,
                        590,
                        221,
                        605
                    ]
                },
                {
                    "text": "10",
                    "box": [
                        228,
                        585,
                        249,
                        601
                    ]
                },
                {
                    "text": "/11",
                    "box": [
                        244,
                        588,
                        275,
                        603
                    ]
                },
                {
                    "text": "11",
                    "box": [
                        281,
                        585,
                        297,
                        603
                    ]
                },
                {
                    "text": "/16",
                    "box": [
                        299,
                        590,
                        326,
                        603
                    ]
                },
                {
                    "text": "87",
                    "box": [
                        30,
                        606,
                        54,
                        619
                    ]
                },
                {
                    "text": "-114",
                    "box": [
                        57,
                        606,
                        90,
                        618
                    ]
                },
                {
                    "text": "(70.",
                    "box": [
                        96,
                        605,
                        129,
                        618
                    ]
                },
                {
                    "text": "825)",
                    "box": [
                        133,
                        602,
                        166,
                        621
                    ]
                },
                {
                    "text": "10",
                    "box": [
                        175,
                        606,
                        194,
                        618
                    ]
                },
                {
                    "text": "/13",
                    "box": [
                        195,
                        603,
                        220,
                        619
                    ]
                },
                {
                    "text": "10",
                    "box": [
                        231,
                        603,
                        249,
                        618
                    ]
                },
                {
                    "text": "/29",
                    "box": [
                        250,
                        603,
                        274,
                        619
                    ]
                },
                {
                    "text": "12",
                    "box": [
                        281,
                        605,
                        299,
                        620
                    ]
                },
                {
                    "text": "/7",
                    "box": [
                        301,
                        605,
                        320,
                        618
                    ]
                },
                {
                    "text": "87",
                    "box": [
                        36,
                        617,
                        52,
                        632
                    ]
                },
                {
                    "text": "-115",
                    "box": [
                        54,
                        618,
                        88,
                        636
                    ]
                },
                {
                    "text": "(70,",
                    "box": [
                        97,
                        617,
                        130,
                        633
                    ]
                },
                {
                    "text": "825",
                    "box": [
                        129,
                        620,
                        163,
                        635
                    ]
                },
                {
                    "text": "11",
                    "box": [
                        172,
                        621,
                        194,
                        633
                    ]
                },
                {
                    "text": "/16",
                    "box": [
                        196,
                        617,
                        221,
                        635
                    ]
                },
                {
                    "text": "12",
                    "box": [
                        228,
                        620,
                        244,
                        633
                    ]
                },
                {
                    "text": "/7",
                    "box": [
                        247,
                        620,
                        266,
                        633
                    ]
                },
                {
                    "text": "1",
                    "box": [
                        286,
                        618,
                        301,
                        633
                    ]
                },
                {
                    "text": "/11",
                    "box": [
                        304,
                        618,
                        326,
                        633
                    ]
                }
            ],
            "id": 68
        },
        {
            "text": "",
            "box": [
                186,
                795,
                346,
                847
            ],
            "linking": [
                [
                    60,
                    69
                ]
            ],
            "label": "answer",
            "words": [
                {
                    "text": "",
                    "box": [
                        186,
                        795,
                        226,
                        828
                    ]
                },
                {
                    "text": "",
                    "box": [
                        211,
                        796,
                        251,
                        827
                    ]
                },
                {
                    "text": "",
                    "box": [
                        246,
                        798,
                        346,
                        847
                    ]
                }
            ],
            "id": 69
        },
        {
            "text": "",
            "box": [
                210,
                828,
                244,
                838
            ],
            "linking": [],
            "label": "question",
            "words": [
                {
                    "text": "",
                    "box": [
                        210,
                        829,
                        225,
                        838
                    ]
                },
                {
                    "text": "",
                    "box": [
                        229,
                        828,
                        244,
                        838
                    ]
                }
            ],
            "id": 70
        }
    ]
}