{
    "form": [
        {
            "box": [
                95,
                258,
                142,
                278
            ],
            "text": "DATE:",
            "label": "question",
            "words": [
                {
                    "box": [
                        95,
                        258,
                        142,
                        278
                    ],
                    "text": "DATE:"
                }
            ],
            "linking": [
                [
                    0,
                    16
                ]
            ],
            "id": 0
        },
        {
            "box": [
                96,
                309,
                145,
                327
            ],
            "text": "FROM:",
            "label": "question",
            "words": [
                {
                    "box": [
                        96,
                        309,
                        145,
                        327
                    ],
                    "text": "FROM:"
                }
            ],
            "linking": [
                [
                    1,
                    17
                ]
            ],
            "id": 1
        },
        {
            "box": [
                98,
                359,
                125,
                374
            ],
            "text": "TO:",
            "label": "question",
            "words": [
                {
                    "box": [
                        98,
                        359,
                        125,
                        374
                    ],
                    "text": "TO:"
                }
            ],
            "linking": [
                [
                    2,
                    18
                ]
            ],
            "id": 2
        },
        {
            "box": [
                99,
                422,
                176,
                442
            ],
            "text": "ADDRESS:",
            "label": "question",
            "words": [
                {
                    "box": [
                        99,
                        422,
                        176,
                        442
                    ],
                    "text": "ADDRESS:"
                }
            ],
            "linking": [
                [
                    3,
                    20
                ],
                [
                    3,
                    21
                ]
            ],
            "id": 3
        },
        {
            "box": [
                487,
                173,
                528,
                181
            ],
            "text": "Telephone",
            "label": "question",
            "words": [
                {
                    "box": [
                        487,
                        173,
                        528,
                        181
                    ],
                    "text": "Telephone"
                }
            ],
            "linking": [
                [
                    4,
                    33
                ]
            ],
            "id": 4
        },
        {
            "box": [
                486,
                182,
                518,
                190
            ],
            "text": "Telefax",
            "label": "question",
            "words": [
                {
                    "box": [
                        486,
                        182,
                        518,
                        190
                    ],
                    "text": "Telefax"
                }
            ],
            "linking": [
                [
                    5,
                    34
                ]
            ],
            "id": 5
        },
        {
            "box": [
                98,
                626,
                132,
                643
            ],
            "text": "Re.:",
            "label": "question",
            "words": [
                {
                    "box": [
                        98,
                        626,
                        132,
                        643
                    ],
                    "text": "Re.:"
                }
            ],
            "linking": [
                [
                    6,
                    27
                ]
            ],
            "id": 6
        },
        {
            "box": [
                303,
                154,
                360,
                175
            ],
            "text": "2463",
            "label": "answer",
            "words": [
                {
                    "box": [
                        303,
                        154,
                        360,
                        175
                    ],
                    "text": "2463"
                }
            ],
            "linking": [
                [
                    14,
                    7
                ]
            ],
            "id": 7
        },
        {
            "box": [
                648,
                779,
                691,
                923
            ],
            "text": "2505430204",
            "label": "other",
            "words": [
                {
                    "box": [
                        648,
                        779,
                        691,
                        923
                    ],
                    "text": "2505430204"
                }
            ],
            "linking": [],
            "id": 8
        },
        {
            "box": [
                686,
                954,
                706,
                962
            ],
            "text": "27/94",
            "label": "other",
            "words": [
                {
                    "box": [
                        686,
                        954,
                        706,
                        962
                    ],
                    "text": "27/94"
                }
            ],
            "linking": [],
            "id": 9
        },
        {
            "box": [
                487,
                138,
                539,
                151
            ],
            "text": "Contract",
            "label": "title",
            "words": [
                {
                    "box": [
                        487,
                        138,
                        539,
                        151
                    ],
                    "text": "Contract"
                }
            ],
            "linking": [],
            "id": 10
        },
        {
            "box": [
                542,
                138,
                602,
                151
            ],
            "text": "Research",
            "label": "title",
            "words": [
                {
                    "box": [
                        542,
                        138,
                        602,
                        151
                    ],
                    "text": "Research"
                }
            ],
            "linking": [],
            "id": 11
        },
        {
            "box": [
                486,
                94,
                648,
                139
            ],
            "text": "INBIFO",
            "label": "title",
            "words": [
                {
                    "box": [
                        486,
                        94,
                        648,
                        139
                    ],
                    "text": "INBIFO"
                }
            ],
            "linking": [],
            "id": 12
        },
        {
            "text": "INBIFO Institut für biologische Forschung GmbH",
            "box": [
                95,
                110,
                385,
                130
            ],
            "linking": [],
            "label": "question",
            "words": [
                {
                    "text": "INBIFO",
                    "box": [
                        95,
                        113,
                        141,
                        130
                    ]
                },
                {
                    "text": "Institut",
                    "box": [
                        145,
                        112,
                        186,
                        126
                    ]
                },
                {
                    "text": "für",
                    "box": [
                        186,
                        112,
                        204,
                        126
                    ]
                },
                {
                    "text": "biologische",
                    "box": [
                        207,
                        112,
                        274,
                        129
                    ]
                },
                {
                    "text": "Forschung",
                    "box": [
                        277,
                        112,
                        341,
                        127
                    ]
                },
                {
                    "text": "GmbH",
                    "box": [
                        342,
                        110,
                        385,
                        123
                    ]
                }
            ],
            "id": 13
        },
        {
            "text": "TELEFAX MESSAGE No.:",
            "box": [
                96,
                156,
                258,
                175
            ],
            "linking": [
                [
                    14,
                    7
                ]
            ],
            "label": "question",
            "words": [
                {
                    "text": "TELEFAX",
                    "box": [
                        96,
                        158,
                        156,
                        175
                    ]
                },
                {
                    "text": "MESSAGE",
                    "box": [
                        159,
                        156,
                        226,
                        174
                    ]
                },
                {
                    "text": "No.:",
                    "box": [
                        229,
                        158,
                        258,
                        175
                    ]
                }
            ],
            "id": 14
        },
        {
            "text": "INBIFO bioloische Forschnung GmbH Fuggesstr 3- D- 51149 Cologne",
            "box": [
                98,
                193,
                402,
                205
            ],
            "linking": [],
            "label": "other",
            "words": [
                {
                    "text": "INBIFO",
                    "box": [
                        98,
                        194,
                        126,
                        204
                    ]
                },
                {
                    "text": "",
                    "box": [
                        128,
                        194,
                        153,
                        202
                    ]
                },
                {
                    "text": "",
                    "box": [
                        154,
                        196,
                        167,
                        204
                    ]
                },
                {
                    "text": "bioloische",
                    "box": [
                        168,
                        194,
                        211,
                        204
                    ]
                },
                {
                    "text": "Forschnung",
                    "box": [
                        211,
                        193,
                        252,
                        203
                    ]
                },
                {
                    "text": "GmbH",
                    "box": [
                        254,
                        194,
                        282,
                        204
                    ]
                },
                {
                    "text": "Fuggesstr",
                    "box": [
                        284,
                        193,
                        325,
                        204
                    ]
                },
                {
                    "text": "3-",
                    "box": [
                        325,
                        193,
                        335,
                        203
                    ]
                },
                {
                    "text": "D-",
                    "box": [
                        337,
                        193,
                        345,
                        203
                    ]
                },
                {
                    "text": "51149",
                    "box": [
                        345,
                        194,
                        369,
                        204
                    ]
                },
                {
                    "text": "Cologne",
                    "box": [
                        370,
                        194,
                        402,
                        205
                    ]
                }
            ],
            "id": 15
        },
        {
            "text": "28 Apr. 98",
            "box": [
                267,
                263,
                338,
                277
            ],
            "linking": [
                [
                    0,
                    16
                ]
            ],
            "label": "answer",
            "words": [
                {
                    "text": "28",
                    "box": [
                        267,
                        263,
                        287,
                        277
                    ]
                },
                {
                    "text": "Apr.",
                    "box": [
                        291,
                        263,
                        318,
                        277
                    ]
                },
                {
                    "text": "98",
                    "box": [
                        321,
                        263,
                        338,
                        274
                    ]
                }
            ],
            "id": 16
        },
        {
            "text": "Dr. Wolf Reininghaus",
            "box": [
                267,
                309,
                404,
                326
            ],
            "linking": [
                [
                    1,
                    17
                ]
            ],
            "label": "answer",
            "words": [
                {
                    "text": "Dr.",
                    "box": [
                        267,
                        310,
                        287,
                        324
                    ]
                },
                {
                    "text": "Wolf",
                    "box": [
                        289,
                        309,
                        320,
                        323
                    ]
                },
                {
                    "text": "Reininghaus",
                    "box": [
                        324,
                        309,
                        404,
                        326
                    ]
                }
            ],
            "id": 17
        },
        {
            "text": "Dr. Don Leyden, Dept. Scientific Affairs",
            "box": [
                267,
                359,
                422,
                389
            ],
            "linking": [
                [
                    2,
                    18
                ]
            ],
            "label": "answer",
            "words": [
                {
                    "text": "Dr.",
                    "box": [
                        268,
                        360,
                        288,
                        373
                    ]
                },
                {
                    "text": "Don",
                    "box": [
                        292,
                        359,
                        320,
                        373
                    ]
                },
                {
                    "text": "Leyden,",
                    "box": [
                        323,
                        359,
                        380,
                        373
                    ]
                },
                {
                    "text": "Dept.",
                    "box": [
                        267,
                        374,
                        303,
                        389
                    ]
                },
                {
                    "text": "Scientific",
                    "box": [
                        307,
                        374,
                        371,
                        388
                    ]
                },
                {
                    "text": "Affairs",
                    "box": [
                        376,
                        376,
                        422,
                        389
                    ]
                }
            ],
            "id": 18
        },
        {
            "text": "98 -04 -28 12: 05 OUT",
            "box": [
                487,
                330,
                631,
                359
            ],
            "linking": [],
            "label": "other",
            "words": [
                {
                    "text": "98",
                    "box": [
                        487,
                        330,
                        504,
                        343
                    ]
                },
                {
                    "text": "-04",
                    "box": [
                        504,
                        334,
                        526,
                        344
                    ]
                },
                {
                    "text": "-28",
                    "box": [
                        528,
                        334,
                        552,
                        348
                    ]
                },
                {
                    "text": "12:",
                    "box": [
                        563,
                        338,
                        581,
                        352
                    ]
                },
                {
                    "text": "05",
                    "box": [
                        584,
                        341,
                        599,
                        354
                    ]
                },
                {
                    "text": "OUT",
                    "box": [
                        606,
                        345,
                        631,
                        359
                    ]
                }
            ],
            "id": 19
        },
        {
            "text": "Philip Morris Europe Fabriques de Tabac Reunies S. A.",
            "box": [
                267,
                422,
                484,
                454
            ],
            "linking": [
                [
                    3,
                    20
                ]
            ],
            "label": "answer",
            "words": [
                {
                    "text": "Philip",
                    "box": [
                        267,
                        423,
                        303,
                        438
                    ]
                },
                {
                    "text": "Morris",
                    "box": [
                        307,
                        422,
                        348,
                        437
                    ]
                },
                {
                    "text": "Europe",
                    "box": [
                        351,
                        423,
                        401,
                        437
                    ]
                },
                {
                    "text": "Fabriques",
                    "box": [
                        267,
                        440,
                        331,
                        453
                    ]
                },
                {
                    "text": "de",
                    "box": [
                        335,
                        440,
                        352,
                        451
                    ]
                },
                {
                    "text": "Tabac",
                    "box": [
                        355,
                        439,
                        397,
                        453
                    ]
                },
                {
                    "text": "Reunies",
                    "box": [
                        399,
                        440,
                        452,
                        454
                    ]
                },
                {
                    "text": "S.",
                    "box": [
                        457,
                        437,
                        470,
                        451
                    ]
                },
                {
                    "text": "A.",
                    "box": [
                        471,
                        437,
                        484,
                        452
                    ]
                }
            ],
            "id": 20
        },
        {
            "text": "CH- 2003 Neuchatel",
            "box": [
                267,
                469,
                396,
                485
            ],
            "linking": [
                [
                    3,
                    21
                ]
            ],
            "label": "answer",
            "words": [
                {
                    "text": "CH-",
                    "box": [
                        267,
                        471,
                        294,
                        485
                    ]
                },
                {
                    "text": "2003",
                    "box": [
                        295,
                        471,
                        327,
                        485
                    ]
                },
                {
                    "text": "Neuchatel",
                    "box": [
                        330,
                        469,
                        396,
                        483
                    ]
                }
            ],
            "id": 21
        },
        {
            "text": "0041- 32- 888 5776",
            "box": [
                335,
                514,
                454,
                531
            ],
            "linking": [
                [
                    23,
                    22
                ]
            ],
            "label": "answer",
            "words": [
                {
                    "text": "0041-",
                    "box": [
                        335,
                        514,
                        374,
                        529
                    ]
                },
                {
                    "text": "32-",
                    "box": [
                        374,
                        518,
                        394,
                        529
                    ]
                },
                {
                    "text": "888",
                    "box": [
                        394,
                        517,
                        419,
                        531
                    ]
                },
                {
                    "text": "5776",
                    "box": [
                        422,
                        517,
                        454,
                        531
                    ]
                }
            ],
            "id": 22
        },
        {
            "text": "Fax no:",
            "box": [
                267,
                517,
                322,
                531
            ],
            "linking": [
                [
                    23,
                    22
                ]
            ],
            "label": "question",
            "words": [
                {
                    "text": "Fax",
                    "box": [
                        267,
                        517,
                        292,
                        531
                    ]
                },
                {
                    "text": "no:",
                    "box": [
                        295,
                        517,
                        322,
                        531
                    ]
                }
            ],
            "id": 23
        },
        {
            "text": "Telefax- Original Ablage",
            "box": [
                511,
                401,
                645,
                500
            ],
            "linking": [],
            "label": "other",
            "words": [
                {
                    "text": "Telefax-",
                    "box": [
                        514,
                        401,
                        609,
                        428
                    ]
                },
                {
                    "text": "Original",
                    "box": [
                        511,
                        430,
                        614,
                        457
                    ]
                },
                {
                    "text": "Ablage",
                    "box": [
                        511,
                        461,
                        645,
                        500
                    ]
                }
            ],
            "id": 24
        },
        {
            "text": "NUMBER OF FOLLOWING PAGES",
            "box": [
                99,
                563,
                335,
                578
            ],
            "linking": [
                [
                    25,
                    26
                ]
            ],
            "label": "question",
            "words": [
                {
                    "text": "NUMBER",
                    "box": [
                        99,
                        563,
                        163,
                        578
                    ]
                },
                {
                    "text": "OF",
                    "box": [
                        166,
                        563,
                        187,
                        577
                    ]
                },
                {
                    "text": "FOLLOWING",
                    "box": [
                        190,
                        564,
                        277,
                        578
                    ]
                },
                {
                    "text": "PAGES",
                    "box": [
                        281,
                        563,
                        335,
                        578
                    ]
                }
            ],
            "id": 25
        },
        {
            "text": "21 ",
            "box": [
                370,
                553,
                563,
                595
            ],
            "linking": [
                [
                    25,
                    26
                ]
            ],
            "label": "answer",
            "words": [
                {
                    "text": "21",
                    "box": [
                        370,
                        563,
                        385,
                        577
                    ]
                },
                {
                    "text": "",
                    "box": [
                        402,
                        553,
                        563,
                        595
                    ]
                }
            ],
            "id": 26
        },
        {
            "text": "TPM/ Nocotine ratio",
            "box": [
                135,
                627,
                278,
                642
            ],
            "linking": [
                [
                    6,
                    27
                ]
            ],
            "label": "answer",
            "words": [
                {
                    "text": "TPM/",
                    "box": [
                        135,
                        627,
                        171,
                        642
                    ]
                },
                {
                    "text": "Nocotine",
                    "box": [
                        172,
                        628,
                        239,
                        642
                    ]
                },
                {
                    "text": "ratio",
                    "box": [
                        242,
                        627,
                        278,
                        641
                    ]
                }
            ],
            "id": 27
        },
        {
            "text": "For your information!",
            "box": [
                101,
                670,
                257,
                688
            ],
            "linking": [],
            "label": "other",
            "words": [
                {
                    "text": "For",
                    "box": [
                        101,
                        670,
                        128,
                        688
                    ]
                },
                {
                    "text": "your",
                    "box": [
                        130,
                        673,
                        165,
                        688
                    ]
                },
                {
                    "text": "information!",
                    "box": [
                        169,
                        672,
                        257,
                        687
                    ]
                }
            ],
            "id": 28
        },
        {
            "text": "Cologne HRB 367",
            "box": [
                552,
                936,
                620,
                946
            ],
            "linking": [
                [
                    32,
                    29
                ]
            ],
            "label": "answer",
            "words": [
                {
                    "text": "Cologne",
                    "box": [
                        552,
                        936,
                        584,
                        946
                    ]
                },
                {
                    "text": "HRB",
                    "box": [
                        585,
                        937,
                        605,
                        945
                    ]
                },
                {
                    "text": "367",
                    "box": [
                        606,
                        936,
                        620,
                        946
                    ]
                }
            ],
            "id": 29
        },
        {
            "text": "Dr. Wolf Reninghaus",
            "box": [
                561,
                947,
                641,
                957
            ],
            "linking": [
                [
                    31,
                    30
                ]
            ],
            "label": "answer",
            "words": [
                {
                    "text": "Dr.",
                    "box": [
                        561,
                        947,
                        572,
                        955
                    ]
                },
                {
                    "text": "Wolf",
                    "box": [
                        574,
                        947,
                        594,
                        955
                    ]
                },
                {
                    "text": "Reninghaus",
                    "box": [
                        594,
                        947,
                        641,
                        957
                    ]
                }
            ],
            "id": 30
        },
        {
            "text": "General Manager",
            "box": [
                493,
                946,
                562,
                956
            ],
            "linking": [
                [
                    31,
                    30
                ]
            ],
            "label": "question",
            "words": [
                {
                    "text": "General",
                    "box": [
                        493,
                        946,
                        522,
                        956
                    ]
                },
                {
                    "text": "Manager",
                    "box": [
                        524,
                        947,
                        562,
                        955
                    ]
                }
            ],
            "id": 31
        },
        {
            "text": "Trade Register",
            "box": [
                493,
                937,
                551,
                947
            ],
            "linking": [
                [
                    32,
                    29
                ]
            ],
            "label": "question",
            "words": [
                {
                    "text": "Trade",
                    "box": [
                        493,
                        937,
                        515,
                        947
                    ]
                },
                {
                    "text": "Register",
                    "box": [
                        517,
                        937,
                        551,
                        947
                    ]
                }
            ],
            "id": 32
        },
        {
            "text": "(0 22 03) 303 -1",
            "box": [
                529,
                172,
                588,
                183
            ],
            "linking": [
                [
                    4,
                    33
                ]
            ],
            "label": "answer",
            "words": [
                {
                    "text": "(0",
                    "box": [
                        529,
                        173,
                        537,
                        181
                    ]
                },
                {
                    "text": "22",
                    "box": [
                        539,
                        173,
                        549,
                        181
                    ]
                },
                {
                    "text": "03)",
                    "box": [
                        550,
                        173,
                        564,
                        183
                    ]
                },
                {
                    "text": "303",
                    "box": [
                        566,
                        173,
                        580,
                        180
                    ]
                },
                {
                    "text": "-1",
                    "box": [
                        580,
                        172,
                        588,
                        180
                    ]
                }
            ],
            "id": 33
        },
        {
            "text": "(0 22 03) 303 -362",
            "box": [
                518,
                182,
                585,
                192
            ],
            "linking": [
                [
                    5,
                    34
                ]
            ],
            "label": "answer",
            "words": [
                {
                    "text": "(0",
                    "box": [
                        518,
                        182,
                        526,
                        192
                    ]
                },
                {
                    "text": "22",
                    "box": [
                        528,
                        183,
                        538,
                        191
                    ]
                },
                {
                    "text": "03)",
                    "box": [
                        539,
                        183,
                        552,
                        191
                    ]
                },
                {
                    "text": "303",
                    "box": [
                        553,
                        183,
                        567,
                        191
                    ]
                },
                {
                    "text": "-362",
                    "box": [
                        567,
                        183,
                        585,
                        190
                    ]
                }
            ],
            "id": 34
        },
        {
            "text": "-/BVI DLEY FAX",
            "box": [
                494,
                212,
                553,
                238
            ],
            "linking": [],
            "label": "other",
            "words": [
                {
                    "text": "-/BVI",
                    "box": [
                        494,
                        212,
                        523,
                        222
                    ]
                },
                {
                    "text": "DLEY",
                    "box": [
                        494,
                        226,
                        526,
                        236
                    ]
                },
                {
                    "text": "FAX",
                    "box": [
                        525,
                        225,
                        553,
                        238
                    ]
                }
            ],
            "id": 35
        }
    ]
}