{
    "form": [
        {
            "box": [
                183,
                860,
                271,
                868
            ],
            "text": "Attention:",
            "label": "question",
            "words": [
                {
                    "box": [
                        183,
                        860,
                        271,
                        868
                    ],
                    "text": "Attention:"
                }
            ],
            "linking": [
                [
                    0,
                    16
                ]
            ],
            "id": 0
        },
        {
            "text": "MARDEN- KANE. INC. 666 FIFTH AVE. NEW YORK, N.Y. 10103 (212) 582-6600",
            "box": [
                203,
                50,
                509,
                97
            ],
            "linking": [],
            "label": "title",
            "words": [
                {
                    "text": "MARDEN-",
                    "box": [
                        203,
                        50,
                        344,
                        72
                    ]
                },
                {
                    "text": "KANE.",
                    "box": [
                        354,
                        50,
                        430,
                        68
                    ]
                },
                {
                    "text": "INC.",
                    "box": [
                        449,
                        51,
                        509,
                        68
                    ]
                },
                {
                    "text": "666",
                    "box": [
                        204,
                        85,
                        227,
                        97
                    ]
                },
                {
                    "text": "FIFTH",
                    "box": [
                        229,
                        85,
                        257,
                        95
                    ]
                },
                {
                    "text": "AVE.",
                    "box": [
                        259,
                        86,
                        282,
                        94
                    ]
                },
                {
                    "text": "NEW",
                    "box": [
                        289,
                        86,
                        311,
                        94
                    ]
                },
                {
                    "text": "YORK,",
                    "box": [
                        314,
                        83,
                        344,
                        95
                    ]
                },
                {
                    "text": "N.Y.",
                    "box": [
                        346,
                        83,
                        368,
                        93
                    ]
                },
                {
                    "text": "10103",
                    "box": [
                        370,
                        83,
                        400,
                        93
                    ]
                },
                {
                    "text": "(212)",
                    "box": [
                        427,
                        81,
                        450,
                        91
                    ]
                },
                {
                    "text": "582-6600",
                    "box": [
                        453,
                        80,
                        508,
                        92
                    ]
                }
            ],
            "id": 1
        },
        {
            "text": "TRAVEL INFORMATION SHEET",
            "box": [
                262,
                164,
                445,
                179
            ],
            "linking": [],
            "label": "title",
            "words": [
                {
                    "text": "TRAVEL",
                    "box": [
                        262,
                        164,
                        312,
                        179
                    ]
                },
                {
                    "text": "INFORMATION",
                    "box": [
                        321,
                        164,
                        401,
                        176
                    ]
                },
                {
                    "text": "SHEET",
                    "box": [
                        402,
                        164,
                        445,
                        176
                    ]
                }
            ],
            "id": 2
        },
        {
            "text": "This information will be used by Marden- Kane in making travel arrangements for your round- trip to Los Angeles, California.",
            "box": [
                75,
                201,
                636,
                241
            ],
            "linking": [],
            "label": "other",
            "words": [
                {
                    "text": "This",
                    "box": [
                        75,
                        213,
                        112,
                        226
                    ]
                },
                {
                    "text": "information",
                    "box": [
                        113,
                        209,
                        194,
                        224
                    ]
                },
                {
                    "text": "will",
                    "box": [
                        198,
                        208,
                        228,
                        223
                    ]
                },
                {
                    "text": "be",
                    "box": [
                        229,
                        213,
                        251,
                        223
                    ]
                },
                {
                    "text": "used",
                    "box": [
                        254,
                        211,
                        289,
                        221
                    ]
                },
                {
                    "text": "by",
                    "box": [
                        289,
                        208,
                        309,
                        223
                    ]
                },
                {
                    "text": "Marden-",
                    "box": [
                        312,
                        208,
                        363,
                        220
                    ]
                },
                {
                    "text": "Kane",
                    "box": [
                        364,
                        208,
                        396,
                        220
                    ]
                },
                {
                    "text": "in",
                    "box": [
                        400,
                        208,
                        415,
                        220
                    ]
                },
                {
                    "text": "making",
                    "box": [
                        419,
                        206,
                        466,
                        219
                    ]
                },
                {
                    "text": "travel",
                    "box": [
                        467,
                        204,
                        517,
                        217
                    ]
                },
                {
                    "text": "arrangements",
                    "box": [
                        518,
                        206,
                        609,
                        218
                    ]
                },
                {
                    "text": "for",
                    "box": [
                        611,
                        201,
                        636,
                        214
                    ]
                },
                {
                    "text": "your",
                    "box": [
                        75,
                        228,
                        105,
                        241
                    ]
                },
                {
                    "text": "round-",
                    "box": [
                        113,
                        226,
                        155,
                        236
                    ]
                },
                {
                    "text": "trip",
                    "box": [
                        156,
                        224,
                        188,
                        239
                    ]
                },
                {
                    "text": "to",
                    "box": [
                        191,
                        226,
                        208,
                        236
                    ]
                },
                {
                    "text": "Los",
                    "box": [
                        213,
                        224,
                        235,
                        237
                    ]
                },
                {
                    "text": "Angeles,",
                    "box": [
                        241,
                        226,
                        299,
                        238
                    ]
                },
                {
                    "text": "California.",
                    "box": [
                        302,
                        223,
                        385,
                        235
                    ]
                }
            ],
            "id": 3
        },
        {
            "text": "Finalist Name:",
            "box": [
                71,
                259,
                178,
                276
            ],
            "linking": [],
            "label": "question",
            "words": [
                {
                    "text": "Finalist",
                    "box": [
                        71,
                        261,
                        132,
                        276
                    ]
                },
                {
                    "text": "Name:",
                    "box": [
                        136,
                        259,
                        178,
                        274
                    ]
                }
            ],
            "id": 4
        },
        {
            "text": "Home Address:",
            "box": [
                75,
                304,
                171,
                317
            ],
            "linking": [],
            "label": "question",
            "words": [
                {
                    "text": "Home",
                    "box": [
                        75,
                        304,
                        107,
                        317
                    ]
                },
                {
                    "text": "Address:",
                    "box": [
                        111,
                        304,
                        171,
                        316
                    ]
                }
            ],
            "id": 5
        },
        {
            "text": "Home Telephone:",
            "box": [
                76,
                347,
                186,
                360
            ],
            "linking": [],
            "label": "question",
            "words": [
                {
                    "text": "Home",
                    "box": [
                        76,
                        347,
                        106,
                        360
                    ]
                },
                {
                    "text": "Telephone:",
                    "box": [
                        110,
                        349,
                        186,
                        359
                    ]
                }
            ],
            "id": 6
        },
        {
            "text": "Business Telephone:",
            "box": [
                76,
                390,
                215,
                404
            ],
            "linking": [],
            "label": "question",
            "words": [
                {
                    "text": "Business",
                    "box": [
                        76,
                        392,
                        136,
                        404
                    ]
                },
                {
                    "text": "Telephone:",
                    "box": [
                        140,
                        390,
                        215,
                        402
                    ]
                }
            ],
            "id": 7
        },
        {
            "text": "Name of Guests",
            "box": [
                73,
                432,
                178,
                449
            ],
            "linking": [],
            "label": "question",
            "words": [
                {
                    "text": "Name",
                    "box": [
                        73,
                        432,
                        110,
                        449
                    ]
                },
                {
                    "text": "of",
                    "box": [
                        113,
                        434,
                        130,
                        447
                    ]
                },
                {
                    "text": "Guests",
                    "box": [
                        133,
                        434,
                        178,
                        447
                    ]
                }
            ],
            "id": 8
        },
        {
            "text": "Relationship to Finalist:",
            "box": [
                80,
                473,
                259,
                488
            ],
            "linking": [],
            "label": "question",
            "words": [
                {
                    "text": "Relationship",
                    "box": [
                        80,
                        475,
                        168,
                        488
                    ]
                },
                {
                    "text": "to",
                    "box": [
                        171,
                        473,
                        189,
                        486
                    ]
                },
                {
                    "text": "Finalist:",
                    "box": [
                        194,
                        473,
                        259,
                        485
                    ]
                }
            ],
            "id": 9
        },
        {
            "text": "Major Airport Nearest your home:",
            "box": [
                78,
                515,
                234,
                545
            ],
            "linking": [],
            "label": "question",
            "words": [
                {
                    "text": "Major",
                    "box": [
                        78,
                        517,
                        120,
                        530
                    ]
                },
                {
                    "text": "Airport",
                    "box": [
                        120,
                        518,
                        175,
                        528
                    ]
                },
                {
                    "text": "Nearest",
                    "box": [
                        179,
                        515,
                        234,
                        528
                    ]
                },
                {
                    "text": "your",
                    "box": [
                        78,
                        535,
                        111,
                        545
                    ]
                },
                {
                    "text": "home:",
                    "box": [
                        113,
                        533,
                        151,
                        543
                    ]
                }
            ],
            "id": 10
        },
        {
            "text": "Distance from your home to airport:",
            "box": [
                78,
                575,
                212,
                602
            ],
            "linking": [],
            "label": "question",
            "words": [
                {
                    "text": "Distance",
                    "box": [
                        80,
                        575,
                        140,
                        588
                    ]
                },
                {
                    "text": "from",
                    "box": [
                        143,
                        575,
                        175,
                        587
                    ]
                },
                {
                    "text": "your",
                    "box": [
                        179,
                        575,
                        212,
                        587
                    ]
                },
                {
                    "text": "home",
                    "box": [
                        78,
                        590,
                        110,
                        602
                    ]
                },
                {
                    "text": "to",
                    "box": [
                        115,
                        590,
                        132,
                        602
                    ]
                },
                {
                    "text": "airport:",
                    "box": [
                        133,
                        590,
                        198,
                        602
                    ]
                }
            ],
            "id": 11
        },
        {
            "text": "Do you prefer airline seats in smoking or non- smoking section:",
            "box": [
                78,
                630,
                237,
                673
            ],
            "linking": [],
            "label": "question",
            "words": [
                {
                    "text": "Do",
                    "box": [
                        80,
                        630,
                        95,
                        645
                    ]
                },
                {
                    "text": "you",
                    "box": [
                        101,
                        633,
                        126,
                        645
                    ]
                },
                {
                    "text": "prefer",
                    "box": [
                        128,
                        633,
                        176,
                        643
                    ]
                },
                {
                    "text": "airline",
                    "box": [
                        181,
                        631,
                        237,
                        643
                    ]
                },
                {
                    "text": "seats",
                    "box": [
                        78,
                        646,
                        116,
                        658
                    ]
                },
                {
                    "text": "in",
                    "box": [
                        125,
                        645,
                        140,
                        657
                    ]
                },
                {
                    "text": "smoking",
                    "box": [
                        145,
                        646,
                        198,
                        656
                    ]
                },
                {
                    "text": "or",
                    "box": [
                        203,
                        646,
                        218,
                        658
                    ]
                },
                {
                    "text": "non-",
                    "box": [
                        81,
                        663,
                        109,
                        673
                    ]
                },
                {
                    "text": "smoking",
                    "box": [
                        110,
                        661,
                        166,
                        669
                    ]
                },
                {
                    "text": "section:",
                    "box": [
                        166,
                        661,
                        226,
                        669
                    ]
                }
            ],
            "id": 12
        },
        {
            "text": "Any special dietary meal and/ you or your guest would prefer",
            "box": [
                78,
                713,
                256,
                754
            ],
            "linking": [],
            "label": "question",
            "words": [
                {
                    "text": "Any",
                    "box": [
                        78,
                        714,
                        106,
                        726
                    ]
                },
                {
                    "text": "special",
                    "box": [
                        116,
                        714,
                        174,
                        726
                    ]
                },
                {
                    "text": "dietary",
                    "box": [
                        184,
                        713,
                        245,
                        726
                    ]
                },
                {
                    "text": "meal",
                    "box": [
                        78,
                        728,
                        116,
                        740
                    ]
                },
                {
                    "text": "and/",
                    "box": [
                        159,
                        728,
                        192,
                        736
                    ]
                },
                {
                    "text": "you",
                    "box": [
                        123,
                        731,
                        151,
                        741
                    ]
                },
                {
                    "text": "or",
                    "box": [
                        194,
                        729,
                        211,
                        737
                    ]
                },
                {
                    "text": "your",
                    "box": [
                        218,
                        728,
                        256,
                        738
                    ]
                },
                {
                    "text": "guest",
                    "box": [
                        81,
                        744,
                        126,
                        754
                    ]
                },
                {
                    "text": "would",
                    "box": [
                        133,
                        743,
                        178,
                        753
                    ]
                },
                {
                    "text": "prefer",
                    "box": [
                        183,
                        741,
                        254,
                        753
                    ]
                }
            ],
            "id": 13
        },
        {
            "text": "RETURN TO:",
            "box": [
                78,
                817,
                165,
                827
            ],
            "linking": [
                [
                    14,
                    15
                ]
            ],
            "label": "question",
            "words": [
                {
                    "text": "RETURN",
                    "box": [
                        78,
                        817,
                        133,
                        827
                    ]
                },
                {
                    "text": "TO:",
                    "box": [
                        140,
                        819,
                        165,
                        827
                    ]
                }
            ],
            "id": 14
        },
        {
            "text": "Harden- Kane, Inc. 666 Fifth Avenue New York, N. Y. 10103",
            "box": [
                183,
                814,
                358,
                858
            ],
            "linking": [
                [
                    14,
                    15
                ]
            ],
            "label": "answer",
            "words": [
                {
                    "text": "Harden-",
                    "box": [
                        183,
                        816,
                        243,
                        826
                    ]
                },
                {
                    "text": "Kane,",
                    "box": [
                        244,
                        814,
                        287,
                        826
                    ]
                },
                {
                    "text": "Inc.",
                    "box": [
                        297,
                        814,
                        329,
                        826
                    ]
                },
                {
                    "text": "666",
                    "box": [
                        183,
                        832,
                        211,
                        842
                    ]
                },
                {
                    "text": "Fifth",
                    "box": [
                        218,
                        829,
                        261,
                        842
                    ]
                },
                {
                    "text": "Avenue",
                    "box": [
                        269,
                        831,
                        322,
                        841
                    ]
                },
                {
                    "text": "New",
                    "box": [
                        184,
                        846,
                        211,
                        858
                    ]
                },
                {
                    "text": "York,",
                    "box": [
                        219,
                        844,
                        261,
                        856
                    ]
                },
                {
                    "text": "N.",
                    "box": [
                        269,
                        844,
                        287,
                        856
                    ]
                },
                {
                    "text": "Y.",
                    "box": [
                        289,
                        844,
                        304,
                        854
                    ]
                },
                {
                    "text": "10103",
                    "box": [
                        316,
                        844,
                        358,
                        854
                    ]
                }
            ],
            "id": 15
        },
        {
            "text": "Ms. L. Sobel",
            "box": [
                277,
                855,
                384,
                871
            ],
            "linking": [
                [
                    0,
                    16
                ]
            ],
            "label": "answer",
            "words": [
                {
                    "text": "Ms.",
                    "box": [
                        277,
                        859,
                        304,
                        871
                    ]
                },
                {
                    "text": "L.",
                    "box": [
                        314,
                        859,
                        332,
                        869
                    ]
                },
                {
                    "text": "Sobel",
                    "box": [
                        341,
                        855,
                        384,
                        868
                    ]
                }
            ],
            "id": 16
        }
    ]
}