{
    "form": [
        {
            "box": [
                334,
                172,
                377,
                192
            ],
            "text": "Brand:",
            "label": "question",
            "words": [
                {
                    "box": [
                        334,
                        172,
                        377,
                        192
                    ],
                    "text": "Brand:"
                }
            ],
            "linking": [
                [
                    0,
                    30
                ],
                [
                    0,
                    31
                ],
                [
                    28,
                    0
                ]
            ],
            "id": 0
        },
        {
            "box": [
                511,
                203,
                556,
                220
            ],
            "text": "Power:",
            "label": "question",
            "words": [
                {
                    "box": [
                        511,
                        203,
                        556,
                        220
                    ],
                    "text": "Power:"
                }
            ],
            "linking": [
                [
                    28,
                    1
                ]
            ],
            "id": 1
        },
        {
            "box": [
                332,
                201,
                378,
                216
            ],
            "text": "Pulse:",
            "label": "question",
            "words": [
                {
                    "box": [
                        332,
                        201,
                        378,
                        216
                    ],
                    "text": "Pulse:"
                }
            ],
            "linking": [
                [
                    28,
                    2
                ]
            ],
            "id": 2
        },
        {
            "box": [
                92,
                170,
                145,
                184
            ],
            "text": "Modules:",
            "label": "question",
            "words": [
                {
                    "box": [
                        92,
                        170,
                        145,
                        184
                    ],
                    "text": "Modules:"
                }
            ],
            "linking": [
                [
                    3,
                    20
                ],
                [
                    28,
                    3
                ]
            ],
            "id": 3
        },
        {
            "box": [
                91,
                286,
                179,
                303
            ],
            "text": "Scorching:",
            "label": "question",
            "words": [
                {
                    "box": [
                        91,
                        286,
                        179,
                        303
                    ],
                    "text": "Scorching:"
                }
            ],
            "linking": [
                [
                    4,
                    21
                ],
                [
                    32,
                    4
                ]
            ],
            "id": 4
        },
        {
            "box": [
                91,
                313,
                178,
                328
            ],
            "text": "Cratering:",
            "label": "question",
            "words": [
                {
                    "box": [
                        91,
                        313,
                        178,
                        328
                    ],
                    "text": "Cratering:"
                }
            ],
            "linking": [
                [
                    5,
                    34
                ],
                [
                    32,
                    5
                ]
            ],
            "id": 5
        },
        {
            "box": [
                89,
                335,
                177,
                355
            ],
            "text": "Comments:",
            "label": "question",
            "words": [
                {
                    "box": [
                        89,
                        335,
                        177,
                        355
                    ],
                    "text": "Comments:"
                }
            ],
            "linking": [
                [
                    6,
                    35
                ],
                [
                    32,
                    6
                ]
            ],
            "id": 6
        },
        {
            "box": [
                92,
                430,
                176,
                447
            ],
            "text": "Scorching:",
            "label": "question",
            "words": [
                {
                    "box": [
                        92,
                        430,
                        176,
                        447
                    ],
                    "text": "Scorching:"
                }
            ],
            "linking": [
                [
                    7,
                    22
                ],
                [
                    39,
                    7
                ]
            ],
            "id": 7
        },
        {
            "box": [
                89,
                454,
                174,
                469
            ],
            "text": "Cratering",
            "label": "question",
            "words": [
                {
                    "box": [
                        89,
                        454,
                        174,
                        469
                    ],
                    "text": "Cratering"
                }
            ],
            "linking": [
                [
                    8,
                    40
                ],
                [
                    39,
                    8
                ]
            ],
            "id": 8
        },
        {
            "box": [
                91,
                480,
                178,
                497
            ],
            "text": "Comments:",
            "label": "question",
            "words": [
                {
                    "box": [
                        91,
                        480,
                        178,
                        497
                    ],
                    "text": "Comments:"
                }
            ],
            "linking": [
                [
                    9,
                    41
                ],
                [
                    39,
                    9
                ]
            ],
            "id": 9
        },
        {
            "box": [
                91,
                517,
                144,
                535
            ],
            "text": "Module:",
            "label": "question",
            "words": [
                {
                    "box": [
                        91,
                        517,
                        144,
                        535
                    ],
                    "text": "Module:"
                }
            ],
            "linking": [
                [
                    39,
                    10
                ]
            ],
            "id": 10
        },
        {
            "box": [
                330,
                522,
                376,
                539
            ],
            "text": "Brand:",
            "label": "question",
            "words": [
                {
                    "box": [
                        330,
                        522,
                        376,
                        539
                    ],
                    "text": "Brand:"
                }
            ],
            "linking": [
                [
                    39,
                    11
                ]
            ],
            "id": 11
        },
        {
            "box": [
                330,
                547,
                376,
                564
            ],
            "text": "Pulse:",
            "label": "question",
            "words": [
                {
                    "box": [
                        330,
                        547,
                        376,
                        564
                    ],
                    "text": "Pulse:"
                }
            ],
            "linking": [
                [
                    39,
                    12
                ]
            ],
            "id": 12
        },
        {
            "box": [
                91,
                631,
                175,
                649
            ],
            "text": "Scorching:",
            "label": "question",
            "words": [
                {
                    "box": [
                        91,
                        631,
                        175,
                        649
                    ],
                    "text": "Scorching:"
                }
            ],
            "linking": [
                [
                    43,
                    13
                ]
            ],
            "id": 13
        },
        {
            "box": [
                89,
                658,
                173,
                675
            ],
            "text": "Cratering:",
            "label": "question",
            "words": [
                {
                    "box": [
                        89,
                        658,
                        173,
                        675
                    ],
                    "text": "Cratering:"
                }
            ],
            "linking": [
                [
                    43,
                    14
                ]
            ],
            "id": 14
        },
        {
            "box": [
                91,
                684,
                173,
                702
            ],
            "text": "Comments:",
            "label": "question",
            "words": [
                {
                    "box": [
                        91,
                        684,
                        173,
                        702
                    ],
                    "text": "Comments:"
                }
            ],
            "linking": [
                [
                    43,
                    15
                ]
            ],
            "id": 15
        },
        {
            "box": [
                88,
                772,
                173,
                789
            ],
            "text": "Scorching:",
            "label": "question",
            "words": [
                {
                    "box": [
                        88,
                        772,
                        173,
                        789
                    ],
                    "text": "Scorching:"
                }
            ],
            "linking": [
                [
                    45,
                    16
                ]
            ],
            "id": 16
        },
        {
            "box": [
                85,
                800,
                173,
                818
            ],
            "text": "Cratering:",
            "label": "question",
            "words": [
                {
                    "box": [
                        85,
                        800,
                        173,
                        818
                    ],
                    "text": "Cratering:"
                }
            ],
            "linking": [
                [
                    45,
                    17
                ]
            ],
            "id": 17
        },
        {
            "box": [
                88,
                830,
                175,
                847
            ],
            "text": "Comments:",
            "label": "question",
            "words": [
                {
                    "box": [
                        88,
                        830,
                        175,
                        847
                    ],
                    "text": "Comments:"
                }
            ],
            "linking": [
                [
                    45,
                    18
                ]
            ],
            "id": 18
        },
        {
            "box": [
                506,
                549,
                555,
                564
            ],
            "text": "Power:",
            "label": "question",
            "words": [
                {
                    "box": [
                        506,
                        549,
                        555,
                        564
                    ],
                    "text": "Power:"
                }
            ],
            "linking": [
                [
                    39,
                    19
                ]
            ],
            "id": 19
        },
        {
            "box": [
                197,
                169,
                221,
                184
            ],
            "text": "412",
            "label": "answer",
            "words": [
                {
                    "box": [
                        197,
                        169,
                        221,
                        184
                    ],
                    "text": "412"
                }
            ],
            "linking": [
                [
                    3,
                    20
                ]
            ],
            "id": 20
        },
        {
            "box": [
                236,
                284,
                342,
                301
            ],
            "text": "Insignificant.",
            "label": "answer",
            "words": [
                {
                    "box": [
                        236,
                        284,
                        342,
                        301
                    ],
                    "text": "Insignificant."
                }
            ],
            "linking": [
                [
                    4,
                    21
                ]
            ],
            "id": 21
        },
        {
            "box": [
                236,
                427,
                342,
                444
            ],
            "text": "Insignificant.",
            "label": "answer",
            "words": [
                {
                    "box": [
                        236,
                        427,
                        342,
                        444
                    ],
                    "text": "Insignificant."
                }
            ],
            "linking": [
                [
                    7,
                    22
                ]
            ],
            "id": 22
        },
        {
            "text": "Week of:",
            "box": [
                91,
                103,
                154,
                121
            ],
            "linking": [],
            "label": "question",
            "words": [
                {
                    "text": "Week",
                    "box": [
                        91,
                        106,
                        127,
                        120
                    ]
                },
                {
                    "text": "of:",
                    "box": [
                        130,
                        103,
                        154,
                        121
                    ]
                }
            ],
            "id": 23
        },
        {
            "text": "P. S.",
            "box": [
                249,
                80,
                285,
                95
            ],
            "linking": [
                [
                    24,
                    25
                ]
            ],
            "label": "question",
            "words": [
                {
                    "text": "P.",
                    "box": [
                        249,
                        81,
                        264,
                        95
                    ]
                },
                {
                    "text": "S.",
                    "box": [
                        270,
                        80,
                        285,
                        95
                    ]
                }
            ],
            "id": 24
        },
        {
            "text": "73 -91",
            "box": [
                388,
                78,
                430,
                95
            ],
            "linking": [
                [
                    24,
                    25
                ]
            ],
            "label": "answer",
            "words": [
                {
                    "text": "73",
                    "box": [
                        388,
                        78,
                        406,
                        93
                    ]
                },
                {
                    "text": "-91",
                    "box": [
                        406,
                        78,
                        430,
                        95
                    ]
                }
            ],
            "id": 25
        },
        {
            "text": "Date Received",
            "box": [
                394,
                110,
                497,
                125
            ],
            "linking": [
                [
                    26,
                    27
                ]
            ],
            "label": "question",
            "words": [
                {
                    "text": "Date",
                    "box": [
                        394,
                        110,
                        426,
                        125
                    ]
                },
                {
                    "text": "Received",
                    "box": [
                        430,
                        112,
                        497,
                        125
                    ]
                }
            ],
            "id": 26
        },
        {
            "text": "1 /25 /91",
            "box": [
                547,
                110,
                606,
                126
            ],
            "linking": [
                [
                    26,
                    27
                ]
            ],
            "label": "answer",
            "words": [
                {
                    "text": "1",
                    "box": [
                        547,
                        110,
                        560,
                        125
                    ]
                },
                {
                    "text": "/25",
                    "box": [
                        559,
                        110,
                        584,
                        125
                    ]
                },
                {
                    "text": "/91",
                    "box": [
                        582,
                        112,
                        606,
                        126
                    ]
                }
            ],
            "id": 27
        },
        {
            "text": "LASER PERFORATED TIPPING APPEARANCE CHECK HOLE DEPTH, SCORCHING, CRATERING",
            "box": [
                247,
                131,
                568,
                163
            ],
            "linking": [
                [
                    28,
                    3
                ],
                [
                    28,
                    29
                ],
                [
                    28,
                    0
                ],
                [
                    28,
                    2
                ],
                [
                    28,
                    1
                ]
            ],
            "label": "title",
            "words": [
                {
                    "text": "LASER",
                    "box": [
                        247,
                        131,
                        289,
                        146
                    ]
                },
                {
                    "text": "PERFORATED",
                    "box": [
                        293,
                        133,
                        371,
                        150
                    ]
                },
                {
                    "text": "TIPPING",
                    "box": [
                        380,
                        134,
                        436,
                        149
                    ]
                },
                {
                    "text": "APPEARANCE",
                    "box": [
                        441,
                        135,
                        521,
                        149
                    ]
                },
                {
                    "text": "CHECK",
                    "box": [
                        525,
                        135,
                        568,
                        149
                    ]
                },
                {
                    "text": "HOLE",
                    "box": [
                        295,
                        148,
                        329,
                        161
                    ]
                },
                {
                    "text": "DEPTH,",
                    "box": [
                        332,
                        149,
                        377,
                        163
                    ]
                },
                {
                    "text": "SCORCHING,",
                    "box": [
                        387,
                        149,
                        465,
                        163
                    ]
                },
                {
                    "text": "CRATERING",
                    "box": [
                        472,
                        149,
                        545,
                        163
                    ]
                }
            ],
            "id": 28
        },
        {
            "text": "Shift & Date:",
            "box": [
                94,
                196,
                193,
                214
            ],
            "linking": [
                [
                    28,
                    29
                ]
            ],
            "label": "question",
            "words": [
                {
                    "text": "Shift",
                    "box": [
                        94,
                        196,
                        132,
                        210
                    ]
                },
                {
                    "text": "&",
                    "box": [
                        138,
                        197,
                        148,
                        210
                    ]
                },
                {
                    "text": "Date:",
                    "box": [
                        154,
                        197,
                        193,
                        214
                    ]
                }
            ],
            "id": 29
        },
        {
            "text": "CARLTON Filter 100's - 4 Mg Laser",
            "box": [
                387,
                169,
                646,
                187
            ],
            "linking": [
                [
                    0,
                    30
                ]
            ],
            "label": "answer",
            "words": [
                {
                    "text": "CARLTON",
                    "box": [
                        387,
                        172,
                        446,
                        186
                    ]
                },
                {
                    "text": "Filter",
                    "box": [
                        450,
                        170,
                        497,
                        185
                    ]
                },
                {
                    "text": "100's",
                    "box": [
                        506,
                        169,
                        545,
                        184
                    ]
                },
                {
                    "text": "-",
                    "box": [
                        550,
                        172,
                        561,
                        183
                    ]
                },
                {
                    "text": "4",
                    "box": [
                        564,
                        170,
                        577,
                        185
                    ]
                },
                {
                    "text": "Mg",
                    "box": [
                        582,
                        170,
                        599,
                        187
                    ]
                },
                {
                    "text": "Laser",
                    "box": [
                        605,
                        169,
                        646,
                        184
                    ]
                }
            ],
            "id": 30
        },
        {
            "text": "Mfg. for Taiwan",
            "box": [
                472,
                190,
                593,
                205
            ],
            "linking": [
                [
                    0,
                    31
                ]
            ],
            "label": "answer",
            "words": [
                {
                    "text": "Mfg.",
                    "box": [
                        472,
                        190,
                        504,
                        205
                    ]
                },
                {
                    "text": "for",
                    "box": [
                        514,
                        191,
                        536,
                        204
                    ]
                },
                {
                    "text": "Taiwan",
                    "box": [
                        543,
                        190,
                        593,
                        204
                    ]
                }
            ],
            "id": 31
        },
        {
            "text": "FRONT CIGARETTES",
            "box": [
                339,
                237,
                465,
                257
            ],
            "linking": [
                [
                    32,
                    36
                ],
                [
                    32,
                    4
                ],
                [
                    32,
                    5
                ],
                [
                    32,
                    6
                ]
            ],
            "label": "title",
            "words": [
                {
                    "text": "FRONT",
                    "box": [
                        339,
                        237,
                        380,
                        257
                    ]
                },
                {
                    "text": "CIGARETTES",
                    "box": [
                        384,
                        240,
                        465,
                        257
                    ]
                }
            ],
            "id": 32
        },
        {
            "text": "<1 mm 13 .0 mm from end",
            "box": [
                228,
                260,
                483,
                275
            ],
            "linking": [
                [
                    36,
                    33
                ]
            ],
            "label": "answer",
            "words": [
                {
                    "text": "<1",
                    "box": [
                        228,
                        260,
                        245,
                        274
                    ]
                },
                {
                    "text": "mm",
                    "box": [
                        249,
                        261,
                        267,
                        274
                    ]
                },
                {
                    "text": "13",
                    "box": [
                        358,
                        261,
                        376,
                        274
                    ]
                },
                {
                    "text": ".0",
                    "box": [
                        377,
                        261,
                        391,
                        274
                    ]
                },
                {
                    "text": "mm",
                    "box": [
                        397,
                        261,
                        415,
                        275
                    ]
                },
                {
                    "text": "from",
                    "box": [
                        422,
                        261,
                        456,
                        275
                    ]
                },
                {
                    "text": "end",
                    "box": [
                        459,
                        261,
                        483,
                        275
                    ]
                }
            ],
            "id": 33
        },
        {
            "text": "None to insignificant.",
            "box": [
                236,
                310,
                404,
                327
            ],
            "linking": [
                [
                    5,
                    34
                ]
            ],
            "label": "answer",
            "words": [
                {
                    "text": "None",
                    "box": [
                        236,
                        310,
                        265,
                        327
                    ]
                },
                {
                    "text": "to",
                    "box": [
                        274,
                        313,
                        289,
                        326
                    ]
                },
                {
                    "text": "insignificant.",
                    "box": [
                        296,
                        311,
                        404,
                        325
                    ]
                }
            ],
            "id": 34
        },
        {
            "text": "Excellent appearance (18 holes).",
            "box": [
                233,
                334,
                480,
                354
            ],
            "linking": [
                [
                    6,
                    35
                ]
            ],
            "label": "answer",
            "words": [
                {
                    "text": "Excellent",
                    "box": [
                        233,
                        335,
                        304,
                        352
                    ]
                },
                {
                    "text": "appearance",
                    "box": [
                        311,
                        337,
                        389,
                        354
                    ]
                },
                {
                    "text": "(18",
                    "box": [
                        398,
                        335,
                        420,
                        350
                    ]
                },
                {
                    "text": "holes).",
                    "box": [
                        427,
                        334,
                        480,
                        354
                    ]
                }
            ],
            "id": 35
        },
        {
            "text": "Hole Depth:",
            "box": [
                91,
                260,
                177,
                280
            ],
            "linking": [
                [
                    36,
                    33
                ],
                [
                    32,
                    36
                ]
            ],
            "label": "question",
            "words": [
                {
                    "text": "Hole",
                    "box": [
                        91,
                        260,
                        123,
                        277
                    ]
                },
                {
                    "text": "Depth:",
                    "box": [
                        130,
                        260,
                        177,
                        280
                    ]
                }
            ],
            "id": 36
        },
        {
            "text": "Hole Depth:",
            "box": [
                91,
                402,
                177,
                420
            ],
            "linking": [
                [
                    37,
                    38
                ],
                [
                    39,
                    37
                ]
            ],
            "label": "question",
            "words": [
                {
                    "text": "Hole",
                    "box": [
                        91,
                        402,
                        125,
                        420
                    ]
                },
                {
                    "text": "Depth:",
                    "box": [
                        130,
                        405,
                        177,
                        419
                    ]
                }
            ],
            "id": 37
        },
        {
            "text": "<1 mm 13 .0 mm from end",
            "box": [
                229,
                408,
                483,
                423
            ],
            "linking": [
                [
                    37,
                    38
                ]
            ],
            "label": "answer",
            "words": [
                {
                    "text": "<1",
                    "box": [
                        229,
                        408,
                        246,
                        421
                    ]
                },
                {
                    "text": "mm",
                    "box": [
                        249,
                        408,
                        271,
                        422
                    ]
                },
                {
                    "text": "13",
                    "box": [
                        360,
                        408,
                        377,
                        422
                    ]
                },
                {
                    "text": ".0",
                    "box": [
                        377,
                        408,
                        392,
                        422
                    ]
                },
                {
                    "text": "mm",
                    "box": [
                        397,
                        409,
                        414,
                        422
                    ]
                },
                {
                    "text": "from",
                    "box": [
                        419,
                        409,
                        454,
                        423
                    ]
                },
                {
                    "text": "end",
                    "box": [
                        459,
                        408,
                        483,
                        422
                    ]
                }
            ],
            "id": 38
        },
        {
            "text": "BACK CIGARETTES",
            "box": [
                346,
                381,
                465,
                398
            ],
            "linking": [
                [
                    39,
                    37
                ],
                [
                    39,
                    7
                ],
                [
                    39,
                    8
                ],
                [
                    39,
                    9
                ],
                [
                    39,
                    10
                ],
                [
                    39,
                    42
                ],
                [
                    39,
                    11
                ],
                [
                    39,
                    12
                ],
                [
                    39,
                    19
                ]
            ],
            "label": "title",
            "words": [
                {
                    "text": "BACK",
                    "box": [
                        346,
                        383,
                        378,
                        397
                    ]
                },
                {
                    "text": "CIGARETTES",
                    "box": [
                        385,
                        381,
                        465,
                        398
                    ]
                }
            ],
            "id": 39
        },
        {
            "text": "None to insignificant.",
            "box": [
                233,
                453,
                405,
                468
            ],
            "linking": [
                [
                    8,
                    40
                ]
            ],
            "label": "answer",
            "words": [
                {
                    "text": "None",
                    "box": [
                        233,
                        453,
                        268,
                        466
                    ]
                },
                {
                    "text": "to",
                    "box": [
                        274,
                        453,
                        289,
                        466
                    ]
                },
                {
                    "text": "insignificant.",
                    "box": [
                        297,
                        453,
                        405,
                        468
                    ]
                }
            ],
            "id": 40
        },
        {
            "text": "Excellent appearance (18 holes).",
            "box": [
                237,
                476,
                481,
                494
            ],
            "linking": [
                [
                    9,
                    41
                ]
            ],
            "label": "answer",
            "words": [
                {
                    "text": "Excellent",
                    "box": [
                        237,
                        476,
                        303,
                        493
                    ]
                },
                {
                    "text": "appearance",
                    "box": [
                        310,
                        480,
                        388,
                        494
                    ]
                },
                {
                    "text": "(18",
                    "box": [
                        399,
                        478,
                        423,
                        493
                    ]
                },
                {
                    "text": "holes).",
                    "box": [
                        427,
                        479,
                        481,
                        494
                    ]
                }
            ],
            "id": 41
        },
        {
            "text": "Shift & Date:",
            "box": [
                89,
                542,
                190,
                563
            ],
            "linking": [
                [
                    39,
                    42
                ]
            ],
            "label": "question",
            "words": [
                {
                    "text": "Shift",
                    "box": [
                        89,
                        542,
                        127,
                        559
                    ]
                },
                {
                    "text": "&",
                    "box": [
                        134,
                        546,
                        145,
                        559
                    ]
                },
                {
                    "text": "Date:",
                    "box": [
                        151,
                        543,
                        190,
                        563
                    ]
                }
            ],
            "id": 42
        },
        {
            "text": "FRONT CIGARETTES",
            "box": [
                337,
                584,
                462,
                604
            ],
            "linking": [
                [
                    43,
                    44
                ],
                [
                    43,
                    13
                ],
                [
                    43,
                    14
                ],
                [
                    43,
                    15
                ]
            ],
            "label": "title",
            "words": [
                {
                    "text": "FRONT",
                    "box": [
                        337,
                        584,
                        379,
                        601
                    ]
                },
                {
                    "text": "CIGARETTES",
                    "box": [
                        384,
                        584,
                        462,
                        604
                    ]
                }
            ],
            "id": 43
        },
        {
            "text": "Hole Depth:",
            "box": [
                89,
                606,
                174,
                623
            ],
            "linking": [
                [
                    43,
                    44
                ]
            ],
            "label": "question",
            "words": [
                {
                    "text": "Hole",
                    "box": [
                        89,
                        606,
                        123,
                        620
                    ]
                },
                {
                    "text": "Depth:",
                    "box": [
                        128,
                        608,
                        174,
                        623
                    ]
                }
            ],
            "id": 44
        },
        {
            "text": "BACK CIGARETTES",
            "box": [
                346,
                726,
                462,
                746
            ],
            "linking": [
                [
                    45,
                    46
                ],
                [
                    45,
                    16
                ],
                [
                    45,
                    17
                ],
                [
                    45,
                    18
                ]
            ],
            "label": "title",
            "words": [
                {
                    "text": "BACK",
                    "box": [
                        346,
                        726,
                        380,
                        743
                    ]
                },
                {
                    "text": "CIGARETTES",
                    "box": [
                        384,
                        726,
                        462,
                        746
                    ]
                }
            ],
            "id": 45
        },
        {
            "text": "Hole Depth:",
            "box": [
                88,
                749,
                173,
                766
            ],
            "linking": [
                [
                    45,
                    46
                ]
            ],
            "label": "question",
            "words": [
                {
                    "text": "Hole",
                    "box": [
                        88,
                        750,
                        120,
                        764
                    ]
                },
                {
                    "text": "Depth:",
                    "box": [
                        127,
                        749,
                        173,
                        766
                    ]
                }
            ],
            "id": 46
        },
        {
            "text": "ATXO2 0062194",
            "box": [
                534,
                877,
                645,
                897
            ],
            "linking": [],
            "label": "other",
            "words": [
                {
                    "text": "ATXO2",
                    "box": [
                        534,
                        877,
                        579,
                        897
                    ]
                },
                {
                    "text": "0062194",
                    "box": [
                        585,
                        880,
                        645,
                        897
                    ]
                }
            ],
            "id": 47
        }
    ]
}