{
    "form": [
        {
            "box": [
                264,
                133,
                344,
                150
            ],
            "text": "Description",
            "label": "question",
            "words": [
                {
                    "box": [
                        264,
                        133,
                        344,
                        150
                    ],
                    "text": "Description"
                }
            ],
            "linking": [
                [
                    0,
                    1
                ]
            ],
            "id": 0
        },
        {
            "box": [
                493,
                133,
                560,
                150
            ],
            "text": "Displays",
            "label": "answer",
            "words": [
                {
                    "box": [
                        493,
                        133,
                        560,
                        150
                    ],
                    "text": "Displays"
                }
            ],
            "linking": [
                [
                    0,
                    1
                ]
            ],
            "id": 1
        },
        {
            "box": [
                155,
                186,
                219,
                201
            ],
            "text": "BRANDS",
            "label": "question",
            "words": [
                {
                    "box": [
                        155,
                        186,
                        219,
                        201
                    ],
                    "text": "BRANDS"
                }
            ],
            "linking": [
                [
                    2,
                    21
                ],
                [
                    2,
                    4
                ]
            ],
            "id": 2
        },
        {
            "box": [
                370,
                225,
                452,
                239
            ],
            "text": "Adjustment",
            "label": "question",
            "words": [
                {
                    "box": [
                        370,
                        225,
                        452,
                        239
                    ],
                    "text": "Adjustment"
                }
            ],
            "linking": [
                [
                    3,
                    26
                ]
            ],
            "id": 3
        },
        {
            "box": [
                166,
                225,
                218,
                239
            ],
            "text": "Carlton",
            "label": "answer",
            "words": [
                {
                    "box": [
                        166,
                        225,
                        218,
                        239
                    ],
                    "text": "Carlton"
                }
            ],
            "linking": [
                [
                    2,
                    4
                ]
            ],
            "id": 4
        },
        {
            "box": [
                584,
                314,
                641,
                328
            ],
            "text": "Amount",
            "label": "question",
            "words": [
                {
                    "box": [
                        584,
                        314,
                        641,
                        328
                    ],
                    "text": "Amount"
                }
            ],
            "linking": [
                [
                    5,
                    7
                ],
                [
                    5,
                    8
                ]
            ],
            "id": 5
        },
        {
            "box": [
                156,
                342,
                208,
                357
            ],
            "text": "Displays",
            "label": "answer",
            "words": [
                {
                    "box": [
                        156,
                        342,
                        208,
                        357
                    ],
                    "text": "Displays"
                }
            ],
            "linking": [
                [
                    36,
                    6
                ]
            ],
            "id": 6
        },
        {
            "box": [
                575,
                341,
                634,
                358
            ],
            "text": "31,000.00",
            "label": "answer",
            "words": [
                {
                    "box": [
                        575,
                        341,
                        634,
                        358
                    ],
                    "text": "31,000.00"
                }
            ],
            "linking": [
                [
                    5,
                    7
                ]
            ],
            "id": 7
        },
        {
            "box": [
                573,
                369,
                637,
                384
            ],
            "text": "(31,000.00)",
            "label": "answer",
            "words": [
                {
                    "box": [
                        573,
                        369,
                        637,
                        384
                    ],
                    "text": "(31,000.00)"
                }
            ],
            "linking": [
                [
                    5,
                    8
                ]
            ],
            "id": 8
        },
        {
            "box": [
                41,
                782,
                132,
                797
            ],
            "text": "Distribution:",
            "label": "question",
            "words": [
                {
                    "box": [
                        41,
                        782,
                        132,
                        797
                    ],
                    "text": "Distribution:"
                }
            ],
            "linking": [],
            "id": 9
        },
        {
            "box": [
                332,
                758,
                421,
                797
            ],
            "text": "",
            "label": "answer",
            "words": [
                {
                    "box": [
                        332,
                        758,
                        421,
                        797
                    ],
                    "text": ""
                }
            ],
            "linking": [
                [
                    29,
                    10
                ]
            ],
            "id": 10
        },
        {
            "box": [
                432,
                774,
                466,
                795
            ],
            "text": "5/5",
            "label": "answer",
            "words": [
                {
                    "box": [
                        432,
                        774,
                        466,
                        795
                    ],
                    "text": "5/5"
                }
            ],
            "linking": [
                [
                    16,
                    11
                ]
            ],
            "id": 11
        },
        {
            "box": [
                570,
                757,
                680,
                796
            ],
            "text": "",
            "label": "answer",
            "words": [
                {
                    "box": [
                        570,
                        757,
                        680,
                        796
                    ],
                    "text": ""
                }
            ],
            "linking": [
                [
                    30,
                    12
                ],
                [
                    15,
                    12
                ]
            ],
            "id": 12
        },
        {
            "box": [
                603,
                737,
                635,
                751
            ],
            "text": "0.00",
            "label": "other",
            "words": [
                {
                    "box": [
                        603,
                        737,
                        635,
                        751
                    ],
                    "text": "0.00"
                }
            ],
            "linking": [],
            "id": 13
        },
        {
            "box": [
                663,
                841,
                687,
                855
            ],
            "text": "Date",
            "label": "question",
            "words": [
                {
                    "box": [
                        663,
                        841,
                        687,
                        855
                    ],
                    "text": "Date"
                }
            ],
            "linking": [],
            "id": 14
        },
        {
            "box": [
                663,
                797,
                687,
                810
            ],
            "text": "Date",
            "label": "question",
            "words": [
                {
                    "box": [
                        663,
                        797,
                        687,
                        810
                    ],
                    "text": "Date"
                }
            ],
            "linking": [
                [
                    15,
                    12
                ]
            ],
            "id": 15
        },
        {
            "box": [
                425,
                797,
                449,
                811
            ],
            "text": "Date",
            "label": "question",
            "words": [
                {
                    "box": [
                        425,
                        797,
                        449,
                        811
                    ],
                    "text": "Date"
                }
            ],
            "linking": [
                [
                    16,
                    11
                ]
            ],
            "id": 16
        },
        {
            "box": [
                425,
                839,
                450,
                853
            ],
            "text": "Date",
            "label": "question",
            "words": [
                {
                    "box": [
                        425,
                        839,
                        450,
                        853
                    ],
                    "text": "Date"
                }
            ],
            "linking": [],
            "id": 17
        },
        {
            "text": "THE AMERICAN TOBACCO COMPANY",
            "box": [
                36,
                21,
                139,
                92
            ],
            "linking": [],
            "label": "title",
            "words": [
                {
                    "text": "THE",
                    "box": [
                        36,
                        21,
                        75,
                        36
                    ]
                },
                {
                    "text": "AMERICAN",
                    "box": [
                        36,
                        39,
                        139,
                        56
                    ]
                },
                {
                    "text": "TOBACCO",
                    "box": [
                        36,
                        57,
                        130,
                        72
                    ]
                },
                {
                    "text": "COMPANY",
                    "box": [
                        36,
                        75,
                        131,
                        92
                    ]
                }
            ],
            "id": 18
        },
        {
            "text": "APPROVED MARKETING PROJECT EXPENSE RECOMMENDATION",
            "box": [
                355,
                36,
                685,
                74
            ],
            "linking": [],
            "label": "title",
            "words": [
                {
                    "text": "APPROVED",
                    "box": [
                        355,
                        38,
                        461,
                        55
                    ]
                },
                {
                    "text": "MARKETING",
                    "box": [
                        469,
                        38,
                        586,
                        55
                    ]
                },
                {
                    "text": "PROJECT",
                    "box": [
                        594,
                        36,
                        685,
                        54
                    ]
                },
                {
                    "text": "EXPENSE",
                    "box": [
                        376,
                        56,
                        465,
                        73
                    ]
                },
                {
                    "text": "RECOMMENDATION",
                    "box": [
                        472,
                        56,
                        665,
                        74
                    ]
                }
            ],
            "id": 19
        },
        {
            "text": "S0002 Supp 2",
            "box": [
                137,
                133,
                240,
                149
            ],
            "linking": [
                [
                    35,
                    20
                ]
            ],
            "label": "answer",
            "words": [
                {
                    "text": "S0002",
                    "box": [
                        137,
                        133,
                        184,
                        148
                    ]
                },
                {
                    "text": "Supp",
                    "box": [
                        187,
                        134,
                        226,
                        149
                    ]
                },
                {
                    "text": "2",
                    "box": [
                        229,
                        134,
                        240,
                        149
                    ]
                }
            ],
            "id": 20
        },
        {
            "text": "Private Stock",
            "box": [
                149,
                205,
                235,
                220
            ],
            "linking": [
                [
                    2,
                    21
                ]
            ],
            "label": "answer",
            "words": [
                {
                    "text": "Private",
                    "box": [
                        149,
                        205,
                        195,
                        219
                    ]
                },
                {
                    "text": "Stock",
                    "box": [
                        197,
                        205,
                        235,
                        220
                    ]
                }
            ],
            "id": 21
        },
        {
            "text": "Current Budget",
            "box": [
                356,
                186,
                467,
                202
            ],
            "linking": [
                [
                    22,
                    23
                ]
            ],
            "label": "question",
            "words": [
                {
                    "text": "Current",
                    "box": [
                        356,
                        187,
                        410,
                        202
                    ]
                },
                {
                    "text": "Budget",
                    "box": [
                        415,
                        186,
                        467,
                        201
                    ]
                }
            ],
            "id": 22
        },
        {
            "text": "$ 7,569,000.00",
            "box": [
                547,
                184,
                633,
                203
            ],
            "linking": [
                [
                    22,
                    23
                ]
            ],
            "label": "answer",
            "words": [
                {
                    "text": "$",
                    "box": [
                        547,
                        184,
                        556,
                        203
                    ]
                },
                {
                    "text": "7,569,000.00",
                    "box": [
                        555,
                        186,
                        633,
                        201
                    ]
                }
            ],
            "id": 23
        },
        {
            "text": "Revised Budget",
            "box": [
                356,
                263,
                468,
                280
            ],
            "linking": [
                [
                    24,
                    25
                ]
            ],
            "label": "question",
            "words": [
                {
                    "text": "Revised",
                    "box": [
                        356,
                        264,
                        413,
                        278
                    ]
                },
                {
                    "text": "Budget",
                    "box": [
                        418,
                        263,
                        468,
                        280
                    ]
                }
            ],
            "id": 24
        },
        {
            "text": "$ 7,569,000.00",
            "box": [
                547,
                263,
                634,
                279
            ],
            "linking": [
                [
                    24,
                    25
                ]
            ],
            "label": "answer",
            "words": [
                {
                    "text": "$",
                    "box": [
                        547,
                        263,
                        555,
                        279
                    ]
                },
                {
                    "text": "7,569,000.00",
                    "box": [
                        556,
                        263,
                        634,
                        278
                    ]
                }
            ],
            "id": 25
        },
        {
            "text": "$ 0.00",
            "box": [
                598,
                225,
                635,
                240
            ],
            "linking": [
                [
                    3,
                    26
                ]
            ],
            "label": "answer",
            "words": [
                {
                    "text": "$",
                    "box": [
                        598,
                        225,
                        607,
                        240
                    ]
                },
                {
                    "text": "0.00",
                    "box": [
                        607,
                        225,
                        635,
                        238
                    ]
                }
            ],
            "id": 26
        },
        {
            "text": "CAR- MMT- DSP",
            "box": [
                349,
                341,
                452,
                358
            ],
            "linking": [
                [
                    37,
                    27
                ]
            ],
            "label": "answer",
            "words": [
                {
                    "text": "CAR-",
                    "box": [
                        349,
                        341,
                        384,
                        358
                    ]
                },
                {
                    "text": "MMT-",
                    "box": [
                        385,
                        341,
                        424,
                        356
                    ]
                },
                {
                    "text": "DSP",
                    "box": [
                        425,
                        341,
                        452,
                        354
                    ]
                }
            ],
            "id": 27
        },
        {
            "text": "PRV- MMT- DSP",
            "box": [
                351,
                366,
                449,
                382
            ],
            "linking": [
                [
                    37,
                    28
                ]
            ],
            "label": "answer",
            "words": [
                {
                    "text": "PRV-",
                    "box": [
                        351,
                        367,
                        385,
                        381
                    ]
                },
                {
                    "text": "MMT-",
                    "box": [
                        385,
                        366,
                        421,
                        381
                    ]
                },
                {
                    "text": "DSP",
                    "box": [
                        422,
                        367,
                        449,
                        382
                    ]
                }
            ],
            "id": 28
        },
        {
            "text": "Prepared By:",
            "box": [
                253,
                782,
                331,
                800
            ],
            "linking": [
                [
                    29,
                    10
                ]
            ],
            "label": "question",
            "words": [
                {
                    "text": "Prepared",
                    "box": [
                        253,
                        782,
                        309,
                        799
                    ]
                },
                {
                    "text": "By:",
                    "box": [
                        310,
                        782,
                        331,
                        800
                    ]
                }
            ],
            "id": 29
        },
        {
            "text": "Approved By:",
            "box": [
                476,
                781,
                561,
                801
            ],
            "linking": [
                [
                    30,
                    12
                ]
            ],
            "label": "question",
            "words": [
                {
                    "text": "Approved",
                    "box": [
                        476,
                        782,
                        537,
                        800
                    ]
                },
                {
                    "text": "By:",
                    "box": [
                        541,
                        781,
                        561,
                        801
                    ]
                }
            ],
            "id": 30
        },
        {
            "text": "Approved By:",
            "box": [
                478,
                825,
                560,
                843
            ],
            "linking": [],
            "label": "question",
            "words": [
                {
                    "text": "Approved",
                    "box": [
                        478,
                        825,
                        538,
                        843
                    ]
                },
                {
                    "text": "By:",
                    "box": [
                        542,
                        825,
                        560,
                        843
                    ]
                }
            ],
            "id": 31
        },
        {
            "text": "Prepared By:",
            "box": [
                253,
                825,
                331,
                843
            ],
            "linking": [],
            "label": "question",
            "words": [
                {
                    "text": "Prepared",
                    "box": [
                        253,
                        825,
                        309,
                        843
                    ]
                },
                {
                    "text": "By:",
                    "box": [
                        311,
                        825,
                        331,
                        842
                    ]
                }
            ],
            "id": 32
        },
        {
            "text": "",
            "box": [
                138,
                795,
                192,
                828
            ],
            "linking": [
                [
                    34,
                    33
                ]
            ],
            "label": "answer",
            "words": [
                {
                    "text": "",
                    "box": [
                        138,
                        796,
                        166,
                        811
                    ]
                },
                {
                    "text": "",
                    "box": [
                        140,
                        811,
                        164,
                        828
                    ]
                },
                {
                    "text": "",
                    "box": [
                        165,
                        795,
                        192,
                        823
                    ]
                }
            ],
            "id": 33
        },
        {
            "text": "Accounting File",
            "box": [
                53,
                799,
                124,
                825
            ],
            "linking": [
                [
                    34,
                    33
                ]
            ],
            "label": "question",
            "words": [
                {
                    "text": "Accounting",
                    "box": [
                        54,
                        799,
                        124,
                        812
                    ]
                },
                {
                    "text": "File",
                    "box": [
                        53,
                        810,
                        78,
                        825
                    ]
                }
            ],
            "id": 34
        },
        {
            "text": "Project No",
            "box": [
                41,
                134,
                116,
                149
            ],
            "linking": [
                [
                    35,
                    20
                ]
            ],
            "label": "question",
            "words": [
                {
                    "text": "Project",
                    "box": [
                        41,
                        134,
                        90,
                        149
                    ]
                },
                {
                    "text": "No",
                    "box": [
                        94,
                        134,
                        116,
                        148
                    ]
                }
            ],
            "id": 35
        },
        {
            "text": "Offer Description",
            "box": [
                87,
                313,
                206,
                330
            ],
            "linking": [
                [
                    36,
                    6
                ]
            ],
            "label": "question",
            "words": [
                {
                    "text": "Offer",
                    "box": [
                        87,
                        314,
                        123,
                        329
                    ]
                },
                {
                    "text": "Description",
                    "box": [
                        126,
                        313,
                        206,
                        330
                    ]
                }
            ],
            "id": 36
        },
        {
            "text": "Charge Code",
            "box": [
                395,
                313,
                492,
                331
            ],
            "linking": [
                [
                    37,
                    27
                ],
                [
                    37,
                    28
                ]
            ],
            "label": "question",
            "words": [
                {
                    "text": "Charge",
                    "box": [
                        395,
                        313,
                        447,
                        331
                    ]
                },
                {
                    "text": "Code",
                    "box": [
                        450,
                        313,
                        492,
                        330
                    ]
                }
            ],
            "id": 37
        }
    ]
}