{
    "form": [
        {
            "box": [
                501,
                141,
                535,
                156
            ],
            "text": "Date",
            "label": "question",
            "words": [
                {
                    "box": [
                        501,
                        141,
                        535,
                        156
                    ],
                    "text": "Date"
                }
            ],
            "linking": [
                [
                    0,
                    4
                ]
            ],
            "id": 0
        },
        {
            "box": [
                197,
                295,
                267,
                312
            ],
            "text": "Marketing",
            "label": "answer",
            "words": [
                {
                    "box": [
                        197,
                        295,
                        267,
                        312
                    ],
                    "text": "Marketing"
                }
            ],
            "linking": [
                [
                    10,
                    1
                ]
            ],
            "id": 1
        },
        {
            "box": [
                168,
                270,
                203,
                283
            ],
            "text": "Mann",
            "label": "answer",
            "words": [
                {
                    "box": [
                        168,
                        270,
                        203,
                        283
                    ],
                    "text": "Mann"
                }
            ],
            "linking": [
                [
                    9,
                    2
                ]
            ],
            "id": 2
        },
        {
            "text": "Project Initiation Form",
            "box": [
                299,
                81,
                473,
                98
            ],
            "linking": [],
            "label": "title",
            "words": [
                {
                    "text": "Project",
                    "box": [
                        299,
                        82,
                        353,
                        97
                    ]
                },
                {
                    "text": "Initiation",
                    "box": [
                        360,
                        81,
                        434,
                        98
                    ]
                },
                {
                    "text": "Form",
                    "box": [
                        439,
                        81,
                        473,
                        96
                    ]
                }
            ],
            "id": 3
        },
        {
            "text": "November 15, 1968",
            "box": [
                547,
                141,
                674,
                159
            ],
            "linking": [
                [
                    0,
                    4
                ]
            ],
            "label": "answer",
            "words": [
                {
                    "text": "November",
                    "box": [
                        547,
                        142,
                        606,
                        157
                    ]
                },
                {
                    "text": "15,",
                    "box": [
                        610,
                        141,
                        635,
                        159
                    ]
                },
                {
                    "text": "1968",
                    "box": [
                        642,
                        142,
                        674,
                        157
                    ]
                }
            ],
            "id": 4
        },
        {
            "text": "CST- N- 68",
            "box": [
                168,
                141,
                229,
                156
            ],
            "linking": [
                [
                    6,
                    5
                ]
            ],
            "label": "answer",
            "words": [
                {
                    "text": "CST-",
                    "box": [
                        168,
                        142,
                        199,
                        153
                    ]
                },
                {
                    "text": "N-",
                    "box": [
                        200,
                        142,
                        213,
                        156
                    ]
                },
                {
                    "text": "68",
                    "box": [
                        214,
                        141,
                        229,
                        154
                    ]
                }
            ],
            "id": 5
        },
        {
            "text": "Project Code",
            "box": [
                54,
                141,
                144,
                159
            ],
            "linking": [
                [
                    6,
                    5
                ]
            ],
            "label": "question",
            "words": [
                {
                    "text": "Project",
                    "box": [
                        54,
                        141,
                        107,
                        159
                    ]
                },
                {
                    "text": "Code",
                    "box": [
                        113,
                        142,
                        144,
                        157
                    ]
                }
            ],
            "id": 6
        },
        {
            "text": "Project Name",
            "box": [
                53,
                209,
                144,
                226
            ],
            "linking": [
                [
                    7,
                    8
                ]
            ],
            "label": "question",
            "words": [
                {
                    "text": "Project",
                    "box": [
                        53,
                        209,
                        106,
                        226
                    ]
                },
                {
                    "text": "Name",
                    "box": [
                        112,
                        211,
                        144,
                        225
                    ]
                }
            ],
            "id": 7
        },
        {
            "text": "Charcoal Smoking Tobacco",
            "box": [
                170,
                207,
                349,
                226
            ],
            "linking": [
                [
                    7,
                    8
                ]
            ],
            "label": "answer",
            "words": [
                {
                    "text": "Charcoal",
                    "box": [
                        170,
                        208,
                        229,
                        223
                    ]
                },
                {
                    "text": "Smoking",
                    "box": [
                        236,
                        209,
                        288,
                        226
                    ]
                },
                {
                    "text": "Tobacco",
                    "box": [
                        292,
                        207,
                        349,
                        224
                    ]
                }
            ],
            "id": 8
        },
        {
            "text": "Project Leader",
            "box": [
                54,
                267,
                159,
                284
            ],
            "linking": [
                [
                    9,
                    2
                ]
            ],
            "label": "question",
            "words": [
                {
                    "text": "Project",
                    "box": [
                        54,
                        270,
                        110,
                        284
                    ]
                },
                {
                    "text": "Leader",
                    "box": [
                        112,
                        267,
                        159,
                        282
                    ]
                }
            ],
            "id": 9
        },
        {
            "text": "Work Requested by",
            "box": [
                53,
                299,
                180,
                316
            ],
            "linking": [
                [
                    10,
                    1
                ]
            ],
            "label": "question",
            "words": [
                {
                    "text": "Work",
                    "box": [
                        53,
                        299,
                        87,
                        314
                    ]
                },
                {
                    "text": "Requested",
                    "box": [
                        91,
                        299,
                        159,
                        314
                    ]
                },
                {
                    "text": "by",
                    "box": [
                        162,
                        299,
                        180,
                        316
                    ]
                }
            ],
            "id": 10
        },
        {
            "text": "Project Objective",
            "box": [
                54,
                355,
                181,
                373
            ],
            "linking": [
                [
                    11,
                    12
                ]
            ],
            "label": "question",
            "words": [
                {
                    "text": "Project",
                    "box": [
                        54,
                        356,
                        108,
                        373
                    ]
                },
                {
                    "text": "Objective",
                    "box": [
                        115,
                        355,
                        181,
                        373
                    ]
                }
            ],
            "id": 11
        },
        {
            "text": "A pipe tobacco containing activated charcoal - must show vapor phase reduction.",
            "box": [
                200,
                353,
                655,
                402
            ],
            "linking": [
                [
                    11,
                    12
                ]
            ],
            "label": "answer",
            "words": [
                {
                    "text": "A",
                    "box": [
                        200,
                        358,
                        211,
                        372
                    ]
                },
                {
                    "text": "pipe",
                    "box": [
                        215,
                        358,
                        247,
                        372
                    ]
                },
                {
                    "text": "tobacco",
                    "box": [
                        250,
                        356,
                        306,
                        367
                    ]
                },
                {
                    "text": "containing",
                    "box": [
                        310,
                        356,
                        383,
                        373
                    ]
                },
                {
                    "text": "activated",
                    "box": [
                        390,
                        353,
                        457,
                        370
                    ]
                },
                {
                    "text": "charcoal",
                    "box": [
                        461,
                        353,
                        522,
                        370
                    ]
                },
                {
                    "text": "-",
                    "box": [
                        527,
                        356,
                        538,
                        369
                    ]
                },
                {
                    "text": "must",
                    "box": [
                        542,
                        353,
                        571,
                        368
                    ]
                },
                {
                    "text": "show",
                    "box": [
                        578,
                        353,
                        610,
                        367
                    ]
                },
                {
                    "text": "vapor",
                    "box": [
                        613,
                        355,
                        655,
                        369
                    ]
                },
                {
                    "text": "phase",
                    "box": [
                        201,
                        385,
                        237,
                        402
                    ]
                },
                {
                    "text": "reduction.",
                    "box": [
                        242,
                        385,
                        317,
                        399
                    ]
                }
            ],
            "id": 12
        },
        {
            "text": "Smoking Deval Tobacco ",
            "box": [
                106,
                432,
                549,
                500
            ],
            "linking": [],
            "label": "other",
            "words": [
                {
                    "text": "",
                    "box": [
                        106,
                        432,
                        160,
                        461
                    ]
                },
                {
                    "text": "Smoking",
                    "box": [
                        189,
                        432,
                        304,
                        482
                    ]
                },
                {
                    "text": "",
                    "box": [
                        338,
                        434,
                        395,
                        461
                    ]
                },
                {
                    "text": "",
                    "box": [
                        401,
                        436,
                        418,
                        456
                    ]
                },
                {
                    "text": "Deval",
                    "box": [
                        423,
                        432,
                        507,
                        460
                    ]
                },
                {
                    "text": "Tobacco",
                    "box": [
                        184,
                        465,
                        289,
                        494
                    ]
                },
                {
                    "text": "",
                    "box": [
                        341,
                        465,
                        423,
                        500
                    ]
                },
                {
                    "text": "",
                    "box": [
                        429,
                        476,
                        437,
                        484
                    ]
                },
                {
                    "text": "",
                    "box": [
                        441,
                        461,
                        549,
                        495
                    ]
                }
            ],
            "id": 13
        },
        {
            "text": "Other personnel assigned",
            "box": [
                57,
                744,
                237,
                762
            ],
            "linking": [
                [
                    14,
                    15
                ],
                [
                    14,
                    16
                ]
            ],
            "label": "question",
            "words": [
                {
                    "text": "Other",
                    "box": [
                        57,
                        747,
                        99,
                        760
                    ]
                },
                {
                    "text": "personnel",
                    "box": [
                        103,
                        744,
                        170,
                        762
                    ]
                },
                {
                    "text": "assigned",
                    "box": [
                        177,
                        744,
                        237,
                        762
                    ]
                }
            ],
            "id": 14
        },
        {
            "text": "Analytical Section is doing most of the work on vapor phase.",
            "box": [
                254,
                742,
                690,
                760
            ],
            "linking": [
                [
                    14,
                    15
                ]
            ],
            "label": "answer",
            "words": [
                {
                    "text": "Analytical",
                    "box": [
                        254,
                        742,
                        331,
                        757
                    ]
                },
                {
                    "text": "Section",
                    "box": [
                        337,
                        742,
                        387,
                        757
                    ]
                },
                {
                    "text": "is",
                    "box": [
                        392,
                        743,
                        407,
                        756
                    ]
                },
                {
                    "text": "doing",
                    "box": [
                        415,
                        742,
                        454,
                        759
                    ]
                },
                {
                    "text": "most",
                    "box": [
                        457,
                        742,
                        489,
                        757
                    ]
                },
                {
                    "text": "of",
                    "box": [
                        494,
                        743,
                        511,
                        757
                    ]
                },
                {
                    "text": "the",
                    "box": [
                        515,
                        742,
                        539,
                        756
                    ]
                },
                {
                    "text": "work",
                    "box": [
                        546,
                        742,
                        575,
                        755
                    ]
                },
                {
                    "text": "on",
                    "box": [
                        581,
                        744,
                        599,
                        757
                    ]
                },
                {
                    "text": "vapor",
                    "box": [
                        602,
                        742,
                        641,
                        760
                    ]
                },
                {
                    "text": "phase.",
                    "box": [
                        647,
                        742,
                        690,
                        759
                    ]
                }
            ],
            "id": 15
        },
        {
            "text": "PDL and John Brooks preparing charocal impregnated RC.",
            "box": [
                74,
                771,
                468,
                790
            ],
            "linking": [
                [
                    14,
                    16
                ]
            ],
            "label": "answer",
            "words": [
                {
                    "text": "PDL",
                    "box": [
                        74,
                        772,
                        98,
                        789
                    ]
                },
                {
                    "text": "and",
                    "box": [
                        102,
                        772,
                        126,
                        789
                    ]
                },
                {
                    "text": "John",
                    "box": [
                        131,
                        774,
                        163,
                        788
                    ]
                },
                {
                    "text": "Brooks",
                    "box": [
                        168,
                        774,
                        214,
                        788
                    ]
                },
                {
                    "text": "preparing",
                    "box": [
                        219,
                        775,
                        286,
                        790
                    ]
                },
                {
                    "text": "charocal",
                    "box": [
                        292,
                        771,
                        349,
                        785
                    ]
                },
                {
                    "text": "impregnated",
                    "box": [
                        358,
                        772,
                        440,
                        787
                    ]
                },
                {
                    "text": "RC.",
                    "box": [
                        444,
                        772,
                        468,
                        783
                    ]
                }
            ],
            "id": 16
        },
        {
            "text": "Estimated Man Hours for Completion",
            "box": [
                61,
                848,
                310,
                866
            ],
            "linking": [],
            "label": "question",
            "words": [
                {
                    "text": "Estimated",
                    "box": [
                        61,
                        849,
                        127,
                        866
                    ]
                },
                {
                    "text": "Man",
                    "box": [
                        133,
                        848,
                        160,
                        863
                    ]
                },
                {
                    "text": "Hours",
                    "box": [
                        162,
                        848,
                        201,
                        863
                    ]
                },
                {
                    "text": "for",
                    "box": [
                        205,
                        849,
                        230,
                        864
                    ]
                },
                {
                    "text": "Completion",
                    "box": [
                        236,
                        848,
                        310,
                        865
                    ]
                }
            ],
            "id": 17
        }
    ]
}