{
    "form": [
        {
            "box": [
                622,
                784,
                639,
                864
            ],
            "text": "00836816",
            "label": "other",
            "words": [
                {
                    "box": [
                        622,
                        784,
                        639,
                        864
                    ],
                    "text": "00836816"
                }
            ],
            "linking": [],
            "id": 0
        },
        {
            "box": [
                84,
                869,
                125,
                879
            ],
            "text": "SIGNATURE",
            "label": "question",
            "words": [
                {
                    "box": [
                        84,
                        869,
                        125,
                        879
                    ],
                    "text": "SIGNATURE"
                }
            ],
            "linking": [
                [
                    1,
                    27
                ]
            ],
            "id": 1
        },
        {
            "box": [
                486,
                872,
                504,
                880
            ],
            "text": "DATE",
            "label": "question",
            "words": [
                {
                    "box": [
                        486,
                        872,
                        504,
                        880
                    ],
                    "text": "DATE"
                }
            ],
            "linking": [
                [
                    2,
                    28
                ]
            ],
            "id": 2
        },
        {
            "box": [
                163,
                732,
                176,
                739
            ],
            "text": "TO",
            "label": "title",
            "words": [
                {
                    "box": [
                        163,
                        732,
                        176,
                        739
                    ],
                    "text": "TO"
                }
            ],
            "linking": [],
            "id": 3
        },
        {
            "box": [
                103,
                179,
                130,
                190
            ],
            "text": "A30",
            "label": "answer",
            "words": [
                {
                    "box": [
                        103,
                        179,
                        130,
                        190
                    ],
                    "text": "A30"
                }
            ],
            "linking": [
                [
                    9,
                    4
                ]
            ],
            "id": 4
        },
        {
            "box": [
                82,
                219,
                96,
                232
            ],
            "text": "pH",
            "label": "question",
            "words": [
                {
                    "box": [
                        82,
                        219,
                        96,
                        232
                    ],
                    "text": "pH"
                }
            ],
            "linking": [
                [
                    5,
                    13
                ]
            ],
            "id": 5
        },
        {
            "box": [
                103,
                376,
                125,
                389
            ],
            "text": "ORAL",
            "label": "question",
            "words": [
                {
                    "box": [
                        103,
                        376,
                        125,
                        389
                    ],
                    "text": "ORAL"
                }
            ],
            "linking": [
                [
                    6,
                    15
                ]
            ],
            "id": 6
        },
        {
            "box": [
                84,
                355,
                125,
                366
            ],
            "text": "SOLUBILITY",
            "label": "question",
            "words": [
                {
                    "box": [
                        84,
                        355,
                        125,
                        366
                    ],
                    "text": "SOLUBILITY"
                }
            ],
            "linking": [
                [
                    7,
                    14
                ]
            ],
            "id": 7
        },
        {
            "text": "COMPOUND PHYSICAL PARAMETERS",
            "box": [
                228,
                141,
                522,
                161
            ],
            "linking": [],
            "label": "title",
            "words": [
                {
                    "text": "COMPOUND",
                    "box": [
                        228,
                        141,
                        334,
                        161
                    ]
                },
                {
                    "text": "PHYSICAL",
                    "box": [
                        335,
                        141,
                        416,
                        159
                    ]
                },
                {
                    "text": "PARAMETERS",
                    "box": [
                        419,
                        141,
                        522,
                        159
                    ]
                }
            ],
            "id": 8
        },
        {
            "text": "LRC FILE NUMBER",
            "box": [
                84,
                170,
                148,
                178
            ],
            "linking": [
                [
                    9,
                    4
                ]
            ],
            "label": "question",
            "words": [
                {
                    "text": "LRC",
                    "box": [
                        84,
                        170,
                        99,
                        178
                    ]
                },
                {
                    "text": "FILE",
                    "box": [
                        99,
                        170,
                        116,
                        178
                    ]
                },
                {
                    "text": "NUMBER",
                    "box": [
                        117,
                        170,
                        148,
                        178
                    ]
                }
            ],
            "id": 9
        },
        {
            "text": "LOT NUMBER",
            "box": [
                486,
                170,
                533,
                181
            ],
            "linking": [],
            "label": "question",
            "words": [
                {
                    "text": "LOT",
                    "box": [
                        486,
                        170,
                        503,
                        181
                    ]
                },
                {
                    "text": "NUMBER",
                    "box": [
                        504,
                        170,
                        533,
                        180
                    ]
                }
            ],
            "id": 10
        },
        {
            "text": "PHYSICAL STATE",
            "box": [
                85,
                196,
                142,
                204
            ],
            "linking": [
                [
                    11,
                    12
                ]
            ],
            "label": "question",
            "words": [
                {
                    "text": "PHYSICAL",
                    "box": [
                        85,
                        196,
                        119,
                        204
                    ]
                },
                {
                    "text": "STATE",
                    "box": [
                        120,
                        197,
                        142,
                        204
                    ]
                }
            ],
            "id": 11
        },
        {
            "text": "Clear Colorless liquid",
            "box": [
                103,
                203,
                286,
                218
            ],
            "linking": [
                [
                    11,
                    12
                ]
            ],
            "label": "answer",
            "words": [
                {
                    "text": "Clear",
                    "box": [
                        103,
                        205,
                        145,
                        216
                    ]
                },
                {
                    "text": "Colorless",
                    "box": [
                        154,
                        203,
                        228,
                        218
                    ]
                },
                {
                    "text": "liquid",
                    "box": [
                        237,
                        205,
                        286,
                        218
                    ]
                }
            ],
            "id": 12
        },
        {
            "text": "The pH of a 50 % concentration of A30 in (52.6% dioxane/ water was calculated to be 8.13 at 24 C according to the extrapolation procedures by Dr. P. D. Schickedantz, Lorillard Research Center Accession Number 1662, Reference OR 83- 81.",
            "box": [
                102,
                228,
                644,
                284
            ],
            "linking": [
                [
                    5,
                    13
                ]
            ],
            "label": "answer",
            "words": [
                {
                    "text": "The",
                    "box": [
                        103,
                        229,
                        130,
                        244
                    ]
                },
                {
                    "text": "pH",
                    "box": [
                        135,
                        228,
                        153,
                        243
                    ]
                },
                {
                    "text": "of",
                    "box": [
                        162,
                        228,
                        180,
                        243
                    ]
                },
                {
                    "text": "a",
                    "box": [
                        186,
                        230,
                        194,
                        244
                    ]
                },
                {
                    "text": "50",
                    "box": [
                        203,
                        229,
                        220,
                        244
                    ]
                },
                {
                    "text": "%",
                    "box": [
                        219,
                        229,
                        230,
                        242
                    ]
                },
                {
                    "text": "concentration",
                    "box": [
                        236,
                        230,
                        344,
                        244
                    ]
                },
                {
                    "text": "of",
                    "box": [
                        351,
                        229,
                        369,
                        243
                    ]
                },
                {
                    "text": "A30",
                    "box": [
                        376,
                        230,
                        403,
                        243
                    ]
                },
                {
                    "text": "in",
                    "box": [
                        412,
                        232,
                        427,
                        245
                    ]
                },
                {
                    "text": "(52.6%",
                    "box": [
                        434,
                        230,
                        486,
                        244
                    ]
                },
                {
                    "text": "dioxane/",
                    "box": [
                        493,
                        229,
                        568,
                        246
                    ]
                },
                {
                    "text": "water",
                    "box": [
                        568,
                        232,
                        613,
                        246
                    ]
                },
                {
                    "text": "was",
                    "box": [
                        617,
                        233,
                        644,
                        246
                    ]
                },
                {
                    "text": "calculated",
                    "box": [
                        102,
                        243,
                        187,
                        254
                    ]
                },
                {
                    "text": "to",
                    "box": [
                        196,
                        244,
                        213,
                        255
                    ]
                },
                {
                    "text": "be",
                    "box": [
                        218,
                        243,
                        236,
                        254
                    ]
                },
                {
                    "text": "8.13",
                    "box": [
                        243,
                        243,
                        279,
                        254
                    ]
                },
                {
                    "text": "at",
                    "box": [
                        285,
                        244,
                        303,
                        257
                    ]
                },
                {
                    "text": "24",
                    "box": [
                        310,
                        243,
                        327,
                        257
                    ]
                },
                {
                    "text": "C",
                    "box": [
                        327,
                        244,
                        348,
                        255
                    ]
                },
                {
                    "text": "according",
                    "box": [
                        351,
                        244,
                        429,
                        259
                    ]
                },
                {
                    "text": "to",
                    "box": [
                        436,
                        244,
                        453,
                        258
                    ]
                },
                {
                    "text": "the",
                    "box": [
                        459,
                        244,
                        487,
                        258
                    ]
                },
                {
                    "text": "extrapolation",
                    "box": [
                        493,
                        244,
                        606,
                        257
                    ]
                },
                {
                    "text": "procedures",
                    "box": [
                        103,
                        256,
                        187,
                        270
                    ]
                },
                {
                    "text": "by",
                    "box": [
                        193,
                        257,
                        214,
                        270
                    ]
                },
                {
                    "text": "Dr.",
                    "box": [
                        219,
                        257,
                        243,
                        271
                    ]
                },
                {
                    "text": "P.",
                    "box": [
                        250,
                        256,
                        270,
                        271
                    ]
                },
                {
                    "text": "D.",
                    "box": [
                        277,
                        256,
                        295,
                        269
                    ]
                },
                {
                    "text": "Schickedantz,",
                    "box": [
                        300,
                        257,
                        409,
                        271
                    ]
                },
                {
                    "text": "Lorillard",
                    "box": [
                        419,
                        258,
                        494,
                        271
                    ]
                },
                {
                    "text": "Research",
                    "box": [
                        501,
                        257,
                        569,
                        270
                    ]
                },
                {
                    "text": "Center",
                    "box": [
                        575,
                        258,
                        627,
                        272
                    ]
                },
                {
                    "text": "Accession",
                    "box": [
                        102,
                        271,
                        180,
                        281
                    ]
                },
                {
                    "text": "Number",
                    "box": [
                        184,
                        268,
                        237,
                        283
                    ]
                },
                {
                    "text": "1662,",
                    "box": [
                        243,
                        271,
                        286,
                        282
                    ]
                },
                {
                    "text": "Reference",
                    "box": [
                        293,
                        270,
                        370,
                        281
                    ]
                },
                {
                    "text": "OR",
                    "box": [
                        376,
                        270,
                        394,
                        284
                    ]
                },
                {
                    "text": "83-",
                    "box": [
                        404,
                        271,
                        425,
                        284
                    ]
                },
                {
                    "text": "81.",
                    "box": [
                        426,
                        270,
                        455,
                        284
                    ]
                }
            ],
            "id": 13
        },
        {
            "text": "(See SOE for Biological Solutions)",
            "box": [
                144,
                359,
                427,
                373
            ],
            "linking": [
                [
                    7,
                    14
                ]
            ],
            "label": "answer",
            "words": [
                {
                    "text": "(See",
                    "box": [
                        144,
                        359,
                        178,
                        373
                    ]
                },
                {
                    "text": "SOE",
                    "box": [
                        186,
                        360,
                        214,
                        373
                    ]
                },
                {
                    "text": "for",
                    "box": [
                        219,
                        359,
                        243,
                        373
                    ]
                },
                {
                    "text": "Biological",
                    "box": [
                        253,
                        359,
                        338,
                        373
                    ]
                },
                {
                    "text": "Solutions)",
                    "box": [
                        345,
                        359,
                        427,
                        373
                    ]
                }
            ],
            "id": 14
        },
        {
            "text": "Reference OR 100- 32 . 5g A30 soluble in .5 mL corn oil at room temperature.",
            "box": [
                109,
                388,
                558,
                433
            ],
            "linking": [
                [
                    6,
                    15
                ]
            ],
            "label": "answer",
            "words": [
                {
                    "text": "Reference",
                    "box": [
                        109,
                        388,
                        186,
                        405
                    ]
                },
                {
                    "text": "OR",
                    "box": [
                        193,
                        388,
                        214,
                        406
                    ]
                },
                {
                    "text": "100-",
                    "box": [
                        221,
                        390,
                        252,
                        407
                    ]
                },
                {
                    "text": "32",
                    "box": [
                        253,
                        390,
                        270,
                        405
                    ]
                },
                {
                    "text": ".",
                    "box": [
                        110,
                        422,
                        120,
                        432
                    ]
                },
                {
                    "text": "5g",
                    "box": [
                        119,
                        416,
                        139,
                        431
                    ]
                },
                {
                    "text": "A30",
                    "box": [
                        142,
                        416,
                        171,
                        430
                    ]
                },
                {
                    "text": "soluble",
                    "box": [
                        177,
                        416,
                        240,
                        431
                    ]
                },
                {
                    "text": "in",
                    "box": [
                        242,
                        416,
                        264,
                        430
                    ]
                },
                {
                    "text": ".5",
                    "box": [
                        267,
                        416,
                        287,
                        430
                    ]
                },
                {
                    "text": "mL",
                    "box": [
                        291,
                        418,
                        312,
                        432
                    ]
                },
                {
                    "text": "corn",
                    "box": [
                        320,
                        418,
                        355,
                        431
                    ]
                },
                {
                    "text": "oil",
                    "box": [
                        360,
                        416,
                        387,
                        431
                    ]
                },
                {
                    "text": "at",
                    "box": [
                        394,
                        416,
                        411,
                        430
                    ]
                },
                {
                    "text": "room",
                    "box": [
                        416,
                        416,
                        454,
                        431
                    ]
                },
                {
                    "text": "temperature.",
                    "box": [
                        462,
                        418,
                        558,
                        433
                    ]
                }
            ],
            "id": 15
        },
        {
            "text": "ACUTE CARDIOVASCULAR",
            "box": [
                105,
                483,
                194,
                496
            ],
            "linking": [
                [
                    16,
                    17
                ]
            ],
            "label": "question",
            "words": [
                {
                    "text": "ACUTE",
                    "box": [
                        105,
                        483,
                        127,
                        496
                    ]
                },
                {
                    "text": "CARDIOVASCULAR",
                    "box": [
                        127,
                        483,
                        194,
                        493
                    ]
                }
            ],
            "id": 16
        },
        {
            "text": "(See SOP for Determination of Solubility of Materials for Acute Cardiovascular and Respiratory Effects Study in Beagle Dogs) Reference OR 100- 32 .2 mg A30 soluble in .5 mL 10 % propylene glycol solution at 38 C. Add A30 to warm (38 C) propylene glycol; add warm water to make 10 % propylene glycol solution.",
            "box": [
                108,
                500,
                651,
                608
            ],
            "linking": [
                [
                    16,
                    17
                ]
            ],
            "label": "answer",
            "words": [
                {
                    "text": "(See",
                    "box": [
                        110,
                        501,
                        145,
                        515
                    ]
                },
                {
                    "text": "SOP",
                    "box": [
                        149,
                        501,
                        177,
                        515
                    ]
                },
                {
                    "text": "for",
                    "box": [
                        186,
                        503,
                        211,
                        516
                    ]
                },
                {
                    "text": "Determination",
                    "box": [
                        219,
                        503,
                        328,
                        516
                    ]
                },
                {
                    "text": "of",
                    "box": [
                        334,
                        501,
                        355,
                        516
                    ]
                },
                {
                    "text": "Solubility",
                    "box": [
                        359,
                        500,
                        444,
                        517
                    ]
                },
                {
                    "text": "of",
                    "box": [
                        451,
                        500,
                        468,
                        518
                    ]
                },
                {
                    "text": "Materials",
                    "box": [
                        476,
                        504,
                        553,
                        518
                    ]
                },
                {
                    "text": "for",
                    "box": [
                        557,
                        504,
                        585,
                        517
                    ]
                },
                {
                    "text": "Acute",
                    "box": [
                        591,
                        504,
                        634,
                        517
                    ]
                },
                {
                    "text": "Cardiovascular",
                    "box": [
                        113,
                        514,
                        226,
                        528
                    ]
                },
                {
                    "text": "and",
                    "box": [
                        236,
                        515,
                        261,
                        529
                    ]
                },
                {
                    "text": "Respiratory",
                    "box": [
                        270,
                        514,
                        362,
                        529
                    ]
                },
                {
                    "text": "Effects",
                    "box": [
                        366,
                        517,
                        429,
                        528
                    ]
                },
                {
                    "text": "Study",
                    "box": [
                        434,
                        517,
                        477,
                        530
                    ]
                },
                {
                    "text": "in",
                    "box": [
                        485,
                        518,
                        502,
                        531
                    ]
                },
                {
                    "text": "Beagle",
                    "box": [
                        506,
                        518,
                        560,
                        531
                    ]
                },
                {
                    "text": "Dogs)",
                    "box": [
                        564,
                        517,
                        607,
                        532
                    ]
                },
                {
                    "text": "Reference",
                    "box": [
                        110,
                        539,
                        187,
                        554
                    ]
                },
                {
                    "text": "OR",
                    "box": [
                        193,
                        541,
                        213,
                        555
                    ]
                },
                {
                    "text": "100-",
                    "box": [
                        221,
                        541,
                        250,
                        555
                    ]
                },
                {
                    "text": "32",
                    "box": [
                        251,
                        541,
                        272,
                        554
                    ]
                },
                {
                    "text": ".2",
                    "box": [
                        109,
                        566,
                        133,
                        580
                    ]
                },
                {
                    "text": "mg",
                    "box": [
                        135,
                        566,
                        153,
                        583
                    ]
                },
                {
                    "text": "A30",
                    "box": [
                        158,
                        566,
                        187,
                        580
                    ]
                },
                {
                    "text": "soluble",
                    "box": [
                        194,
                        566,
                        253,
                        580
                    ]
                },
                {
                    "text": "in",
                    "box": [
                        261,
                        568,
                        278,
                        579
                    ]
                },
                {
                    "text": ".5",
                    "box": [
                        285,
                        566,
                        300,
                        581
                    ]
                },
                {
                    "text": "mL",
                    "box": [
                        309,
                        566,
                        329,
                        580
                    ]
                },
                {
                    "text": "10",
                    "box": [
                        335,
                        567,
                        350,
                        581
                    ]
                },
                {
                    "text": "%",
                    "box": [
                        351,
                        567,
                        361,
                        578
                    ]
                },
                {
                    "text": "propylene",
                    "box": [
                        367,
                        566,
                        444,
                        580
                    ]
                },
                {
                    "text": "glycol",
                    "box": [
                        451,
                        567,
                        503,
                        580
                    ]
                },
                {
                    "text": "solution",
                    "box": [
                        510,
                        567,
                        576,
                        580
                    ]
                },
                {
                    "text": "at",
                    "box": [
                        584,
                        567,
                        601,
                        581
                    ]
                },
                {
                    "text": "38",
                    "box": [
                        610,
                        567,
                        624,
                        581
                    ]
                },
                {
                    "text": "C.",
                    "box": [
                        627,
                        567,
                        651,
                        581
                    ]
                },
                {
                    "text": "Add",
                    "box": [
                        108,
                        580,
                        137,
                        593
                    ]
                },
                {
                    "text": "A30",
                    "box": [
                        140,
                        580,
                        169,
                        593
                    ]
                },
                {
                    "text": "to",
                    "box": [
                        176,
                        581,
                        196,
                        592
                    ]
                },
                {
                    "text": "warm",
                    "box": [
                        200,
                        580,
                        238,
                        594
                    ]
                },
                {
                    "text": "(38",
                    "box": [
                        243,
                        578,
                        268,
                        593
                    ]
                },
                {
                    "text": "C)",
                    "box": [
                        270,
                        581,
                        292,
                        592
                    ]
                },
                {
                    "text": "propylene",
                    "box": [
                        300,
                        580,
                        377,
                        593
                    ]
                },
                {
                    "text": "glycol;",
                    "box": [
                        381,
                        580,
                        442,
                        595
                    ]
                },
                {
                    "text": "add",
                    "box": [
                        451,
                        578,
                        476,
                        593
                    ]
                },
                {
                    "text": "warm",
                    "box": [
                        485,
                        582,
                        521,
                        593
                    ]
                },
                {
                    "text": "water",
                    "box": [
                        525,
                        580,
                        567,
                        594
                    ]
                },
                {
                    "text": "to",
                    "box": [
                        575,
                        581,
                        593,
                        592
                    ]
                },
                {
                    "text": "make",
                    "box": [
                        599,
                        580,
                        638,
                        594
                    ]
                },
                {
                    "text": "10",
                    "box": [
                        110,
                        591,
                        127,
                        606
                    ]
                },
                {
                    "text": "%",
                    "box": [
                        126,
                        592,
                        139,
                        606
                    ]
                },
                {
                    "text": "propylene",
                    "box": [
                        142,
                        594,
                        219,
                        608
                    ]
                },
                {
                    "text": "glycol",
                    "box": [
                        226,
                        591,
                        276,
                        606
                    ]
                },
                {
                    "text": "solution.",
                    "box": [
                        284,
                        594,
                        362,
                        605
                    ]
                }
            ],
            "id": 17
        },
        {
            "text": "Refrig erate in amber bottle at no more than 8 C.",
            "box": [
                103,
                644,
                500,
                658
            ],
            "linking": [
                [
                    19,
                    18
                ]
            ],
            "label": "answer",
            "words": [
                {
                    "text": "Refrig",
                    "box": [
                        103,
                        645,
                        194,
                        656
                    ]
                },
                {
                    "text": "erate",
                    "box": [
                        154,
                        645,
                        197,
                        655
                    ]
                },
                {
                    "text": "in",
                    "box": [
                        204,
                        644,
                        219,
                        655
                    ]
                },
                {
                    "text": "amber",
                    "box": [
                        226,
                        645,
                        269,
                        658
                    ]
                },
                {
                    "text": "bottle",
                    "box": [
                        278,
                        645,
                        328,
                        658
                    ]
                },
                {
                    "text": "at",
                    "box": [
                        335,
                        647,
                        352,
                        657
                    ]
                },
                {
                    "text": "no",
                    "box": [
                        360,
                        647,
                        377,
                        657
                    ]
                },
                {
                    "text": "more",
                    "box": [
                        384,
                        647,
                        418,
                        657
                    ]
                },
                {
                    "text": "than",
                    "box": [
                        427,
                        644,
                        459,
                        657
                    ]
                },
                {
                    "text": "8",
                    "box": [
                        468,
                        644,
                        476,
                        655
                    ]
                },
                {
                    "text": "C.",
                    "box": [
                        478,
                        644,
                        500,
                        657
                    ]
                }
            ],
            "id": 18
        },
        {
            "text": "STORAGE RECOMMENDATIONS",
            "box": [
                84,
                630,
                193,
                640
            ],
            "linking": [
                [
                    19,
                    18
                ]
            ],
            "label": "question",
            "words": [
                {
                    "text": "STORAGE",
                    "box": [
                        84,
                        630,
                        119,
                        640
                    ]
                },
                {
                    "text": "RECOMMENDATIONS",
                    "box": [
                        120,
                        630,
                        193,
                        638
                    ]
                }
            ],
            "id": 19
        },
        {
            "text": "COMPOUND SENSITIVE",
            "box": [
                85,
                732,
                163,
                740
            ],
            "linking": [
                [
                    20,
                    21
                ],
                [
                    20,
                    22
                ],
                [
                    20,
                    23
                ],
                [
                    20,
                    24
                ]
            ],
            "label": "title",
            "words": [
                {
                    "text": "COMPOUND",
                    "box": [
                        85,
                        732,
                        127,
                        740
                    ]
                },
                {
                    "text": "SENSITIVE",
                    "box": [
                        128,
                        732,
                        163,
                        739
                    ]
                }
            ],
            "id": 20
        },
        {
            "text": "☐ AIR",
            "box": [
                103,
                754,
                128,
                761
            ],
            "linking": [
                [
                    20,
                    21
                ]
            ],
            "label": "question",
            "words": [
                {
                    "text": "☐",
                    "box": [
                        103,
                        754,
                        113,
                        761
                    ]
                },
                {
                    "text": "AIR",
                    "box": [
                        115,
                        754,
                        128,
                        761
                    ]
                }
            ],
            "id": 21
        },
        {
            "text": "☐ HEAT",
            "box": [
                141,
                753,
                170,
                761
            ],
            "linking": [
                [
                    20,
                    22
                ]
            ],
            "label": "question",
            "words": [
                {
                    "text": "☐",
                    "box": [
                        141,
                        753,
                        149,
                        761
                    ]
                },
                {
                    "text": "HEAT",
                    "box": [
                        152,
                        753,
                        170,
                        760
                    ]
                }
            ],
            "id": 22
        },
        {
            "text": "☐ MOISTURE",
            "box": [
                186,
                753,
                234,
                761
            ],
            "linking": [
                [
                    20,
                    23
                ]
            ],
            "label": "question",
            "words": [
                {
                    "text": "☐",
                    "box": [
                        186,
                        754,
                        194,
                        761
                    ]
                },
                {
                    "text": "MOISTURE",
                    "box": [
                        196,
                        753,
                        234,
                        761
                    ]
                }
            ],
            "id": 23
        },
        {
            "text": "☐ OTHER",
            "box": [
                247,
                753,
                282,
                761
            ],
            "linking": [
                [
                    20,
                    24
                ]
            ],
            "label": "question",
            "words": [
                {
                    "text": "☐",
                    "box": [
                        247,
                        753,
                        255,
                        761
                    ]
                },
                {
                    "text": "OTHER",
                    "box": [
                        257,
                        753,
                        282,
                        761
                    ]
                }
            ],
            "id": 24
        },
        {
            "text": "SAFETY COMMENTS SUGGESTED- PROCEDURES)",
            "box": [
                85,
                779,
                284,
                787
            ],
            "linking": [],
            "label": "other",
            "words": [
                {
                    "text": "SAFETY",
                    "box": [
                        85,
                        779,
                        110,
                        786
                    ]
                },
                {
                    "text": "COMMENTS",
                    "box": [
                        112,
                        779,
                        154,
                        786
                    ]
                },
                {
                    "text": "SUGGESTED-",
                    "box": [
                        155,
                        779,
                        200,
                        786
                    ]
                },
                {
                    "text": "",
                    "box": [
                        201,
                        779,
                        207,
                        785
                    ]
                },
                {
                    "text": "",
                    "box": [
                        207,
                        779,
                        238,
                        786
                    ]
                },
                {
                    "text": "PROCEDURES)",
                    "box": [
                        239,
                        779,
                        284,
                        787
                    ]
                }
            ],
            "id": 25
        },
        {
            "text": "LORILL ARD RESEARCH CENTER",
            "box": [
                81,
                895,
                189,
                903
            ],
            "linking": [],
            "label": "other",
            "words": [
                {
                    "text": "LORILL",
                    "box": [
                        81,
                        895,
                        103,
                        903
                    ]
                },
                {
                    "text": "ARD",
                    "box": [
                        103,
                        895,
                        120,
                        902
                    ]
                },
                {
                    "text": "RESEARCH",
                    "box": [
                        122,
                        895,
                        160,
                        903
                    ]
                },
                {
                    "text": "CENTER",
                    "box": [
                        161,
                        895,
                        189,
                        903
                    ]
                }
            ],
            "id": 26
        },
        {
            "text": "",
            "box": [
                161,
                858,
                297,
                908
            ],
            "linking": [
                [
                    1,
                    27
                ]
            ],
            "label": "answer",
            "words": [
                {
                    "text": "",
                    "box": [
                        161,
                        867,
                        190,
                        894
                    ]
                },
                {
                    "text": "",
                    "box": [
                        198,
                        863,
                        223,
                        894
                    ]
                },
                {
                    "text": "",
                    "box": [
                        233,
                        858,
                        297,
                        908
                    ]
                }
            ],
            "id": 27
        },
        {
            "text": "8/ 10/ 82",
            "box": [
                527,
                869,
                609,
                908
            ],
            "linking": [
                [
                    2,
                    28
                ]
            ],
            "label": "answer",
            "words": [
                {
                    "text": "8/",
                    "box": [
                        527,
                        869,
                        554,
                        907
                    ]
                },
                {
                    "text": "10/",
                    "box": [
                        549,
                        869,
                        583,
                        908
                    ]
                },
                {
                    "text": "82",
                    "box": [
                        580,
                        869,
                        609,
                        893
                    ]
                }
            ],
            "id": 28
        },
        {
            "text": "FORM ",
            "box": [
                630,
                897,
                677,
                905
            ],
            "linking": [],
            "label": "other",
            "words": [
                {
                    "text": "FORM",
                    "box": [
                        630,
                        897,
                        651,
                        904
                    ]
                },
                {
                    "text": "",
                    "box": [
                        651,
                        897,
                        658,
                        904
                    ]
                },
                {
                    "text": "",
                    "box": [
                        658,
                        897,
                        666,
                        904
                    ]
                },
                {
                    "text": "",
                    "box": [
                        666,
                        897,
                        677,
                        905
                    ]
                }
            ],
            "id": 29
        }
    ]
}