{
    "form": [
        {
            "box": [
                94,
                158,
                114,
                166
            ],
            "text": "TYPE",
            "label": "title",
            "words": [
                {
                    "box": [
                        94,
                        158,
                        114,
                        166
                    ],
                    "text": "TYPE"
                }
            ],
            "linking": [
                [
                    0,
                    17
                ],
                [
                    0,
                    18
                ],
                [
                    0,
                    1
                ]
            ],
            "id": 0
        },
        {
            "box": [
                527,
                168,
                566,
                176
            ],
            "text": "COMBINED",
            "label": "question",
            "words": [
                {
                    "box": [
                        527,
                        168,
                        566,
                        176
                    ],
                    "text": "COMBINED"
                }
            ],
            "linking": [
                [
                    0,
                    1
                ],
                [
                    2,
                    1
                ]
            ],
            "id": 1
        },
        {
            "box": [
                568,
                168,
                578,
                178
            ],
            "text": "☑",
            "label": "title",
            "words": [
                {
                    "box": [
                        568,
                        168,
                        578,
                        178
                    ],
                    "text": "☑"
                }
            ],
            "linking": [
                [
                    2,
                    1
                ]
            ],
            "id": 2
        },
        {
            "box": [
                94,
                186,
                115,
                194
            ],
            "text": "NAME",
            "label": "question",
            "words": [
                {
                    "box": [
                        94,
                        186,
                        115,
                        194
                    ],
                    "text": "NAME"
                }
            ],
            "linking": [
                [
                    3,
                    21
                ]
            ],
            "id": 3
        },
        {
            "box": [
                137,
                212,
                158,
                220
            ],
            "text": "NAME",
            "label": "question",
            "words": [
                {
                    "box": [
                        137,
                        212,
                        158,
                        220
                    ],
                    "text": "NAME"
                }
            ],
            "linking": [],
            "id": 4
        },
        {
            "box": [
                94,
                212,
                136,
                220
            ],
            "text": "COMPOUND",
            "label": "question",
            "words": [
                {
                    "box": [
                        94,
                        212,
                        136,
                        220
                    ],
                    "text": "COMPOUND"
                }
            ],
            "linking": [
                [
                    5,
                    20
                ]
            ],
            "id": 5
        },
        {
            "box": [
                116,
                278,
                138,
                286
            ],
            "text": "B73",
            "label": "answer",
            "words": [
                {
                    "box": [
                        116,
                        278,
                        138,
                        286
                    ],
                    "text": "B73"
                }
            ],
            "linking": [
                [
                    22,
                    6
                ]
            ],
            "id": 6
        },
        {
            "box": [
                501,
                186,
                519,
                193
            ],
            "text": "DATE",
            "label": "question",
            "words": [
                {
                    "box": [
                        501,
                        186,
                        519,
                        193
                    ],
                    "text": "DATE"
                }
            ],
            "linking": [
                [
                    7,
                    19
                ]
            ],
            "id": 7
        },
        {
            "box": [
                520,
                277,
                542,
                291
            ],
            "text": "N/A",
            "label": "answer",
            "words": [
                {
                    "box": [
                        520,
                        277,
                        542,
                        291
                    ],
                    "text": "N/A"
                }
            ],
            "linking": [
                [
                    23,
                    8
                ]
            ],
            "id": 8
        },
        {
            "box": [
                634,
                299,
                661,
                307
            ],
            "text": "DATES",
            "label": "question",
            "words": [
                {
                    "box": [
                        634,
                        299,
                        661,
                        307
                    ],
                    "text": "DATES"
                }
            ],
            "linking": [],
            "id": 9
        },
        {
            "box": [
                628,
                306,
                666,
                316
            ],
            "text": "REVIEWED",
            "label": "question",
            "words": [
                {
                    "box": [
                        628,
                        306,
                        666,
                        316
                    ],
                    "text": "REVIEWED"
                }
            ],
            "linking": [
                [
                    10,
                    26
                ],
                [
                    10,
                    15
                ],
                [
                    10,
                    27
                ]
            ],
            "id": 10
        },
        {
            "box": [
                619,
                778,
                637,
                863
            ],
            "text": "00851772",
            "label": "other",
            "words": [
                {
                    "box": [
                        619,
                        778,
                        637,
                        863
                    ],
                    "text": "00851772"
                }
            ],
            "linking": [],
            "id": 11
        },
        {
            "box": [
                145,
                311,
                165,
                322
            ],
            "text": "II.",
            "label": "question",
            "words": [
                {
                    "box": [
                        145,
                        311,
                        165,
                        322
                    ],
                    "text": "II."
                }
            ],
            "linking": [],
            "id": 12
        },
        {
            "box": [
                180,
                310,
                233,
                324
            ],
            "text": "(cont'd)",
            "label": "question",
            "words": [
                {
                    "box": [
                        180,
                        310,
                        233,
                        324
                    ],
                    "text": "(cont'd)"
                }
            ],
            "linking": [],
            "id": 13
        },
        {
            "box": [
                179,
                339,
                228,
                352
            ],
            "text": "Toxline",
            "label": "question",
            "words": [
                {
                    "box": [
                        179,
                        339,
                        228,
                        352
                    ],
                    "text": "Toxline"
                }
            ],
            "linking": [],
            "id": 14
        },
        {
            "box": [
                626,
                546,
                689,
                559
            ],
            "text": "1929-1966",
            "label": "answer",
            "words": [
                {
                    "box": [
                        626,
                        546,
                        689,
                        559
                    ],
                    "text": "1929-1966"
                }
            ],
            "linking": [
                [
                    10,
                    15
                ]
            ],
            "id": 15
        },
        {
            "text": "INFORMATION SEARCH SUMMARY",
            "box": [
                249,
                130,
                525,
                148
            ],
            "linking": [],
            "label": "title",
            "words": [
                {
                    "text": "INFORMATION",
                    "box": [
                        249,
                        130,
                        368,
                        147
                    ]
                },
                {
                    "text": "SEARCH",
                    "box": [
                        373,
                        130,
                        436,
                        148
                    ]
                },
                {
                    "text": "SUMMARY",
                    "box": [
                        441,
                        130,
                        525,
                        147
                    ]
                }
            ],
            "id": 16
        },
        {
            "text": "CHEMICAL ☐",
            "box": [
                193,
                168,
                240,
                178
            ],
            "linking": [
                [
                    0,
                    17
                ]
            ],
            "label": "question",
            "words": [
                {
                    "text": "CHEMICAL",
                    "box": [
                        193,
                        168,
                        229,
                        178
                    ]
                },
                {
                    "text": "☐",
                    "box": [
                        232,
                        168,
                        240,
                        176
                    ]
                }
            ],
            "id": 17
        },
        {
            "text": "BIOLOGICAL ☐",
            "box": [
                356,
                168,
                410,
                176
            ],
            "linking": [
                [
                    0,
                    18
                ]
            ],
            "label": "question",
            "words": [
                {
                    "text": "BIOLOGICAL",
                    "box": [
                        356,
                        168,
                        399,
                        176
                    ]
                },
                {
                    "text": "☐",
                    "box": [
                        402,
                        168,
                        410,
                        176
                    ]
                }
            ],
            "id": 18
        },
        {
            "text": "May 27, 1982",
            "box": [
                520,
                186,
                605,
                200
            ],
            "linking": [
                [
                    7,
                    19
                ]
            ],
            "label": "answer",
            "words": [
                {
                    "text": "May",
                    "box": [
                        520,
                        187,
                        544,
                        200
                    ]
                },
                {
                    "text": "27,",
                    "box": [
                        547,
                        186,
                        568,
                        199
                    ]
                },
                {
                    "text": "1982",
                    "box": [
                        577,
                        187,
                        605,
                        198
                    ]
                }
            ],
            "id": 19
        },
        {
            "text": "Valerian Fluid Extract",
            "box": [
                116,
                228,
                269,
                241
            ],
            "linking": [
                [
                    5,
                    20
                ]
            ],
            "label": "answer",
            "words": [
                {
                    "text": "Valerian",
                    "box": [
                        116,
                        228,
                        173,
                        241
                    ]
                },
                {
                    "text": "Fluid",
                    "box": [
                        179,
                        228,
                        215,
                        239
                    ]
                },
                {
                    "text": "Extract",
                    "box": [
                        222,
                        228,
                        269,
                        239
                    ]
                }
            ],
            "id": 20
        },
        {
            "text": "Jimmy Bell",
            "box": [
                117,
                186,
                187,
                199
            ],
            "linking": [
                [
                    3,
                    21
                ]
            ],
            "label": "answer",
            "words": [
                {
                    "text": "Jimmy",
                    "box": [
                        117,
                        186,
                        152,
                        199
                    ]
                },
                {
                    "text": "Bell",
                    "box": [
                        159,
                        186,
                        187,
                        199
                    ]
                }
            ],
            "id": 21
        },
        {
            "text": "LORILLARD COMPOUND CODE",
            "box": [
                95,
                270,
                199,
                278
            ],
            "linking": [
                [
                    22,
                    6
                ]
            ],
            "label": "question",
            "words": [
                {
                    "text": "LORILLARD",
                    "box": [
                        95,
                        270,
                        133,
                        278
                    ]
                },
                {
                    "text": "COMPOUND",
                    "box": [
                        134,
                        270,
                        177,
                        278
                    ]
                },
                {
                    "text": "CODE",
                    "box": [
                        179,
                        270,
                        199,
                        277
                    ]
                }
            ],
            "id": 22
        },
        {
            "text": "REGISTRY NUMBER (IF applicable)",
            "box": [
                499,
                270,
                615,
                278
            ],
            "linking": [
                [
                    23,
                    8
                ]
            ],
            "label": "question",
            "words": [
                {
                    "text": "REGISTRY",
                    "box": [
                        499,
                        270,
                        537,
                        277
                    ]
                },
                {
                    "text": "NUMBER",
                    "box": [
                        538,
                        270,
                        569,
                        278
                    ]
                },
                {
                    "text": "(IF applicable)",
                    "box": [
                        570,
                        270,
                        615,
                        278
                    ]
                }
            ],
            "id": 23
        },
        {
            "text": "LITERATURE SURVEYED",
            "box": [
                95,
                295,
                179,
                305
            ],
            "linking": [],
            "label": "question",
            "words": [
                {
                    "text": "LITERATURE",
                    "box": [
                        95,
                        297,
                        140,
                        304
                    ]
                },
                {
                    "text": "SURVEYED",
                    "box": [
                        140,
                        295,
                        179,
                        305
                    ]
                }
            ],
            "id": 24
        },
        {
            "text": "Registry of the Toxic Effects of Chemicals",
            "box": [
                179,
                380,
                472,
                394
            ],
            "linking": [],
            "label": "question",
            "words": [
                {
                    "text": "Registry",
                    "box": [
                        179,
                        381,
                        235,
                        394
                    ]
                },
                {
                    "text": "of",
                    "box": [
                        240,
                        380,
                        255,
                        393
                    ]
                },
                {
                    "text": "the",
                    "box": [
                        263,
                        380,
                        284,
                        391
                    ]
                },
                {
                    "text": "Toxic",
                    "box": [
                        291,
                        381,
                        326,
                        392
                    ]
                },
                {
                    "text": "Effects",
                    "box": [
                        331,
                        381,
                        381,
                        392
                    ]
                },
                {
                    "text": "of",
                    "box": [
                        387,
                        380,
                        402,
                        393
                    ]
                },
                {
                    "text": "Chemicals",
                    "box": [
                        408,
                        381,
                        472,
                        394
                    ]
                }
            ],
            "id": 25
        },
        {
            "text": "1974- Jan. 1982 to Dec. 1981",
            "box": [
                624,
                339,
                687,
                406
            ],
            "linking": [
                [
                    10,
                    26
                ]
            ],
            "label": "answer",
            "words": [
                {
                    "text": "1974-",
                    "box": [
                        626,
                        339,
                        662,
                        352
                    ]
                },
                {
                    "text": "Jan.",
                    "box": [
                        624,
                        355,
                        651,
                        366
                    ]
                },
                {
                    "text": "1982",
                    "box": [
                        662,
                        355,
                        687,
                        365
                    ]
                },
                {
                    "text": "to",
                    "box": [
                        624,
                        383,
                        639,
                        393
                    ]
                },
                {
                    "text": "Dec.",
                    "box": [
                        645,
                        381,
                        672,
                        394
                    ]
                },
                {
                    "text": "1981",
                    "box": [
                        626,
                        395,
                        653,
                        406
                    ]
                }
            ],
            "id": 26
        },
        {
            "text": "1957- Dec. 1981",
            "box": [
                624,
                658,
                688,
                683
            ],
            "linking": [
                [
                    10,
                    27
                ]
            ],
            "label": "answer",
            "words": [
                {
                    "text": "1957-",
                    "box": [
                        626,
                        658,
                        662,
                        669
                    ]
                },
                {
                    "text": "Dec.",
                    "box": [
                        624,
                        672,
                        652,
                        683
                    ]
                },
                {
                    "text": "1981",
                    "box": [
                        661,
                        672,
                        688,
                        683
                    ]
                }
            ],
            "id": 27
        },
        {
            "text": "LORILLARD RESEARCH CENTER",
            "box": [
                95,
                943,
                208,
                953
            ],
            "linking": [],
            "label": "other",
            "words": [
                {
                    "text": "LORILLARD",
                    "box": [
                        95,
                        944,
                        136,
                        952
                    ]
                },
                {
                    "text": "RESEARCH",
                    "box": [
                        137,
                        943,
                        176,
                        951
                    ]
                },
                {
                    "text": "CENTER",
                    "box": [
                        177,
                        943,
                        208,
                        953
                    ]
                }
            ],
            "id": 28
        },
        {
            "text": "FORM ",
            "box": [
                642,
                944,
                696,
                952
            ],
            "linking": [],
            "label": "other",
            "words": [
                {
                    "text": "FORM",
                    "box": [
                        642,
                        944,
                        664,
                        951
                    ]
                },
                {
                    "text": "",
                    "box": [
                        666,
                        944,
                        670,
                        951
                    ]
                },
                {
                    "text": "",
                    "box": [
                        672,
                        944,
                        696,
                        952
                    ]
                }
            ],
            "id": 29
        },
        {
            "text": "III. SUPPLEMENTAL LITERATURE SEARCH Chemical Abstracts Vol. 23 - Vol. 65 Arctander' s Perfume and Flavor Materials of Natural Origin (1960) Guenther' s Monographs on Fragrance Raw Materials (1979) Tobacco Abstracts U. S. Dispensatory 23rd edition (1943)",
            "box": [
                138,
                520,
                464,
                712
            ],
            "linking": [],
            "label": "question",
            "words": [
                {
                    "text": "III.",
                    "box": [
                        138,
                        520,
                        163,
                        533
                    ]
                },
                {
                    "text": "SUPPLEMENTAL",
                    "box": [
                        179,
                        520,
                        264,
                        534
                    ]
                },
                {
                    "text": "LITERATURE",
                    "box": [
                        268,
                        520,
                        341,
                        533
                    ]
                },
                {
                    "text": "SEARCH",
                    "box": [
                        345,
                        521,
                        390,
                        532
                    ]
                },
                {
                    "text": "Chemical",
                    "box": [
                        179,
                        546,
                        235,
                        559
                    ]
                },
                {
                    "text": "Abstracts",
                    "box": [
                        242,
                        547,
                        305,
                        560
                    ]
                },
                {
                    "text": "Vol.",
                    "box": [
                        332,
                        547,
                        359,
                        558
                    ]
                },
                {
                    "text": "23",
                    "box": [
                        367,
                        547,
                        381,
                        558
                    ]
                },
                {
                    "text": "-",
                    "box": [
                        387,
                        550,
                        397,
                        558
                    ]
                },
                {
                    "text": "Vol.",
                    "box": [
                        401,
                        546,
                        429,
                        559
                    ]
                },
                {
                    "text": "65",
                    "box": [
                        437,
                        546,
                        451,
                        560
                    ]
                },
                {
                    "text": "Arctander'",
                    "box": [
                        177,
                        574,
                        248,
                        585
                    ]
                },
                {
                    "text": "s",
                    "box": [
                        249,
                        577,
                        257,
                        585
                    ]
                },
                {
                    "text": "Perfume",
                    "box": [
                        261,
                        575,
                        311,
                        586
                    ]
                },
                {
                    "text": "and",
                    "box": [
                        318,
                        574,
                        339,
                        585
                    ]
                },
                {
                    "text": "Flavor",
                    "box": [
                        346,
                        575,
                        388,
                        586
                    ]
                },
                {
                    "text": "Materials",
                    "box": [
                        394,
                        575,
                        458,
                        586
                    ]
                },
                {
                    "text": "of",
                    "box": [
                        179,
                        587,
                        194,
                        600
                    ]
                },
                {
                    "text": "Natural",
                    "box": [
                        200,
                        588,
                        247,
                        599
                    ]
                },
                {
                    "text": "Origin",
                    "box": [
                        254,
                        589,
                        297,
                        600
                    ]
                },
                {
                    "text": "(1960)",
                    "box": [
                        306,
                        588,
                        345,
                        601
                    ]
                },
                {
                    "text": "Guenther'",
                    "box": [
                        179,
                        616,
                        240,
                        629
                    ]
                },
                {
                    "text": "s",
                    "box": [
                        242,
                        617,
                        249,
                        628
                    ]
                },
                {
                    "text": "Monographs",
                    "box": [
                        254,
                        616,
                        325,
                        630
                    ]
                },
                {
                    "text": "on",
                    "box": [
                        331,
                        619,
                        348,
                        629
                    ]
                },
                {
                    "text": "Fragrance",
                    "box": [
                        353,
                        617,
                        416,
                        628
                    ]
                },
                {
                    "text": "Raw",
                    "box": [
                        423,
                        617,
                        445,
                        628
                    ]
                },
                {
                    "text": "Materials",
                    "box": [
                        177,
                        631,
                        241,
                        641
                    ]
                },
                {
                    "text": "(1979)",
                    "box": [
                        249,
                        630,
                        290,
                        643
                    ]
                },
                {
                    "text": "Tobacco",
                    "box": [
                        177,
                        658,
                        229,
                        669
                    ]
                },
                {
                    "text": "Abstracts",
                    "box": [
                        233,
                        658,
                        299,
                        669
                    ]
                },
                {
                    "text": "U.",
                    "box": [
                        179,
                        698,
                        193,
                        709
                    ]
                },
                {
                    "text": "S.",
                    "box": [
                        198,
                        698,
                        212,
                        709
                    ]
                },
                {
                    "text": "Dispensatory",
                    "box": [
                        221,
                        698,
                        305,
                        712
                    ]
                },
                {
                    "text": "23rd",
                    "box": [
                        332,
                        698,
                        361,
                        709
                    ]
                },
                {
                    "text": "edition",
                    "box": [
                        366,
                        700,
                        416,
                        710
                    ]
                },
                {
                    "text": "(1943)",
                    "box": [
                        423,
                        698,
                        464,
                        711
                    ]
                }
            ],
            "id": 30
        },
        {
            "text": "Jimmy H. Bell B. Sc. Scientist",
            "box": [
                115,
                739,
                330,
                800
            ],
            "linking": [],
            "label": "question",
            "words": [
                {
                    "text": "",
                    "box": [
                        235,
                        739,
                        263,
                        767
                    ]
                },
                {
                    "text": "",
                    "box": [
                        270,
                        742,
                        330,
                        769
                    ]
                },
                {
                    "text": "Jimmy",
                    "box": [
                        116,
                        767,
                        151,
                        778
                    ]
                },
                {
                    "text": "",
                    "box": [
                        116,
                        743,
                        231,
                        800
                    ]
                },
                {
                    "text": "H.",
                    "box": [
                        156,
                        768,
                        171,
                        778
                    ]
                },
                {
                    "text": "Bell",
                    "box": [
                        179,
                        767,
                        207,
                        778
                    ]
                },
                {
                    "text": "B.",
                    "box": [
                        214,
                        768,
                        228,
                        778
                    ]
                },
                {
                    "text": "Sc.",
                    "box": [
                        233,
                        768,
                        254,
                        778
                    ]
                },
                {
                    "text": "Scientist",
                    "box": [
                        115,
                        781,
                        179,
                        794
                    ]
                }
            ],
            "id": 31
        },
        {
            "text": "Ann C. Stringfield Literature M.L.S. Chemist",
            "box": [
                116,
                420,
                306,
                491
            ],
            "linking": [],
            "label": "other",
            "words": [
                {
                    "text": "Ann",
                    "box": [
                        116,
                        462,
                        138,
                        476
                    ]
                },
                {
                    "text": "C.",
                    "box": [
                        144,
                        464,
                        158,
                        475
                    ]
                },
                {
                    "text": "Stringfield",
                    "box": [
                        166,
                        464,
                        248,
                        475
                    ]
                },
                {
                    "text": "Literature",
                    "box": [
                        116,
                        478,
                        187,
                        491
                    ]
                },
                {
                    "text": "",
                    "box": [
                        197,
                        420,
                        306,
                        490
                    ]
                },
                {
                    "text": "M.L.S.",
                    "box": [
                        254,
                        464,
                        297,
                        475
                    ]
                },
                {
                    "text": "Chemist",
                    "box": [
                        193,
                        478,
                        236,
                        489
                    ]
                }
            ],
            "id": 32
        }
    ]
}