{
    "form": [
        {
            "box": [
                102,
                250,
                196,
                265
            ],
            "text": "DESCRIPTION:",
            "label": "question",
            "words": [
                {
                    "box": [
                        102,
                        250,
                        196,
                        265
                    ],
                    "text": "DESCRIPTION:"
                }
            ],
            "linking": [
                [
                    0,
                    11
                ]
            ],
            "id": 0
        },
        {
            "box": [
                103,
                436,
                157,
                454
            ],
            "text": "SMOKER:",
            "label": "question",
            "words": [
                {
                    "box": [
                        103,
                        436,
                        157,
                        454
                    ],
                    "text": "SMOKER:"
                }
            ],
            "linking": [
                [
                    1,
                    17
                ]
            ],
            "id": 1
        },
        {
            "box": [
                101,
                708,
                165,
                728
            ],
            "text": "REMARKS:",
            "label": "question",
            "words": [
                {
                    "box": [
                        101,
                        708,
                        165,
                        728
                    ],
                    "text": "REMARKS:"
                }
            ],
            "linking": [
                [
                    2,
                    28
                ]
            ],
            "id": 2
        },
        {
            "box": [
                264,
                156,
                292,
                173
            ],
            "text": "195",
            "label": "answer",
            "words": [
                {
                    "box": [
                        264,
                        156,
                        292,
                        173
                    ],
                    "text": "195"
                }
            ],
            "linking": [
                [
                    7,
                    3
                ]
            ],
            "id": 3
        },
        {
            "box": [
                263,
                187,
                284,
                204
            ],
            "text": "II",
            "label": "answer",
            "words": [
                {
                    "box": [
                        263,
                        187,
                        284,
                        204
                    ],
                    "text": "II"
                }
            ],
            "linking": [
                [
                    8,
                    4
                ]
            ],
            "id": 4
        },
        {
            "box": [
                665,
                768,
                683,
                863
            ],
            "text": "01197604",
            "label": "other",
            "words": [
                {
                    "box": [
                        665,
                        768,
                        683,
                        863
                    ],
                    "text": "01197604"
                }
            ],
            "linking": [],
            "id": 5
        },
        {
            "text": "SAMPLE DESCRIPTION:",
            "box": [
                102,
                126,
                249,
                145
            ],
            "linking": [],
            "label": "title",
            "words": [
                {
                    "text": "SAMPLE",
                    "box": [
                        102,
                        126,
                        151,
                        144
                    ]
                },
                {
                    "text": "DESCRIPTION:",
                    "box": [
                        155,
                        127,
                        249,
                        145
                    ]
                }
            ],
            "id": 6
        },
        {
            "text": "Tar Number:",
            "box": [
                141,
                158,
                226,
                176
            ],
            "linking": [
                [
                    7,
                    3
                ]
            ],
            "label": "question",
            "words": [
                {
                    "text": "Tar",
                    "box": [
                        141,
                        159,
                        168,
                        176
                    ]
                },
                {
                    "text": "Number:",
                    "box": [
                        173,
                        158,
                        226,
                        175
                    ]
                }
            ],
            "id": 7
        },
        {
            "text": "Batch Number:",
            "box": [
                140,
                186,
                240,
                205
            ],
            "linking": [
                [
                    8,
                    4
                ]
            ],
            "label": "question",
            "words": [
                {
                    "text": "Batch",
                    "box": [
                        140,
                        186,
                        182,
                        204
                    ]
                },
                {
                    "text": "Number:",
                    "box": [
                        186,
                        187,
                        240,
                        205
                    ]
                }
            ],
            "id": 8
        },
        {
            "text": "Tobacco Number:",
            "box": [
                141,
                218,
                257,
                236
            ],
            "linking": [
                [
                    9,
                    10
                ]
            ],
            "label": "question",
            "words": [
                {
                    "text": "Tobacco",
                    "box": [
                        141,
                        218,
                        198,
                        235
                    ]
                },
                {
                    "text": "Number:",
                    "box": [
                        204,
                        219,
                        257,
                        236
                    ]
                }
            ],
            "id": 9
        },
        {
            "text": "Sample No. 1166, RD 308",
            "box": [
                265,
                218,
                453,
                236
            ],
            "linking": [
                [
                    9,
                    10
                ]
            ],
            "label": "answer",
            "words": [
                {
                    "text": "Sample",
                    "box": [
                        265,
                        219,
                        312,
                        236
                    ]
                },
                {
                    "text": "No.",
                    "box": [
                        317,
                        219,
                        339,
                        234
                    ]
                },
                {
                    "text": "1166,",
                    "box": [
                        351,
                        218,
                        386,
                        235
                    ]
                },
                {
                    "text": "RD",
                    "box": [
                        402,
                        219,
                        419,
                        234
                    ]
                },
                {
                    "text": "308",
                    "box": [
                        425,
                        219,
                        453,
                        234
                    ]
                }
            ],
            "id": 10
        },
        {
            "text": "OLD GOLD Straights + 3% KNO3",
            "box": [
                212,
                249,
                426,
                267
            ],
            "linking": [
                [
                    0,
                    11
                ]
            ],
            "label": "answer",
            "words": [
                {
                    "text": "OLD",
                    "box": [
                        212,
                        250,
                        239,
                        264
                    ]
                },
                {
                    "text": "GOLD",
                    "box": [
                        244,
                        251,
                        276,
                        265
                    ]
                },
                {
                    "text": "Straights",
                    "box": [
                        281,
                        249,
                        349,
                        266
                    ]
                },
                {
                    "text": "+",
                    "box": [
                        353,
                        251,
                        366,
                        262
                    ]
                },
                {
                    "text": "3%",
                    "box": [
                        369,
                        249,
                        390,
                        266
                    ]
                },
                {
                    "text": "KNO3",
                    "box": [
                        394,
                        249,
                        426,
                        267
                    ]
                }
            ],
            "id": 11
        },
        {
            "text": "SAMPLE WEIGHT:",
            "box": [
                106,
                311,
                210,
                328
            ],
            "linking": [
                [
                    12,
                    13
                ]
            ],
            "label": "question",
            "words": [
                {
                    "text": "SAMPLE",
                    "box": [
                        106,
                        311,
                        152,
                        326
                    ]
                },
                {
                    "text": "WEIGHT:",
                    "box": [
                        156,
                        311,
                        210,
                        328
                    ]
                }
            ],
            "id": 12
        },
        {
            "text": "300 mm. tar, 100 mm acetone",
            "box": [
                226,
                310,
                449,
                329
            ],
            "linking": [
                [
                    12,
                    13
                ]
            ],
            "label": "answer",
            "words": [
                {
                    "text": "300",
                    "box": [
                        226,
                        310,
                        251,
                        327
                    ]
                },
                {
                    "text": "mm.",
                    "box": [
                        257,
                        313,
                        279,
                        327
                    ]
                },
                {
                    "text": "tar,",
                    "box": [
                        286,
                        314,
                        318,
                        328
                    ]
                },
                {
                    "text": "100",
                    "box": [
                        332,
                        313,
                        359,
                        327
                    ]
                },
                {
                    "text": "mm",
                    "box": [
                        365,
                        314,
                        387,
                        327
                    ]
                },
                {
                    "text": "acetone",
                    "box": [
                        395,
                        314,
                        449,
                        329
                    ]
                }
            ],
            "id": 13
        },
        {
            "text": "METHOD OF PREPARATION:",
            "box": [
                103,
                345,
                271,
                360
            ],
            "linking": [
                [
                    14,
                    15
                ]
            ],
            "label": "question",
            "words": [
                {
                    "text": "METHOD",
                    "box": [
                        103,
                        345,
                        152,
                        360
                    ]
                },
                {
                    "text": "OF",
                    "box": [
                        156,
                        345,
                        174,
                        358
                    ]
                },
                {
                    "text": "PREPARATION:",
                    "box": [
                        179,
                        345,
                        271,
                        359
                    ]
                }
            ],
            "id": 14
        },
        {
            "text": "Water removed by co- distillation with acetone under vacum at 45 C.",
            "box": [
                288,
                342,
                632,
                390
            ],
            "linking": [
                [
                    14,
                    15
                ]
            ],
            "label": "answer",
            "words": [
                {
                    "text": "Water",
                    "box": [
                        288,
                        344,
                        329,
                        358
                    ]
                },
                {
                    "text": "removed",
                    "box": [
                        335,
                        345,
                        389,
                        359
                    ]
                },
                {
                    "text": "by",
                    "box": [
                        394,
                        344,
                        412,
                        359
                    ]
                },
                {
                    "text": "co-",
                    "box": [
                        416,
                        342,
                        438,
                        360
                    ]
                },
                {
                    "text": "distillation",
                    "box": [
                        441,
                        344,
                        533,
                        359
                    ]
                },
                {
                    "text": "with",
                    "box": [
                        539,
                        344,
                        571,
                        358
                    ]
                },
                {
                    "text": "acetone",
                    "box": [
                        578,
                        344,
                        632,
                        361
                    ]
                },
                {
                    "text": "under",
                    "box": [
                        289,
                        373,
                        327,
                        387
                    ]
                },
                {
                    "text": "vacum",
                    "box": [
                        334,
                        374,
                        380,
                        389
                    ]
                },
                {
                    "text": "at",
                    "box": [
                        388,
                        374,
                        405,
                        387
                    ]
                },
                {
                    "text": "45",
                    "box": [
                        411,
                        373,
                        429,
                        390
                    ]
                },
                {
                    "text": "C.",
                    "box": [
                        433,
                        374,
                        446,
                        389
                    ]
                }
            ],
            "id": 15
        },
        {
            "text": "NUMBER OF CIGARETTES SMOKED:",
            "box": [
                102,
                405,
                316,
                422
            ],
            "linking": [],
            "label": "question",
            "words": [
                {
                    "text": "NUMBER",
                    "box": [
                        102,
                        406,
                        152,
                        420
                    ]
                },
                {
                    "text": "OF",
                    "box": [
                        156,
                        408,
                        173,
                        421
                    ]
                },
                {
                    "text": "CIGARETTES",
                    "box": [
                        179,
                        406,
                        259,
                        420
                    ]
                },
                {
                    "text": "SMOKED:",
                    "box": [
                        264,
                        405,
                        316,
                        422
                    ]
                }
            ],
            "id": 16
        },
        {
            "text": "100 unit",
            "box": [
                212,
                434,
                273,
                452
            ],
            "linking": [
                [
                    1,
                    17
                ]
            ],
            "label": "answer",
            "words": [
                {
                    "text": "100",
                    "box": [
                        212,
                        434,
                        234,
                        451
                    ]
                },
                {
                    "text": "unit",
                    "box": [
                        244,
                        437,
                        273,
                        452
                    ]
                }
            ],
            "id": 17
        },
        {
            "text": "Railway Express",
            "box": [
                209,
                464,
                328,
                483
            ],
            "linking": [
                [
                    20,
                    18
                ]
            ],
            "label": "answer",
            "words": [
                {
                    "text": "Railway",
                    "box": [
                        209,
                        464,
                        266,
                        481
                    ]
                },
                {
                    "text": "Express",
                    "box": [
                        271,
                        466,
                        328,
                        483
                    ]
                }
            ],
            "id": 18
        },
        {
            "text": "Dr. Dietrich Hoffman The Kettering New York, New York",
            "box": [
                212,
                494,
                394,
                573
            ],
            "linking": [
                [
                    21,
                    19
                ]
            ],
            "label": "answer",
            "words": [
                {
                    "text": "Dr.",
                    "box": [
                        212,
                        497,
                        232,
                        511
                    ]
                },
                {
                    "text": "Dietrich",
                    "box": [
                        240,
                        496,
                        303,
                        511
                    ]
                },
                {
                    "text": "Hoffman",
                    "box": [
                        309,
                        494,
                        370,
                        511
                    ]
                },
                {
                    "text": "The",
                    "box": [
                        212,
                        527,
                        236,
                        542
                    ]
                },
                {
                    "text": "Kettering",
                    "box": [
                        242,
                        527,
                        310,
                        545
                    ]
                },
                {
                    "text": "",
                    "box": [
                        316,
                        525,
                        365,
                        542
                    ]
                },
                {
                    "text": "",
                    "box": [
                        372,
                        528,
                        394,
                        542
                    ]
                },
                {
                    "text": "New",
                    "box": [
                        212,
                        557,
                        236,
                        571
                    ]
                },
                {
                    "text": "York,",
                    "box": [
                        243,
                        556,
                        281,
                        573
                    ]
                },
                {
                    "text": "New",
                    "box": [
                        288,
                        554,
                        312,
                        571
                    ]
                },
                {
                    "text": "York",
                    "box": [
                        317,
                        554,
                        348,
                        572
                    ]
                }
            ],
            "id": 19
        },
        {
            "text": "SHIPPED VIA:",
            "box": [
                103,
                468,
                195,
                485
            ],
            "linking": [
                [
                    20,
                    18
                ]
            ],
            "label": "question",
            "words": [
                {
                    "text": "SHIPPED",
                    "box": [
                        103,
                        468,
                        159,
                        483
                    ]
                },
                {
                    "text": "VIA:",
                    "box": [
                        163,
                        468,
                        195,
                        485
                    ]
                }
            ],
            "id": 20
        },
        {
            "text": "SHIPPED TO:",
            "box": [
                101,
                497,
                187,
                514
            ],
            "linking": [
                [
                    21,
                    19
                ]
            ],
            "label": "question",
            "words": [
                {
                    "text": "SHIPPED",
                    "box": [
                        101,
                        497,
                        157,
                        514
                    ]
                },
                {
                    "text": "TO:",
                    "box": [
                        163,
                        499,
                        187,
                        513
                    ]
                }
            ],
            "id": 21
        },
        {
            "text": "November 2, 1965",
            "box": [
                263,
                585,
                387,
                603
            ],
            "linking": [
                [
                    27,
                    22
                ]
            ],
            "label": "answer",
            "words": [
                {
                    "text": "November",
                    "box": [
                        263,
                        588,
                        324,
                        603
                    ]
                },
                {
                    "text": "2,",
                    "box": [
                        332,
                        589,
                        346,
                        602
                    ]
                },
                {
                    "text": "1965",
                    "box": [
                        355,
                        585,
                        387,
                        603
                    ]
                }
            ],
            "id": 22
        },
        {
            "text": "150 gm",
            "box": [
                264,
                617,
                316,
                634
            ],
            "linking": [
                [
                    26,
                    23
                ]
            ],
            "label": "answer",
            "words": [
                {
                    "text": "150",
                    "box": [
                        264,
                        617,
                        288,
                        632
                    ]
                },
                {
                    "text": "gm",
                    "box": [
                        295,
                        619,
                        316,
                        634
                    ]
                }
            ],
            "id": 23
        },
        {
            "text": "February, 136",
            "box": [
                261,
                647,
                367,
                665
            ],
            "linking": [
                [
                    25,
                    24
                ]
            ],
            "label": "answer",
            "words": [
                {
                    "text": "February,",
                    "box": [
                        261,
                        648,
                        332,
                        665
                    ]
                },
                {
                    "text": "136",
                    "box": [
                        338,
                        647,
                        367,
                        661
                    ]
                }
            ],
            "id": 24
        },
        {
            "text": "SUPPLIED UNTIL:",
            "box": [
                102,
                649,
                221,
                665
            ],
            "linking": [
                [
                    25,
                    24
                ]
            ],
            "label": "question",
            "words": [
                {
                    "text": "SUPPLIED",
                    "box": [
                        102,
                        649,
                        168,
                        664
                    ]
                },
                {
                    "text": "UNTIL:",
                    "box": [
                        172,
                        651,
                        221,
                        665
                    ]
                }
            ],
            "id": 25
        },
        {
            "text": "REQUIREMENTS /MP.:",
            "box": [
                102,
                616,
                235,
                636
            ],
            "linking": [
                [
                    26,
                    23
                ]
            ],
            "label": "question",
            "words": [
                {
                    "text": "REQUIREMENTS",
                    "box": [
                        102,
                        619,
                        194,
                        633
                    ]
                },
                {
                    "text": "/MP.:",
                    "box": [
                        194,
                        616,
                        235,
                        636
                    ]
                }
            ],
            "id": 26
        },
        {
            "text": "DATE SHIPPED:",
            "box": [
                102,
                589,
                201,
                604
            ],
            "linking": [
                [
                    27,
                    22
                ]
            ],
            "label": "question",
            "words": [
                {
                    "text": "DATE",
                    "box": [
                        102,
                        589,
                        136,
                        604
                    ]
                },
                {
                    "text": "SHIPPED:",
                    "box": [
                        141,
                        589,
                        201,
                        604
                    ]
                }
            ],
            "id": 27
        },
        {
            "text": "Moisture content of tar .48% as determined by near infrared spectroscopy",
            "box": [
                120,
                708,
                628,
                754
            ],
            "linking": [
                [
                    2,
                    28
                ]
            ],
            "label": "answer",
            "words": [
                {
                    "text": "Moisture",
                    "box": [
                        179,
                        709,
                        243,
                        724
                    ]
                },
                {
                    "text": "content",
                    "box": [
                        249,
                        712,
                        302,
                        725
                    ]
                },
                {
                    "text": "of",
                    "box": [
                        309,
                        709,
                        326,
                        723
                    ]
                },
                {
                    "text": "tar",
                    "box": [
                        332,
                        709,
                        356,
                        722
                    ]
                },
                {
                    "text": ".48%",
                    "box": [
                        363,
                        709,
                        394,
                        723
                    ]
                },
                {
                    "text": "as",
                    "box": [
                        399,
                        711,
                        416,
                        724
                    ]
                },
                {
                    "text": "determined",
                    "box": [
                        422,
                        708,
                        500,
                        723
                    ]
                },
                {
                    "text": "by",
                    "box": [
                        506,
                        709,
                        523,
                        723
                    ]
                },
                {
                    "text": "near",
                    "box": [
                        529,
                        711,
                        561,
                        725
                    ]
                },
                {
                    "text": "infrared",
                    "box": [
                        567,
                        709,
                        628,
                        724
                    ]
                },
                {
                    "text": "spectroscopy",
                    "box": [
                        120,
                        737,
                        218,
                        754
                    ]
                }
            ],
            "id": 28
        },
        {
            "text": "11 /2",
            "box": [
                102,
                922,
                136,
                939
            ],
            "linking": [],
            "label": "other",
            "words": [
                {
                    "text": "11",
                    "box": [
                        102,
                        922,
                        117,
                        936
                    ]
                },
                {
                    "text": "/2",
                    "box": [
                        119,
                        922,
                        136,
                        939
                    ]
                }
            ],
            "id": 29
        }
    ]
}