{
    "form": [
        {
            "box": [
                241,
                128,
                288,
                140
            ],
            "text": "OPTION",
            "label": "question",
            "words": [
                {
                    "box": [
                        241,
                        128,
                        288,
                        140
                    ],
                    "text": "OPTION"
                }
            ],
            "linking": [],
            "id": 0
        },
        {
            "box": [
                548,
                126,
                580,
                138
            ],
            "text": "PAGE",
            "label": "question",
            "words": [
                {
                    "box": [
                        548,
                        126,
                        580,
                        138
                    ],
                    "text": "PAGE"
                }
            ],
            "linking": [
                [
                    1,
                    3
                ]
            ],
            "id": 1
        },
        {
            "box": [
                392,
                146,
                415,
                159
            ],
            "text": "SHB",
            "label": "answer",
            "words": [
                {
                    "box": [
                        392,
                        146,
                        415,
                        159
                    ],
                    "text": "SHB"
                }
            ],
            "linking": [
                [
                    15,
                    2
                ]
            ],
            "id": 2
        },
        {
            "box": [
                547,
                148,
                565,
                160
            ],
            "text": "03",
            "label": "answer",
            "words": [
                {
                    "box": [
                        547,
                        148,
                        565,
                        160
                    ],
                    "text": "03"
                }
            ],
            "linking": [
                [
                    1,
                    3
                ]
            ],
            "id": 3
        },
        {
            "box": [
                596,
                110,
                636,
                122
            ],
            "text": "(AUTO)",
            "label": "other",
            "words": [
                {
                    "box": [
                        596,
                        110,
                        636,
                        122
                    ],
                    "text": "(AUTO)"
                }
            ],
            "linking": [],
            "id": 4
        },
        {
            "box": [
                663,
                821,
                681,
                914
            ],
            "text": "207422272",
            "label": "other",
            "words": [
                {
                    "box": [
                        663,
                        821,
                        681,
                        914
                    ],
                    "text": "207422272"
                }
            ],
            "linking": [],
            "id": 5
        },
        {
            "box": [
                213,
                822,
                256,
                840
            ],
            "text": "Date:",
            "label": "question",
            "words": [
                {
                    "box": [
                        213,
                        822,
                        256,
                        840
                    ],
                    "text": "Date:"
                }
            ],
            "linking": [
                [
                    6,
                    10
                ]
            ],
            "id": 6
        },
        {
            "box": [
                176,
                849,
                257,
                866
            ],
            "text": "Attention:",
            "label": "question",
            "words": [
                {
                    "box": [
                        176,
                        849,
                        257,
                        866
                    ],
                    "text": "Attention:"
                }
            ],
            "linking": [
                [
                    7,
                    19
                ]
            ],
            "id": 7
        },
        {
            "box": [
                178,
                875,
                258,
                890
            ],
            "text": "Company:",
            "label": "question",
            "words": [
                {
                    "box": [
                        178,
                        875,
                        258,
                        890
                    ],
                    "text": "Company:"
                }
            ],
            "linking": [
                [
                    8,
                    20
                ]
            ],
            "id": 8
        },
        {
            "box": [
                188,
                927,
                256,
                942
            ],
            "text": "Subject:",
            "label": "question",
            "words": [
                {
                    "box": [
                        188,
                        927,
                        256,
                        942
                    ],
                    "text": "Subject:"
                }
            ],
            "linking": [
                [
                    9,
                    22
                ]
            ],
            "id": 9
        },
        {
            "box": [
                292,
                822,
                357,
                839
            ],
            "text": "11/12/96",
            "label": "answer",
            "words": [
                {
                    "box": [
                        292,
                        822,
                        357,
                        839
                    ],
                    "text": "11/12/96"
                }
            ],
            "linking": [
                [
                    6,
                    10
                ]
            ],
            "id": 10
        },
        {
            "text": "MEMORY STORAGE REPORT",
            "box": [
                287,
                68,
                432,
                85
            ],
            "linking": [],
            "label": "other",
            "words": [
                {
                    "text": "MEMORY",
                    "box": [
                        287,
                        73,
                        332,
                        83
                    ]
                },
                {
                    "text": "STORAGE",
                    "box": [
                        337,
                        71,
                        385,
                        84
                    ]
                },
                {
                    "text": "REPORT",
                    "box": [
                        392,
                        68,
                        432,
                        85
                    ]
                }
            ],
            "id": 11
        },
        {
            "text": "(NOV 12 96 05:49PM",
            "box": [
                518,
                71,
                657,
                85
            ],
            "linking": [],
            "label": "other",
            "words": [
                {
                    "text": "(NOV",
                    "box": [
                        518,
                        71,
                        550,
                        83
                    ]
                },
                {
                    "text": "12",
                    "box": [
                        550,
                        75,
                        567,
                        83
                    ]
                },
                {
                    "text": "96",
                    "box": [
                        571,
                        73,
                        593,
                        85
                    ]
                },
                {
                    "text": "05:49PM",
                    "box": [
                        601,
                        71,
                        657,
                        84
                    ]
                }
            ],
            "id": 12
        },
        {
            "text": "FILE FILE TYPE",
            "box": [
                68,
                126,
                174,
                143
            ],
            "linking": [
                [
                    13,
                    14
                ]
            ],
            "label": "question",
            "words": [
                {
                    "text": "FILE",
                    "box": [
                        68,
                        130,
                        103,
                        140
                    ]
                },
                {
                    "text": "FILE",
                    "box": [
                        110,
                        126,
                        143,
                        139
                    ]
                },
                {
                    "text": "TYPE",
                    "box": [
                        146,
                        128,
                        174,
                        143
                    ]
                }
            ],
            "id": 13
        },
        {
            "text": "083 MEMORY TX",
            "box": [
                70,
                145,
                181,
                163
            ],
            "linking": [
                [
                    13,
                    14
                ]
            ],
            "label": "answer",
            "words": [
                {
                    "text": "083",
                    "box": [
                        70,
                        145,
                        98,
                        158
                    ]
                },
                {
                    "text": "MEMORY",
                    "box": [
                        110,
                        148,
                        160,
                        160
                    ]
                },
                {
                    "text": "TX",
                    "box": [
                        158,
                        148,
                        181,
                        163
                    ]
                }
            ],
            "id": 14
        },
        {
            "text": "TEL NO.",
            "box": [
                389,
                130,
                435,
                140
            ],
            "linking": [
                [
                    15,
                    2
                ]
            ],
            "label": "question",
            "words": [
                {
                    "text": "TEL",
                    "box": [
                        389,
                        130,
                        412,
                        140
                    ]
                },
                {
                    "text": "NO.",
                    "box": [
                        415,
                        130,
                        435,
                        140
                    ]
                }
            ],
            "id": 15
        },
        {
            "text": "REMAINING CALL CAPACITY 299",
            "box": [
                452,
                502,
                636,
                519
            ],
            "linking": [],
            "label": "other",
            "words": [
                {
                    "text": "REMAINING",
                    "box": [
                        452,
                        505,
                        513,
                        518
                    ]
                },
                {
                    "text": "CALL",
                    "box": [
                        520,
                        505,
                        547,
                        518
                    ]
                },
                {
                    "text": "CAPACITY",
                    "box": [
                        555,
                        505,
                        608,
                        518
                    ]
                },
                {
                    "text": "299",
                    "box": [
                        613,
                        502,
                        636,
                        519
                    ]
                }
            ],
            "id": 16
        },
        {
            "text": "Facsimile Transmission Legal Department 120 Park Avenue New York, NY 10017- 5592",
            "box": [
                243,
                718,
                475,
                808
            ],
            "linking": [],
            "label": "title",
            "words": [
                {
                    "text": "Facsimile",
                    "box": [
                        243,
                        718,
                        343,
                        743
                    ]
                },
                {
                    "text": "Transmission",
                    "box": [
                        344,
                        719,
                        475,
                        739
                    ]
                },
                {
                    "text": "Legal",
                    "box": [
                        286,
                        757,
                        334,
                        772
                    ]
                },
                {
                    "text": "Department",
                    "box": [
                        337,
                        757,
                        432,
                        774
                    ]
                },
                {
                    "text": "120",
                    "box": [
                        289,
                        776,
                        319,
                        788
                    ]
                },
                {
                    "text": "Park",
                    "box": [
                        322,
                        776,
                        365,
                        788
                    ]
                },
                {
                    "text": "Avenue",
                    "box": [
                        362,
                        774,
                        423,
                        787
                    ]
                },
                {
                    "text": "New",
                    "box": [
                        246,
                        792,
                        283,
                        807
                    ]
                },
                {
                    "text": "York,",
                    "box": [
                        292,
                        791,
                        332,
                        808
                    ]
                },
                {
                    "text": "NY",
                    "box": [
                        341,
                        792,
                        366,
                        805
                    ]
                },
                {
                    "text": "10017-",
                    "box": [
                        379,
                        791,
                        432,
                        806
                    ]
                },
                {
                    "text": "5592",
                    "box": [
                        434,
                        792,
                        469,
                        805
                    ]
                }
            ],
            "id": 17
        },
        {
            "text": "PM PHILIP MORRIS",
            "box": [
                314,
                613,
                402,
                671
            ],
            "linking": [],
            "label": "title",
            "words": [
                {
                    "text": "PM",
                    "box": [
                        346,
                        613,
                        384,
                        645
                    ]
                },
                {
                    "text": "PHILIP MORRIS",
                    "box": [
                        314,
                        658,
                        402,
                        671
                    ]
                }
            ],
            "id": 18
        },
        {
            "text": "John J. Mulderig C/O Mike Baker",
            "box": [
                292,
                847,
                515,
                865
            ],
            "linking": [
                [
                    7,
                    19
                ]
            ],
            "label": "answer",
            "words": [
                {
                    "text": "John J.",
                    "box": [
                        292,
                        847,
                        340,
                        864
                    ]
                },
                {
                    "text": "Mulderig",
                    "box": [
                        347,
                        850,
                        408,
                        865
                    ]
                },
                {
                    "text": "C/O",
                    "box": [
                        410,
                        850,
                        428,
                        863
                    ]
                },
                {
                    "text": "Mike",
                    "box": [
                        432,
                        850,
                        470,
                        863
                    ]
                },
                {
                    "text": "Baker",
                    "box": [
                        475,
                        849,
                        515,
                        864
                    ]
                }
            ],
            "id": 19
        },
        {
            "text": "Philip Morris Management Corp.",
            "box": [
                289,
                872,
                518,
                894
            ],
            "linking": [
                [
                    8,
                    20
                ]
            ],
            "label": "answer",
            "words": [
                {
                    "text": "Philip",
                    "box": [
                        289,
                        874,
                        337,
                        889
                    ]
                },
                {
                    "text": "Morris",
                    "box": [
                        337,
                        872,
                        385,
                        894
                    ]
                },
                {
                    "text": "Management",
                    "box": [
                        385,
                        874,
                        473,
                        891
                    ]
                },
                {
                    "text": "Corp.",
                    "box": [
                        478,
                        875,
                        518,
                        890
                    ]
                }
            ],
            "id": 20
        },
        {
            "text": "816/545-7473",
            "box": [
                294,
                900,
                390,
                918
            ],
            "linking": [
                [
                    23,
                    21
                ]
            ],
            "label": "answer",
            "words": [
                {
                    "text": "816/545-7473",
                    "box": [
                        294,
                        900,
                        390,
                        918
                    ]
                }
            ],
            "id": 21
        },
        {
            "text": "Fax Received",
            "box": [
                292,
                925,
                386,
                944
            ],
            "linking": [
                [
                    9,
                    22
                ]
            ],
            "label": "answer",
            "words": [
                {
                    "text": "Fax",
                    "box": [
                        292,
                        927,
                        319,
                        944
                    ]
                },
                {
                    "text": "Received",
                    "box": [
                        321,
                        925,
                        386,
                        940
                    ]
                }
            ],
            "id": 22
        },
        {
            "text": "Fax #:",
            "box": [
                203,
                900,
                256,
                917
            ],
            "linking": [
                [
                    23,
                    21
                ]
            ],
            "label": "question",
            "words": [
                {
                    "text": "Fax",
                    "box": [
                        203,
                        900,
                        235,
                        917
                    ]
                },
                {
                    "text": "#:",
                    "box": [
                        236,
                        900,
                        256,
                        917
                    ]
                }
            ],
            "id": 23
        }
    ]
}