{
    "form": [
        {
            "box": [
                81,
                63,
                119,
                75
            ],
            "text": "Date:",
            "label": "question",
            "words": [
                {
                    "box": [
                        81,
                        63,
                        119,
                        75
                    ],
                    "text": "Date:"
                }
            ],
            "linking": [
                [
                    0,
                    42
                ]
            ],
            "id": 0
        },
        {
            "box": [
                86,
                131,
                171,
                141
            ],
            "text": "Description:",
            "label": "question",
            "words": [
                {
                    "box": [
                        86,
                        131,
                        171,
                        141
                    ],
                    "text": "Description:"
                }
            ],
            "linking": [
                [
                    1,
                    45
                ]
            ],
            "id": 1
        },
        {
            "box": [
                85,
                159,
                151,
                169
            ],
            "text": "Supplier:",
            "label": "question",
            "words": [
                {
                    "box": [
                        85,
                        159,
                        151,
                        169
                    ],
                    "text": "Supplier:"
                }
            ],
            "linking": [
                [
                    2,
                    46
                ]
            ],
            "id": 2
        },
        {
            "box": [
                533,
                51,
                546,
                64
            ],
            "text": "#",
            "label": "other",
            "words": [
                {
                    "box": [
                        533,
                        51,
                        546,
                        64
                    ],
                    "text": "#"
                }
            ],
            "linking": [],
            "id": 3
        },
        {
            "box": [
                547,
                51,
                562,
                63
            ],
            "text": "51",
            "label": "other",
            "words": [
                {
                    "box": [
                        547,
                        51,
                        562,
                        63
                    ],
                    "text": "51"
                }
            ],
            "linking": [],
            "id": 4
        },
        {
            "box": [
                86,
                267,
                144,
                280
            ],
            "text": "Reasons:",
            "label": "question",
            "words": [
                {
                    "box": [
                        86,
                        267,
                        144,
                        280
                    ],
                    "text": "Reasons:"
                }
            ],
            "linking": [],
            "id": 5
        },
        {
            "box": [
                198,
                209,
                256,
                219
            ],
            "text": "Increase",
            "label": "answer",
            "words": [
                {
                    "box": [
                        198,
                        209,
                        256,
                        219
                    ],
                    "text": "Increase"
                }
            ],
            "linking": [
                [
                    48,
                    6
                ]
            ],
            "id": 6
        },
        {
            "box": [
                480,
                201,
                493,
                216
            ],
            "text": "(",
            "label": "other",
            "words": [
                {
                    "box": [
                        480,
                        201,
                        493,
                        216
                    ],
                    "text": "("
                }
            ],
            "linking": [],
            "id": 7
        },
        {
            "box": [
                206,
                357,
                274,
                367
            ],
            "text": "CANCELLED",
            "label": "answer",
            "words": [
                {
                    "box": [
                        206,
                        357,
                        274,
                        367
                    ],
                    "text": "CANCELLED"
                }
            ],
            "linking": [
                [
                    52,
                    8
                ]
            ],
            "id": 8
        },
        {
            "box": [
                530,
                337,
                567,
                347
            ],
            "text": "1985",
            "label": "other",
            "words": [
                {
                    "box": [
                        530,
                        337,
                        567,
                        347
                    ],
                    "text": "1985"
                }
            ],
            "linking": [],
            "id": 9
        },
        {
            "box": [
                513,
                352,
                596,
                365
            ],
            "text": "3,669,000",
            "label": "answer",
            "words": [
                {
                    "box": [
                        513,
                        352,
                        596,
                        365
                    ],
                    "text": "3,669,000"
                }
            ],
            "linking": [
                [
                    56,
                    10
                ]
            ],
            "id": 10
        },
        {
            "box": [
                532,
                380,
                595,
                388
            ],
            "text": "252,955",
            "label": "answer",
            "words": [
                {
                    "box": [
                        532,
                        380,
                        595,
                        388
                    ],
                    "text": "252,955"
                }
            ],
            "linking": [
                [
                    57,
                    11
                ]
            ],
            "id": 11
        },
        {
            "box": [
                535,
                405,
                593,
                417
            ],
            "text": "+58,500",
            "label": "answer",
            "words": [
                {
                    "box": [
                        535,
                        405,
                        593,
                        417
                    ],
                    "text": "+58,500"
                }
            ],
            "linking": [
                [
                    58,
                    12
                ]
            ],
            "id": 12
        },
        {
            "box": [
                533,
                517,
                596,
                527
            ],
            "text": "311.455",
            "label": "answer",
            "words": [
                {
                    "box": [
                        533,
                        517,
                        596,
                        527
                    ],
                    "text": "311.455"
                }
            ],
            "linking": [
                [
                    61,
                    13
                ]
            ],
            "id": 13
        },
        {
            "box": [
                517,
                566,
                593,
                579
            ],
            "text": "3,357,545",
            "label": "answer",
            "words": [
                {
                    "box": [
                        517,
                        566,
                        593,
                        579
                    ],
                    "text": "3,357,545"
                }
            ],
            "linking": [
                [
                    62,
                    14
                ]
            ],
            "id": 14
        },
        {
            "box": [
                434,
                447,
                447,
                460
            ],
            "text": "0",
            "label": "answer",
            "words": [
                {
                    "box": [
                        434,
                        447,
                        447,
                        460
                    ],
                    "text": "0"
                }
            ],
            "linking": [
                [
                    59,
                    15
                ]
            ],
            "id": 15
        },
        {
            "box": [
                95,
                787,
                156,
                795
            ],
            "text": "Original",
            "label": "question",
            "words": [
                {
                    "box": [
                        95,
                        787,
                        156,
                        795
                    ],
                    "text": "Original"
                }
            ],
            "linking": [
                [
                    16,
                    68
                ]
            ],
            "id": 16
        },
        {
            "box": [
                98,
                802,
                120,
                812
            ],
            "text": "cc:",
            "label": "question",
            "words": [
                {
                    "box": [
                        98,
                        802,
                        120,
                        812
                    ],
                    "text": "cc:"
                }
            ],
            "linking": [
                [
                    17,
                    69
                ]
            ],
            "id": 17
        },
        {
            "box": [
                424,
                630,
                452,
                643
            ],
            "text": "Date",
            "label": "question",
            "words": [
                {
                    "box": [
                        424,
                        630,
                        452,
                        643
                    ],
                    "text": "Date"
                }
            ],
            "linking": [
                [
                    18,
                    23
                ]
            ],
            "id": 18
        },
        {
            "box": [
                422,
                656,
                457,
                669
            ],
            "text": "Date",
            "label": "question",
            "words": [
                {
                    "box": [
                        422,
                        656,
                        457,
                        669
                    ],
                    "text": "Date"
                }
            ],
            "linking": [
                [
                    19,
                    24
                ]
            ],
            "id": 19
        },
        {
            "box": [
                424,
                681,
                456,
                693
            ],
            "text": "Date",
            "label": "question",
            "words": [
                {
                    "box": [
                        424,
                        681,
                        456,
                        693
                    ],
                    "text": "Date"
                }
            ],
            "linking": [
                [
                    20,
                    25
                ]
            ],
            "id": 20
        },
        {
            "box": [
                425,
                711,
                458,
                723
            ],
            "text": "Date",
            "label": "question",
            "words": [
                {
                    "box": [
                        425,
                        711,
                        458,
                        723
                    ],
                    "text": "Date"
                }
            ],
            "linking": [],
            "id": 21
        },
        {
            "box": [
                427,
                738,
                455,
                751
            ],
            "text": "Date",
            "label": "question",
            "words": [
                {
                    "box": [
                        427,
                        738,
                        455,
                        751
                    ],
                    "text": "Date"
                }
            ],
            "linking": [],
            "id": 22
        },
        {
            "box": [
                497,
                621,
                568,
                641
            ],
            "text": "",
            "label": "answer",
            "words": [
                {
                    "box": [
                        497,
                        621,
                        568,
                        641
                    ],
                    "text": ""
                }
            ],
            "linking": [
                [
                    18,
                    23
                ]
            ],
            "id": 23
        },
        {
            "box": [
                492,
                645,
                598,
                665
            ],
            "text": "",
            "label": "answer",
            "words": [
                {
                    "box": [
                        492,
                        645,
                        598,
                        665
                    ],
                    "text": ""
                }
            ],
            "linking": [
                [
                    19,
                    24
                ]
            ],
            "id": 24
        },
        {
            "box": [
                497,
                673,
                592,
                691
            ],
            "text": "",
            "label": "answer",
            "words": [
                {
                    "box": [
                        497,
                        673,
                        592,
                        691
                    ],
                    "text": ""
                }
            ],
            "linking": [
                [
                    20,
                    25
                ]
            ],
            "id": 25
        },
        {
            "box": [
                184,
                733,
                196,
                743
            ],
            "text": "A.",
            "label": "other",
            "words": [
                {
                    "box": [
                        184,
                        733,
                        196,
                        743
                    ],
                    "text": "A."
                }
            ],
            "linking": [],
            "id": 26
        },
        {
            "box": [
                206,
                729,
                219,
                742
            ],
            "text": "J.",
            "label": "other",
            "words": [
                {
                    "box": [
                        206,
                        729,
                        219,
                        742
                    ],
                    "text": "J."
                }
            ],
            "linking": [],
            "id": 27
        },
        {
            "box": [
                226,
                729,
                279,
                739
            ],
            "text": "Mellman",
            "label": "other",
            "words": [
                {
                    "box": [
                        226,
                        729,
                        279,
                        739
                    ],
                    "text": "Mellman"
                }
            ],
            "linking": [],
            "id": 28
        },
        {
            "box": [
                184,
                703,
                199,
                715
            ],
            "text": "L.",
            "label": "other",
            "words": [
                {
                    "box": [
                        184,
                        703,
                        199,
                        715
                    ],
                    "text": "L."
                }
            ],
            "linking": [],
            "id": 29
        },
        {
            "box": [
                206,
                703,
                221,
                715
            ],
            "text": "E.",
            "label": "other",
            "words": [
                {
                    "box": [
                        206,
                        703,
                        221,
                        715
                    ],
                    "text": "E."
                }
            ],
            "linking": [],
            "id": 30
        },
        {
            "box": [
                223,
                703,
                278,
                713
            ],
            "text": "Gravely",
            "label": "other",
            "words": [
                {
                    "box": [
                        223,
                        703,
                        278,
                        713
                    ],
                    "text": "Gravely"
                }
            ],
            "linking": [],
            "id": 31
        },
        {
            "box": [
                184,
                676,
                202,
                686
            ],
            "text": "J.",
            "label": "other",
            "words": [
                {
                    "box": [
                        184,
                        676,
                        202,
                        686
                    ],
                    "text": "J."
                }
            ],
            "linking": [],
            "id": 32
        },
        {
            "box": [
                206,
                674,
                221,
                686
            ],
            "text": "F.",
            "label": "other",
            "words": [
                {
                    "box": [
                        206,
                        674,
                        221,
                        686
                    ],
                    "text": "F."
                }
            ],
            "linking": [],
            "id": 33
        },
        {
            "box": [
                224,
                673,
                277,
                686
            ],
            "text": "Wilhelm",
            "label": "other",
            "words": [
                {
                    "box": [
                        224,
                        673,
                        277,
                        686
                    ],
                    "text": "Wilhelm"
                }
            ],
            "linking": [],
            "id": 34
        },
        {
            "box": [
                228,
                681,
                326,
                699
            ],
            "text": "",
            "label": "other",
            "words": [
                {
                    "box": [
                        228,
                        681,
                        326,
                        699
                    ],
                    "text": ""
                }
            ],
            "linking": [],
            "id": 35
        },
        {
            "box": [
                179,
                621,
                343,
                648
            ],
            "text": "",
            "label": "answer",
            "words": [
                {
                    "box": [
                        179,
                        621,
                        343,
                        648
                    ],
                    "text": ""
                }
            ],
            "linking": [
                [
                    63,
                    36
                ]
            ],
            "id": 36
        },
        {
            "box": [
                178,
                648,
                424,
                673
            ],
            "text": "",
            "label": "answer",
            "words": [
                {
                    "box": [
                        178,
                        648,
                        424,
                        673
                    ],
                    "text": ""
                }
            ],
            "linking": [
                [
                    64,
                    37
                ]
            ],
            "id": 37
        },
        {
            "box": [
                492,
                791,
                558,
                804
            ],
            "text": "1985-39NP",
            "label": "answer",
            "words": [
                {
                    "box": [
                        492,
                        791,
                        558,
                        804
                    ],
                    "text": "1985-39NP"
                }
            ],
            "linking": [
                [
                    70,
                    38
                ]
            ],
            "id": 38
        },
        {
            "box": [
                535,
                855,
                658,
                873
            ],
            "text": "681925993",
            "label": "other",
            "words": [
                {
                    "box": [
                        535,
                        855,
                        658,
                        873
                    ],
                    "text": "681925993"
                }
            ],
            "linking": [],
            "id": 39
        },
        {
            "box": [
                100,
                867,
                193,
                879
            ],
            "text": "/big:jfw00017",
            "label": "other",
            "words": [
                {
                    "box": [
                        100,
                        867,
                        193,
                        879
                    ],
                    "text": "/big:jfw00017"
                }
            ],
            "linking": [],
            "id": 40
        },
        {
            "text": "CHANGE OF AUTHORIZED COST",
            "box": [
                264,
                42,
                433,
                56
            ],
            "linking": [],
            "label": "title",
            "words": [
                {
                    "text": "CHANGE",
                    "box": [
                        264,
                        43,
                        304,
                        56
                    ]
                },
                {
                    "text": "OF",
                    "box": [
                        307,
                        42,
                        324,
                        55
                    ]
                },
                {
                    "text": "AUTHORIZED",
                    "box": [
                        329,
                        42,
                        399,
                        55
                    ]
                },
                {
                    "text": "COST",
                    "box": [
                        405,
                        42,
                        433,
                        52
                    ]
                }
            ],
            "id": 41
        },
        {
            "text": "June 21, 1985",
            "box": [
                131,
                58,
                224,
                71
            ],
            "linking": [
                [
                    0,
                    42
                ]
            ],
            "label": "answer",
            "words": [
                {
                    "text": "June",
                    "box": [
                        131,
                        61,
                        164,
                        71
                    ]
                },
                {
                    "text": "21,",
                    "box": [
                        166,
                        61,
                        188,
                        71
                    ]
                },
                {
                    "text": "1985",
                    "box": [
                        196,
                        58,
                        224,
                        71
                    ]
                }
            ],
            "id": 42
        },
        {
            "text": "RICHLAND 100's",
            "box": [
                174,
                86,
                273,
                98
            ],
            "linking": [
                [
                    44,
                    43
                ]
            ],
            "label": "answer",
            "words": [
                {
                    "text": "RICHLAND",
                    "box": [
                        174,
                        86,
                        230,
                        98
                    ]
                },
                {
                    "text": "100's",
                    "box": [
                        238,
                        86,
                        273,
                        96
                    ]
                }
            ],
            "id": 43
        },
        {
            "text": "Brand Name:",
            "box": [
                83,
                88,
                161,
                101
            ],
            "linking": [
                [
                    44,
                    43
                ]
            ],
            "label": "question",
            "words": [
                {
                    "text": "Brand",
                    "box": [
                        83,
                        91,
                        121,
                        101
                    ]
                },
                {
                    "text": "Name:",
                    "box": [
                        123,
                        88,
                        161,
                        100
                    ]
                }
            ],
            "id": 44
        },
        {
            "text": "Amelia 100's Candidates: (NM-FT and NM- Lights)",
            "box": [
                186,
                121,
                510,
                140
            ],
            "linking": [
                [
                    1,
                    45
                ]
            ],
            "label": "answer",
            "words": [
                {
                    "text": "Amelia",
                    "box": [
                        186,
                        130,
                        233,
                        140
                    ]
                },
                {
                    "text": "100's",
                    "box": [
                        238,
                        125,
                        271,
                        138
                    ]
                },
                {
                    "text": "Candidates:",
                    "box": [
                        277,
                        126,
                        353,
                        136
                    ]
                },
                {
                    "text": "(NM-FT",
                    "box": [
                        364,
                        121,
                        409,
                        136
                    ]
                },
                {
                    "text": "and",
                    "box": [
                        414,
                        121,
                        434,
                        131
                    ]
                },
                {
                    "text": "NM-",
                    "box": [
                        439,
                        121,
                        461,
                        131
                    ]
                },
                {
                    "text": "Lights)",
                    "box": [
                        463,
                        121,
                        510,
                        131
                    ]
                }
            ],
            "id": 45
        },
        {
            "text": "Market Facts. Inc.",
            "box": [
                168,
                154,
                291,
                168
            ],
            "linking": [
                [
                    2,
                    46
                ]
            ],
            "label": "answer",
            "words": [
                {
                    "text": "Market",
                    "box": [
                        168,
                        156,
                        211,
                        168
                    ]
                },
                {
                    "text": "Facts.",
                    "box": [
                        216,
                        156,
                        258,
                        166
                    ]
                },
                {
                    "text": "Inc.",
                    "box": [
                        266,
                        154,
                        291,
                        167
                    ]
                }
            ],
            "id": 46
        },
        {
            "text": "Previous $ Commitments This Project",
            "box": [
                86,
                179,
                327,
                197
            ],
            "linking": [],
            "label": "other",
            "words": [
                {
                    "text": "Previous",
                    "box": [
                        86,
                        184,
                        146,
                        197
                    ]
                },
                {
                    "text": "$",
                    "box": [
                        148,
                        183,
                        158,
                        195
                    ]
                },
                {
                    "text": "Commitments",
                    "box": [
                        161,
                        183,
                        237,
                        195
                    ]
                },
                {
                    "text": "This",
                    "box": [
                        244,
                        179,
                        272,
                        192
                    ]
                },
                {
                    "text": "Project",
                    "box": [
                        277,
                        181,
                        327,
                        189
                    ]
                }
            ],
            "id": 47
        },
        {
            "text": "Amt. of Change:",
            "box": [
                85,
                209,
                191,
                225
            ],
            "linking": [
                [
                    48,
                    6
                ],
                [
                    48,
                    76
                ]
            ],
            "label": "question",
            "words": [
                {
                    "text": "Amt.",
                    "box": [
                        85,
                        213,
                        113,
                        225
                    ]
                },
                {
                    "text": "of",
                    "box": [
                        121,
                        209,
                        134,
                        222
                    ]
                },
                {
                    "text": "Change:",
                    "box": [
                        141,
                        211,
                        191,
                        223
                    ]
                }
            ],
            "id": 48
        },
        {
            "text": "Adjusted Total Cost of Protect:",
            "box": [
                86,
                236,
                302,
                251
            ],
            "linking": [
                [
                    49,
                    74
                ]
            ],
            "label": "question",
            "words": [
                {
                    "text": "Adjusted",
                    "box": [
                        86,
                        238,
                        144,
                        251
                    ]
                },
                {
                    "text": "Total",
                    "box": [
                        148,
                        239,
                        185,
                        251
                    ]
                },
                {
                    "text": "Cost",
                    "box": [
                        188,
                        236,
                        221,
                        249
                    ]
                },
                {
                    "text": "of",
                    "box": [
                        224,
                        238,
                        241,
                        248
                    ]
                },
                {
                    "text": "Protect:",
                    "box": [
                        246,
                        236,
                        302,
                        246
                    ]
                }
            ],
            "id": 49
        },
        {
            "text": "$ 58,500",
            "box": [
                374,
                174,
                431,
                189
            ],
            "linking": [],
            "label": "other",
            "words": [
                {
                    "text": "$",
                    "box": [
                        374,
                        174,
                        384,
                        187
                    ]
                },
                {
                    "text": "58,500",
                    "box": [
                        389,
                        176,
                        431,
                        189
                    ]
                }
            ],
            "id": 50
        },
        {
            "text": "PROJECT CANCELLED",
            "box": [
                296,
                287,
                410,
                300
            ],
            "linking": [],
            "label": "title",
            "words": [
                {
                    "text": "PROJECT",
                    "box": [
                        296,
                        287,
                        343,
                        300
                    ]
                },
                {
                    "text": "CANCELLED",
                    "box": [
                        349,
                        287,
                        410,
                        299
                    ]
                }
            ],
            "id": 51
        },
        {
            "text": "Projected: Field Start",
            "box": [
                88,
                347,
                170,
                372
            ],
            "linking": [
                [
                    52,
                    8
                ]
            ],
            "label": "question",
            "words": [
                {
                    "text": "Projected:",
                    "box": [
                        90,
                        347,
                        161,
                        360
                    ]
                },
                {
                    "text": "Field",
                    "box": [
                        88,
                        360,
                        128,
                        372
                    ]
                },
                {
                    "text": "Start",
                    "box": [
                        128,
                        360,
                        170,
                        372
                    ]
                }
            ],
            "id": 52
        },
        {
            "text": "Field Complete",
            "box": [
                88,
                387,
                189,
                401
            ],
            "linking": [],
            "label": "question",
            "words": [
                {
                    "text": "Field",
                    "box": [
                        88,
                        387,
                        128,
                        400
                    ]
                },
                {
                    "text": "Complete",
                    "box": [
                        131,
                        389,
                        189,
                        401
                    ]
                }
            ],
            "id": 53
        },
        {
            "text": "Final Report Due",
            "box": [
                90,
                415,
                202,
                427
            ],
            "linking": [],
            "label": "question",
            "words": [
                {
                    "text": "Final",
                    "box": [
                        90,
                        417,
                        125,
                        427
                    ]
                },
                {
                    "text": "Report",
                    "box": [
                        135,
                        417,
                        175,
                        427
                    ]
                },
                {
                    "text": "Due",
                    "box": [
                        179,
                        415,
                        202,
                        427
                    ]
                }
            ],
            "id": 54
        },
        {
            "text": "Summary of Research Budget",
            "box": [
                307,
                341,
                487,
                355
            ],
            "linking": [],
            "label": "question",
            "words": [
                {
                    "text": "Summary",
                    "box": [
                        307,
                        342,
                        358,
                        355
                    ]
                },
                {
                    "text": "of",
                    "box": [
                        362,
                        341,
                        379,
                        354
                    ]
                },
                {
                    "text": "Research",
                    "box": [
                        382,
                        341,
                        442,
                        353
                    ]
                },
                {
                    "text": "Budget",
                    "box": [
                        444,
                        341,
                        487,
                        351
                    ]
                }
            ],
            "id": 55
        },
        {
            "text": "Total Area Budget:",
            "box": [
                309,
                355,
                435,
                367
            ],
            "linking": [
                [
                    56,
                    10
                ]
            ],
            "label": "question",
            "words": [
                {
                    "text": "Total",
                    "box": [
                        309,
                        357,
                        346,
                        367
                    ]
                },
                {
                    "text": "Area",
                    "box": [
                        349,
                        357,
                        381,
                        367
                    ]
                },
                {
                    "text": "Budget:",
                    "box": [
                        384,
                        355,
                        435,
                        365
                    ]
                }
            ],
            "id": 56
        },
        {
            "text": "Current Balance Available",
            "box": [
                311,
                380,
                487,
                395
            ],
            "linking": [
                [
                    57,
                    11
                ]
            ],
            "label": "question",
            "words": [
                {
                    "text": "Current",
                    "box": [
                        311,
                        385,
                        359,
                        395
                    ]
                },
                {
                    "text": "Balance",
                    "box": [
                        362,
                        384,
                        412,
                        394
                    ]
                },
                {
                    "text": "Available",
                    "box": [
                        417,
                        380,
                        487,
                        393
                    ]
                }
            ],
            "id": 57
        },
        {
            "text": "This Change: (From Current Budget)",
            "box": [
                311,
                410,
                457,
                441
            ],
            "linking": [
                [
                    58,
                    12
                ]
            ],
            "label": "question",
            "words": [
                {
                    "text": "This",
                    "box": [
                        311,
                        414,
                        339,
                        424
                    ]
                },
                {
                    "text": "Change:",
                    "box": [
                        344,
                        410,
                        392,
                        420
                    ]
                },
                {
                    "text": "(From",
                    "box": [
                        311,
                        424,
                        349,
                        441
                    ]
                },
                {
                    "text": "Current",
                    "box": [
                        350,
                        422,
                        398,
                        435
                    ]
                },
                {
                    "text": "Budget)",
                    "box": [
                        407,
                        422,
                        457,
                        434
                    ]
                }
            ],
            "id": 58
        },
        {
            "text": "This Amount",
            "box": [
                309,
                452,
                386,
                464
            ],
            "linking": [
                [
                    59,
                    15
                ]
            ],
            "label": "question",
            "words": [
                {
                    "text": "This",
                    "box": [
                        309,
                        452,
                        341,
                        464
                    ]
                },
                {
                    "text": "Amount",
                    "box": [
                        344,
                        453,
                        386,
                        463
                    ]
                }
            ],
            "id": 59
        },
        {
            "text": "(From Next Year's Budget)",
            "box": [
                311,
                463,
                482,
                479
            ],
            "linking": [],
            "label": "question",
            "words": [
                {
                    "text": "(From",
                    "box": [
                        311,
                        467,
                        351,
                        479
                    ]
                },
                {
                    "text": "Next",
                    "box": [
                        350,
                        467,
                        380,
                        477
                    ]
                },
                {
                    "text": "Year's",
                    "box": [
                        382,
                        463,
                        429,
                        475
                    ]
                },
                {
                    "text": "Budget)",
                    "box": [
                        432,
                        463,
                        482,
                        473
                    ]
                }
            ],
            "id": 60
        },
        {
            "text": "New Balance:",
            "box": [
                311,
                520,
                395,
                534
            ],
            "linking": [
                [
                    61,
                    13
                ]
            ],
            "label": "question",
            "words": [
                {
                    "text": "New",
                    "box": [
                        311,
                        522,
                        336,
                        534
                    ]
                },
                {
                    "text": "Balance:",
                    "box": [
                        339,
                        520,
                        395,
                        530
                    ]
                }
            ],
            "id": 61
        },
        {
            "text": "Committed To Date:",
            "box": [
                312,
                575,
                437,
                589
            ],
            "linking": [
                [
                    62,
                    14
                ]
            ],
            "label": "question",
            "words": [
                {
                    "text": "Committed",
                    "box": [
                        312,
                        576,
                        375,
                        589
                    ]
                },
                {
                    "text": "To",
                    "box": [
                        380,
                        575,
                        397,
                        587
                    ]
                },
                {
                    "text": "Date:",
                    "box": [
                        400,
                        575,
                        437,
                        587
                    ]
                }
            ],
            "id": 62
        },
        {
            "text": "Submitted By:",
            "box": [
                95,
                635,
                184,
                648
            ],
            "linking": [
                [
                    63,
                    36
                ]
            ],
            "label": "question",
            "words": [
                {
                    "text": "Submitted",
                    "box": [
                        95,
                        636,
                        160,
                        648
                    ]
                },
                {
                    "text": "By:",
                    "box": [
                        166,
                        635,
                        184,
                        648
                    ]
                }
            ],
            "id": 63
        },
        {
            "text": "Approved By:",
            "box": [
                93,
                663,
                183,
                676
            ],
            "linking": [
                [
                    64,
                    37
                ]
            ],
            "label": "question",
            "words": [
                {
                    "text": "Approved",
                    "box": [
                        93,
                        664,
                        154,
                        676
                    ]
                },
                {
                    "text": "By:",
                    "box": [
                        158,
                        663,
                        183,
                        676
                    ]
                }
            ],
            "id": 64
        },
        {
            "text": "Approved By:",
            "box": [
                96,
                689,
                183,
                706
            ],
            "linking": [],
            "label": "question",
            "words": [
                {
                    "text": "Approved",
                    "box": [
                        96,
                        689,
                        156,
                        706
                    ]
                },
                {
                    "text": "By:",
                    "box": [
                        158,
                        689,
                        183,
                        702
                    ]
                }
            ],
            "id": 65
        },
        {
            "text": "Approved By:",
            "box": [
                93,
                716,
                181,
                732
            ],
            "linking": [],
            "label": "question",
            "words": [
                {
                    "text": "Approved",
                    "box": [
                        93,
                        719,
                        153,
                        732
                    ]
                },
                {
                    "text": "By:",
                    "box": [
                        158,
                        716,
                        181,
                        729
                    ]
                }
            ],
            "id": 66
        },
        {
            "text": "Approved By:",
            "box": [
                95,
                746,
                184,
                758
            ],
            "linking": [],
            "label": "question",
            "words": [
                {
                    "text": "Approved",
                    "box": [
                        95,
                        748,
                        155,
                        758
                    ]
                },
                {
                    "text": "By:",
                    "box": [
                        159,
                        746,
                        184,
                        758
                    ]
                }
            ],
            "id": 67
        },
        {
            "text": "Project File S. Willinger ",
            "box": [
                178,
                784,
                293,
                811
            ],
            "linking": [
                [
                    16,
                    68
                ]
            ],
            "label": "answer",
            "words": [
                {
                    "text": "Project",
                    "box": [
                        178,
                        786,
                        228,
                        798
                    ]
                },
                {
                    "text": "File",
                    "box": [
                        238,
                        784,
                        265,
                        796
                    ]
                },
                {
                    "text": "S.",
                    "box": [
                        181,
                        799,
                        194,
                        811
                    ]
                },
                {
                    "text": "Willinger",
                    "box": [
                        199,
                        799,
                        265,
                        809
                    ]
                },
                {
                    "text": "",
                    "box": [
                        271,
                        794,
                        293,
                        809
                    ]
                }
            ],
            "id": 68
        },
        {
            "text": "Research Group Manager Bonnie Fuller V. Hansberry (If International)",
            "box": [
                181,
                811,
                397,
                853
            ],
            "linking": [
                [
                    17,
                    69
                ]
            ],
            "label": "answer",
            "words": [
                {
                    "text": "Research",
                    "box": [
                        183,
                        814,
                        239,
                        824
                    ]
                },
                {
                    "text": "Group",
                    "box": [
                        243,
                        811,
                        278,
                        823
                    ]
                },
                {
                    "text": "Manager",
                    "box": [
                        282,
                        812,
                        333,
                        822
                    ]
                },
                {
                    "text": "Bonnie",
                    "box": [
                        181,
                        826,
                        224,
                        838
                    ]
                },
                {
                    "text": "Fuller",
                    "box": [
                        229,
                        826,
                        271,
                        838
                    ]
                },
                {
                    "text": "V.",
                    "box": [
                        183,
                        842,
                        198,
                        850
                    ]
                },
                {
                    "text": "Hansberry",
                    "box": [
                        203,
                        841,
                        268,
                        853
                    ]
                },
                {
                    "text": "(If",
                    "box": [
                        272,
                        836,
                        292,
                        849
                    ]
                },
                {
                    "text": "International)",
                    "box": [
                        299,
                        836,
                        397,
                        848
                    ]
                }
            ],
            "id": 69
        },
        {
            "text": "Project No.",
            "box": [
                399,
                792,
                472,
                806
            ],
            "linking": [
                [
                    70,
                    38
                ]
            ],
            "label": "question",
            "words": [
                {
                    "text": "Project",
                    "box": [
                        399,
                        794,
                        447,
                        806
                    ]
                },
                {
                    "text": "No.",
                    "box": [
                        452,
                        792,
                        472,
                        802
                    ]
                }
            ],
            "id": 70
        },
        {
            "text": "Account Name",
            "box": [
                400,
                821,
                483,
                833
            ],
            "linking": [
                [
                    71,
                    72
                ]
            ],
            "label": "question",
            "words": [
                {
                    "text": "Account",
                    "box": [
                        400,
                        822,
                        448,
                        832
                    ]
                },
                {
                    "text": "Name",
                    "box": [
                        453,
                        821,
                        483,
                        833
                    ]
                }
            ],
            "id": 71
        },
        {
            "text": "PRODUCT TESTING",
            "box": [
                495,
                816,
                600,
                832
            ],
            "linking": [
                [
                    71,
                    72
                ]
            ],
            "label": "answer",
            "words": [
                {
                    "text": "PRODUCT",
                    "box": [
                        495,
                        819,
                        545,
                        832
                    ]
                },
                {
                    "text": "TESTING",
                    "box": [
                        550,
                        816,
                        600,
                        831
                    ]
                }
            ],
            "id": 72
        },
        {
            "text": "681925993 RODUCED FROM B&W WEB SITE",
            "box": [
                0,
                953,
                233,
                983
            ],
            "linking": [],
            "label": "other",
            "words": [
                {
                    "text": "681925993",
                    "box": [
                        0,
                        953,
                        81,
                        965
                    ]
                },
                {
                    "text": "RODUCED",
                    "box": [
                        0,
                        965,
                        73,
                        982
                    ]
                },
                {
                    "text": "FROM",
                    "box": [
                        78,
                        968,
                        118,
                        981
                    ]
                },
                {
                    "text": "B&W",
                    "box": [
                        121,
                        968,
                        151,
                        983
                    ]
                },
                {
                    "text": "WEB",
                    "box": [
                        156,
                        968,
                        186,
                        981
                    ]
                },
                {
                    "text": "SITE",
                    "box": [
                        191,
                        968,
                        233,
                        981
                    ]
                }
            ],
            "id": 73
        },
        {
            "text": "$ -0-",
            "box": [
                374,
                231,
                423,
                245
            ],
            "linking": [
                [
                    49,
                    74
                ]
            ],
            "label": "answer",
            "words": [
                {
                    "text": "$",
                    "box": [
                        374,
                        233,
                        384,
                        245
                    ]
                },
                {
                    "text": "-0-",
                    "box": [
                        400,
                        231,
                        423,
                        243
                    ]
                }
            ],
            "id": 74
        },
        {
            "text": "-100% Change)",
            "box": [
                530,
                199,
                621,
                213
            ],
            "linking": [],
            "label": "other",
            "words": [
                {
                    "text": "-100%",
                    "box": [
                        530,
                        199,
                        567,
                        212
                    ]
                },
                {
                    "text": "Change)",
                    "box": [
                        571,
                        201,
                        621,
                        213
                    ]
                }
            ],
            "id": 75
        },
        {
            "text": "Decrease X",
            "box": [
                284,
                206,
                363,
                221
            ],
            "linking": [
                [
                    48,
                    76
                ]
            ],
            "label": "answer",
            "words": [
                {
                    "text": "Decrease",
                    "box": [
                        284,
                        209,
                        340,
                        221
                    ]
                },
                {
                    "text": "X",
                    "box": [
                        350,
                        206,
                        363,
                        218
                    ]
                }
            ],
            "id": 76
        },
        {
            "text": "$- 58,500",
            "box": [
                374,
                203,
                432,
                218
            ],
            "linking": [],
            "label": "other",
            "words": [
                {
                    "text": "$-",
                    "box": [
                        374,
                        203,
                        392,
                        218
                    ]
                },
                {
                    "text": "58,500",
                    "box": [
                        389,
                        203,
                        432,
                        216
                    ]
                }
            ],
            "id": 77
        }
    ]
}