{
    "form": [
        {
            "box": [
                85,
                527,
                148,
                542
            ],
            "text": "Signature",
            "label": "question",
            "words": [
                {
                    "box": [
                        85,
                        527,
                        148,
                        542
                    ],
                    "text": "Signature"
                }
            ],
            "linking": [
                [
                    0,
                    31
                ],
                [
                    30,
                    0
                ]
            ],
            "id": 0
        },
        {
            "box": [
                319,
                525,
                392,
                540
            ],
            "text": "Department",
            "label": "question",
            "words": [
                {
                    "box": [
                        319,
                        525,
                        392,
                        540
                    ],
                    "text": "Department"
                }
            ],
            "linking": [
                [
                    1,
                    32
                ],
                [
                    30,
                    1
                ]
            ],
            "id": 1
        },
        {
            "box": [
                513,
                523,
                548,
                538
            ],
            "text": "Date",
            "label": "question",
            "words": [
                {
                    "box": [
                        513,
                        523,
                        548,
                        538
                    ],
                    "text": "Date"
                }
            ],
            "linking": [
                [
                    2,
                    33
                ],
                [
                    30,
                    2
                ]
            ],
            "id": 2
        },
        {
            "box": [
                515,
                676,
                553,
                693
            ],
            "text": "Date",
            "label": "question",
            "words": [
                {
                    "box": [
                        515,
                        676,
                        553,
                        693
                    ],
                    "text": "Date"
                }
            ],
            "linking": [
                [
                    34,
                    3
                ]
            ],
            "id": 3
        },
        {
            "box": [
                322,
                679,
                398,
                697
            ],
            "text": "Department",
            "label": "question",
            "words": [
                {
                    "box": [
                        322,
                        679,
                        398,
                        697
                    ],
                    "text": "Department"
                }
            ],
            "linking": [
                [
                    34,
                    4
                ]
            ],
            "id": 4
        },
        {
            "box": [
                88,
                683,
                148,
                698
            ],
            "text": "Signature",
            "label": "question",
            "words": [
                {
                    "box": [
                        88,
                        683,
                        148,
                        698
                    ],
                    "text": "Signature"
                }
            ],
            "linking": [
                [
                    34,
                    5
                ],
                [
                    5,
                    11
                ]
            ],
            "id": 5
        },
        {
            "box": [
                56,
                453,
                86,
                465
            ],
            "text": "T&N",
            "label": "question",
            "words": [
                {
                    "box": [
                        56,
                        453,
                        86,
                        465
                    ],
                    "text": "T&N"
                }
            ],
            "linking": [
                [
                    6,
                    10
                ]
            ],
            "id": 6
        },
        {
            "box": [
                58,
                394,
                123,
                407
            ],
            "text": "WARNING",
            "label": "question",
            "words": [
                {
                    "box": [
                        58,
                        394,
                        123,
                        407
                    ],
                    "text": "WARNING"
                }
            ],
            "linking": [
                [
                    7,
                    28
                ]
            ],
            "id": 7
        },
        {
            "box": [
                51,
                239,
                94,
                251
            ],
            "text": "DATE",
            "label": "question",
            "words": [
                {
                    "box": [
                        51,
                        239,
                        94,
                        251
                    ],
                    "text": "DATE"
                }
            ],
            "linking": [
                [
                    8,
                    13
                ]
            ],
            "id": 8
        },
        {
            "box": [
                462,
                228,
                518,
                266
            ],
            "text": "44",
            "label": "other",
            "words": [
                {
                    "box": [
                        462,
                        228,
                        518,
                        266
                    ],
                    "text": "44"
                }
            ],
            "linking": [],
            "id": 9
        },
        {
            "box": [
                171,
                447,
                189,
                464
            ],
            "text": "8'",
            "label": "answer",
            "words": [
                {
                    "box": [
                        171,
                        447,
                        189,
                        464
                    ],
                    "text": "8'"
                }
            ],
            "linking": [
                [
                    6,
                    10
                ]
            ],
            "id": 10
        },
        {
            "box": [
                181,
                628,
                339,
                771
            ],
            "text": "",
            "label": "answer",
            "words": [
                {
                    "box": [
                        181,
                        628,
                        339,
                        771
                    ],
                    "text": ""
                }
            ],
            "linking": [
                [
                    5,
                    11
                ]
            ],
            "id": 11
        },
        {
            "box": [
                171,
                332,
                296,
                345
            ],
            "text": "33/16\"WX21/2\"H",
            "label": "answer",
            "words": [
                {
                    "box": [
                        171,
                        332,
                        296,
                        345
                    ],
                    "text": "33/16\"WX21/2\"H"
                }
            ],
            "linking": [
                [
                    27,
                    12
                ]
            ],
            "id": 12
        },
        {
            "box": [
                113,
                238,
                168,
                251
            ],
            "text": "10/22/98",
            "label": "answer",
            "words": [
                {
                    "box": [
                        113,
                        238,
                        168,
                        251
                    ],
                    "text": "10/22/98"
                }
            ],
            "linking": [
                [
                    8,
                    13
                ]
            ],
            "id": 13
        },
        {
            "box": [
                540,
                346,
                575,
                359
            ],
            "text": "(Date)",
            "label": "question",
            "words": [
                {
                    "box": [
                        540,
                        346,
                        575,
                        359
                    ],
                    "text": "(Date)"
                }
            ],
            "linking": [],
            "id": 14
        },
        {
            "box": [
                60,
                819,
                138,
                832
            ],
            "text": "REVISIONS",
            "label": "question",
            "words": [
                {
                    "box": [
                        60,
                        819,
                        138,
                        832
                    ],
                    "text": "REVISIONS"
                }
            ],
            "linking": [],
            "id": 15
        },
        {
            "box": [
                50,
                159,
                101,
                176
            ],
            "text": "BRAND",
            "label": "question",
            "words": [
                {
                    "box": [
                        50,
                        159,
                        101,
                        176
                    ],
                    "text": "BRAND"
                }
            ],
            "linking": [
                [
                    16,
                    23
                ]
            ],
            "id": 16
        },
        {
            "box": [
                53,
                199,
                143,
                214
            ],
            "text": "DESCRIPTION",
            "label": "question",
            "words": [
                {
                    "box": [
                        53,
                        199,
                        143,
                        214
                    ],
                    "text": "DESCRIPTION"
                }
            ],
            "linking": [
                [
                    17,
                    24
                ]
            ],
            "id": 17
        },
        {
            "box": [
                120,
                120,
                153,
                135
            ],
            "text": "7848",
            "label": "answer",
            "words": [
                {
                    "box": [
                        120,
                        120,
                        153,
                        135
                    ],
                    "text": "7848"
                }
            ],
            "linking": [
                [
                    19,
                    18
                ]
            ],
            "id": 18
        },
        {
            "text": "JOB NO.",
            "box": [
                53,
                121,
                108,
                140
            ],
            "linking": [
                [
                    19,
                    18
                ]
            ],
            "label": "question",
            "words": [
                {
                    "text": "JOB",
                    "box": [
                        53,
                        121,
                        80,
                        138
                    ]
                },
                {
                    "text": "NO.",
                    "box": [
                        80,
                        123,
                        108,
                        140
                    ]
                }
            ],
            "id": 19
        },
        {
            "text": "BROWN & WILLIAMSON TOBACCO CORPORATION B&W",
            "box": [
                48,
                35,
                313,
                103
            ],
            "linking": [],
            "label": "title",
            "words": [
                {
                    "text": "BROWN",
                    "box": [
                        146,
                        38,
                        196,
                        51
                    ]
                },
                {
                    "text": "&",
                    "box": [
                        196,
                        37,
                        209,
                        52
                    ]
                },
                {
                    "text": "WILLIAMSON",
                    "box": [
                        211,
                        35,
                        302,
                        52
                    ]
                },
                {
                    "text": "TOBACCO",
                    "box": [
                        146,
                        53,
                        212,
                        66
                    ]
                },
                {
                    "text": "CORPORATION",
                    "box": [
                        213,
                        53,
                        313,
                        65
                    ]
                },
                {
                    "text": "B&W",
                    "box": [
                        48,
                        73,
                        143,
                        103
                    ]
                }
            ],
            "id": 20
        },
        {
            "text": "INC",
            "box": [
                502,
                12,
                656,
                70
            ],
            "linking": [],
            "label": "title",
            "words": [
                {
                    "text": "",
                    "box": [
                        502,
                        18,
                        605,
                        51
                    ]
                },
                {
                    "text": "",
                    "box": [
                        561,
                        12,
                        646,
                        52
                    ]
                },
                {
                    "text": "",
                    "box": [
                        555,
                        42,
                        570,
                        70
                    ]
                },
                {
                    "text": "INC",
                    "box": [
                        641,
                        47,
                        656,
                        70
                    ]
                }
            ],
            "id": 21
        },
        {
            "text": "",
            "box": [
                556,
                71,
                650,
                111
            ],
            "linking": [],
            "label": "other",
            "words": [
                {
                    "text": "",
                    "box": [
                        556,
                        71,
                        566,
                        83
                    ]
                },
                {
                    "text": "",
                    "box": [
                        561,
                        83,
                        599,
                        111
                    ]
                },
                {
                    "text": "",
                    "box": [
                        635,
                        73,
                        650,
                        101
                    ]
                },
                {
                    "text": "",
                    "box": [
                        595,
                        96,
                        637,
                        111
                    ]
                }
            ],
            "id": 22
        },
        {
            "text": "KOOL Natural",
            "box": [
                116,
                159,
                202,
                174
            ],
            "linking": [
                [
                    16,
                    23
                ]
            ],
            "label": "answer",
            "words": [
                {
                    "text": "KOOL",
                    "box": [
                        116,
                        159,
                        156,
                        174
                    ]
                },
                {
                    "text": "Natural",
                    "box": [
                        154,
                        159,
                        202,
                        172
                    ]
                }
            ],
            "id": 23
        },
        {
            "text": "Passport Winter Program Ad- EMRO",
            "box": [
                145,
                183,
                419,
                213
            ],
            "linking": [
                [
                    17,
                    24
                ]
            ],
            "label": "answer",
            "words": [
                {
                    "text": "Passport",
                    "box": [
                        145,
                        199,
                        201,
                        212
                    ]
                },
                {
                    "text": "Winter",
                    "box": [
                        203,
                        199,
                        243,
                        212
                    ]
                },
                {
                    "text": "Program",
                    "box": [
                        241,
                        198,
                        291,
                        211
                    ]
                },
                {
                    "text": "Ad-",
                    "box": [
                        294,
                        196,
                        327,
                        213
                    ]
                },
                {
                    "text": "EMRO",
                    "box": [
                        331,
                        183,
                        419,
                        210
                    ]
                }
            ],
            "id": 24
        },
        {
            "text": "7.96875 sq inches",
            "box": [
                173,
                276,
                288,
                291
            ],
            "linking": [
                [
                    26,
                    25
                ]
            ],
            "label": "answer",
            "words": [
                {
                    "text": "7.96875",
                    "box": [
                        173,
                        277,
                        226,
                        290
                    ]
                },
                {
                    "text": "sq",
                    "box": [
                        223,
                        276,
                        241,
                        291
                    ]
                },
                {
                    "text": "inches",
                    "box": [
                        243,
                        276,
                        288,
                        289
                    ]
                }
            ],
            "id": 25
        },
        {
            "text": "SQ. INCHES/FEET",
            "box": [
                53,
                274,
                164,
                293
            ],
            "linking": [
                [
                    26,
                    25
                ]
            ],
            "label": "question",
            "words": [
                {
                    "text": "SQ.",
                    "box": [
                        53,
                        276,
                        75,
                        293
                    ]
                },
                {
                    "text": "INCHES/FEET",
                    "box": [
                        78,
                        274,
                        164,
                        291
                    ]
                }
            ],
            "id": 26
        },
        {
            "text": "TRIM SIZE",
            "box": [
                58,
                334,
                122,
                352
            ],
            "linking": [
                [
                    27,
                    12
                ]
            ],
            "label": "question",
            "words": [
                {
                    "text": "TRIM",
                    "box": [
                        58,
                        334,
                        88,
                        352
                    ]
                },
                {
                    "text": "SIZE",
                    "box": [
                        90,
                        337,
                        122,
                        350
                    ]
                }
            ],
            "id": 27
        },
        {
            "text": "Exhibt 1(a) Statement A",
            "box": [
                173,
                387,
                313,
                409
            ],
            "linking": [
                [
                    7,
                    28
                ]
            ],
            "label": "answer",
            "words": [
                {
                    "text": "Exhibt",
                    "box": [
                        173,
                        392,
                        216,
                        409
                    ]
                },
                {
                    "text": "1(a)",
                    "box": [
                        214,
                        392,
                        239,
                        405
                    ]
                },
                {
                    "text": "Statement",
                    "box": [
                        241,
                        390,
                        299,
                        405
                    ]
                },
                {
                    "text": "A",
                    "box": [
                        296,
                        387,
                        313,
                        405
                    ]
                }
            ],
            "id": 28
        },
        {
            "text": "Legal Approval",
            "box": [
                409,
                319,
                460,
                348
            ],
            "linking": [],
            "label": "question",
            "words": [
                {
                    "text": "Legal",
                    "box": [
                        409,
                        319,
                        449,
                        331
                    ]
                },
                {
                    "text": "Approval",
                    "box": [
                        410,
                        331,
                        460,
                        348
                    ]
                }
            ],
            "id": 29
        },
        {
            "text": "OTT APPROVALS",
            "box": [
                53,
                507,
                166,
                524
            ],
            "linking": [
                [
                    30,
                    0
                ],
                [
                    30,
                    1
                ],
                [
                    30,
                    2
                ]
            ],
            "label": "title",
            "words": [
                {
                    "text": "OTT",
                    "box": [
                        53,
                        510,
                        88,
                        522
                    ]
                },
                {
                    "text": "APPROVALS",
                    "box": [
                        90,
                        507,
                        166,
                        524
                    ]
                }
            ],
            "id": 30
        },
        {
            "text": "LKelly ",
            "box": [
                95,
                537,
                180,
                600
            ],
            "linking": [
                [
                    0,
                    31
                ]
            ],
            "label": "answer",
            "words": [
                {
                    "text": "LKelly",
                    "box": [
                        95,
                        537,
                        180,
                        575
                    ]
                },
                {
                    "text": "",
                    "box": [
                        113,
                        570,
                        146,
                        600
                    ]
                }
            ],
            "id": 31
        },
        {
            "text": "production AE",
            "box": [
                326,
                540,
                436,
                582
            ],
            "linking": [
                [
                    1,
                    32
                ]
            ],
            "label": "answer",
            "words": [
                {
                    "text": "production",
                    "box": [
                        326,
                        540,
                        436,
                        560
                    ]
                },
                {
                    "text": "AE",
                    "box": [
                        349,
                        560,
                        379,
                        582
                    ]
                }
            ],
            "id": 32
        },
        {
            "text": "10/22/98 10/22/98",
            "box": [
                517,
                533,
                609,
                578
            ],
            "linking": [
                [
                    2,
                    33
                ]
            ],
            "label": "answer",
            "words": [
                {
                    "text": "10/22/98",
                    "box": [
                        528,
                        533,
                        609,
                        555
                    ]
                },
                {
                    "text": "10/22/98",
                    "box": [
                        517,
                        560,
                        608,
                        578
                    ]
                }
            ],
            "id": 33
        },
        {
            "text": "B&W APPROVALS",
            "box": [
                56,
                663,
                175,
                677
            ],
            "linking": [
                [
                    34,
                    5
                ],
                [
                    34,
                    4
                ],
                [
                    34,
                    3
                ]
            ],
            "label": "title",
            "words": [
                {
                    "text": "B&W",
                    "box": [
                        56,
                        664,
                        94,
                        677
                    ]
                },
                {
                    "text": "APPROVALS",
                    "box": [
                        95,
                        663,
                        175,
                        676
                    ]
                }
            ],
            "id": 34
        },
        {
            "text": "DATE COMPLETE",
            "box": [
                324,
                812,
                435,
                830
            ],
            "linking": [],
            "label": "question",
            "words": [
                {
                    "text": "DATE",
                    "box": [
                        324,
                        817,
                        361,
                        830
                    ]
                },
                {
                    "text": "COMPLETE",
                    "box": [
                        364,
                        812,
                        435,
                        829
                    ]
                }
            ],
            "id": 35
        },
        {
            "text": "REVISIONS APPROVED",
            "box": [
                520,
                811,
                671,
                825
            ],
            "linking": [],
            "label": "question",
            "words": [
                {
                    "text": "REVISIONS",
                    "box": [
                        520,
                        812,
                        593,
                        825
                    ]
                },
                {
                    "text": "APPROVED",
                    "box": [
                        595,
                        811,
                        671,
                        824
                    ]
                }
            ],
            "id": 36
        },
        {
            "text": "176103236 PRODUCED FROM B&W WEB SITE",
            "box": [
                0,
                953,
                231,
                984
            ],
            "linking": [],
            "label": "other",
            "words": [
                {
                    "text": "176103236",
                    "box": [
                        0,
                        953,
                        83,
                        966
                    ]
                },
                {
                    "text": "PRODUCED",
                    "box": [
                        0,
                        968,
                        73,
                        980
                    ]
                },
                {
                    "text": "FROM",
                    "box": [
                        78,
                        970,
                        118,
                        980
                    ]
                },
                {
                    "text": "B&W",
                    "box": [
                        121,
                        967,
                        153,
                        984
                    ]
                },
                {
                    "text": "WEB",
                    "box": [
                        159,
                        965,
                        187,
                        983
                    ]
                },
                {
                    "text": "SITE",
                    "box": [
                        193,
                        967,
                        231,
                        984
                    ]
                }
            ],
            "id": 37
        }
    ]
}