{
    "form": [
        {
            "box": [
                309,
                74,
                372,
                94
            ],
            "text": "Home",
            "label": "title",
            "words": [
                {
                    "box": [
                        309,
                        74,
                        372,
                        94
                    ],
                    "text": "Home"
                }
            ],
            "linking": [],
            "id": 0
        },
        {
            "box": [
                378,
                70,
                442,
                91
            ],
            "text": "Office",
            "label": "title",
            "words": [
                {
                    "box": [
                        378,
                        70,
                        442,
                        91
                    ],
                    "text": "Office"
                }
            ],
            "linking": [],
            "id": 1
        },
        {
            "box": [
                450,
                67,
                520,
                89
            ],
            "text": "Check",
            "label": "title",
            "words": [
                {
                    "box": [
                        450,
                        67,
                        520,
                        89
                    ],
                    "text": "Check"
                }
            ],
            "linking": [],
            "id": 2
        },
        {
            "box": [
                134,
                122,
                165,
                132
            ],
            "text": "20182",
            "label": "answer",
            "words": [
                {
                    "box": [
                        134,
                        122,
                        165,
                        132
                    ],
                    "text": "20182"
                }
            ],
            "linking": [
                [
                    91,
                    3
                ]
            ],
            "id": 3
        },
        {
            "box": [
                166,
                77,
                260,
                101
            ],
            "text": "Request",
            "label": "title",
            "words": [
                {
                    "box": [
                        166,
                        77,
                        260,
                        101
                    ],
                    "text": "Request"
                }
            ],
            "linking": [],
            "id": 4
        },
        {
            "box": [
                67,
                198,
                109,
                206
            ],
            "text": "Attention:",
            "label": "question",
            "words": [
                {
                    "box": [
                        67,
                        198,
                        109,
                        206
                    ],
                    "text": "Attention:"
                }
            ],
            "linking": [
                [
                    5,
                    87
                ]
            ],
            "id": 5
        },
        {
            "box": [
                66,
                212,
                108,
                222
            ],
            "text": "Address:",
            "label": "question",
            "words": [
                {
                    "box": [
                        66,
                        212,
                        108,
                        222
                    ],
                    "text": "Address:"
                }
            ],
            "linking": [
                [
                    6,
                    88
                ]
            ],
            "id": 6
        },
        {
            "box": [
                584,
                180,
                601,
                190
            ],
            "text": "No",
            "label": "answer",
            "words": [
                {
                    "box": [
                        584,
                        180,
                        601,
                        190
                    ],
                    "text": "No"
                }
            ],
            "linking": [
                [
                    89,
                    7
                ]
            ],
            "id": 7
        },
        {
            "box": [
                137,
                239,
                154,
                249
            ],
            "text": "City",
            "label": "question",
            "words": [
                {
                    "box": [
                        137,
                        239,
                        154,
                        249
                    ],
                    "text": "City"
                }
            ],
            "linking": [],
            "id": 8
        },
        {
            "box": [
                302,
                232,
                323,
                242
            ],
            "text": "State",
            "label": "question",
            "words": [
                {
                    "box": [
                        302,
                        232,
                        323,
                        242
                    ],
                    "text": "State"
                }
            ],
            "linking": [],
            "id": 9
        },
        {
            "box": [
                309,
                216,
                327,
                227
            ],
            "text": "CA",
            "label": "other",
            "words": [
                {
                    "box": [
                        309,
                        216,
                        327,
                        227
                    ],
                    "text": "CA"
                }
            ],
            "linking": [],
            "id": 10
        },
        {
            "box": [
                419,
                214,
                448,
                225
            ],
            "text": "94080",
            "label": "other",
            "words": [
                {
                    "box": [
                        419,
                        214,
                        448,
                        225
                    ],
                    "text": "94080"
                }
            ],
            "linking": [],
            "id": 11
        },
        {
            "box": [
                346,
                289,
                366,
                299
            ],
            "text": "OR",
            "label": "other",
            "words": [
                {
                    "box": [
                        346,
                        289,
                        366,
                        299
                    ],
                    "text": "OR"
                }
            ],
            "linking": [],
            "id": 12
        },
        {
            "box": [
                372,
                377,
                410,
                388
            ],
            "text": "Quantity",
            "label": "question",
            "words": [
                {
                    "box": [
                        372,
                        377,
                        410,
                        388
                    ],
                    "text": "Quantity"
                }
            ],
            "linking": [
                [
                    13,
                    80
                ],
                [
                    13,
                    66
                ]
            ],
            "id": 13
        },
        {
            "box": [
                439,
                373,
                466,
                386
            ],
            "text": "Units",
            "label": "question",
            "words": [
                {
                    "box": [
                        439,
                        373,
                        466,
                        386
                    ],
                    "text": "Units"
                }
            ],
            "linking": [
                [
                    14,
                    21
                ],
                [
                    14,
                    20
                ]
            ],
            "id": 14
        },
        {
            "box": [
                574,
                369,
                610,
                380
            ],
            "text": "Amount",
            "label": "question",
            "words": [
                {
                    "box": [
                        574,
                        369,
                        610,
                        380
                    ],
                    "text": "Amount"
                }
            ],
            "linking": [
                [
                    15,
                    78
                ],
                [
                    15,
                    64
                ]
            ],
            "id": 15
        },
        {
            "box": [
                254,
                395,
                272,
                406
            ],
            "text": "288",
            "label": "answer",
            "words": [
                {
                    "box": [
                        254,
                        395,
                        272,
                        406
                    ],
                    "text": "288"
                }
            ],
            "linking": [
                [
                    75,
                    16
                ]
            ],
            "id": 16
        },
        {
            "box": [
                258,
                468,
                275,
                479
            ],
            "text": "296",
            "label": "answer",
            "words": [
                {
                    "box": [
                        258,
                        468,
                        275,
                        479
                    ],
                    "text": "296"
                }
            ],
            "linking": [
                [
                    75,
                    17
                ]
            ],
            "id": 17
        },
        {
            "box": [
                318,
                392,
                336,
                403
            ],
            "text": "725",
            "label": "answer",
            "words": [
                {
                    "box": [
                        318,
                        392,
                        336,
                        403
                    ],
                    "text": "725"
                }
            ],
            "linking": [
                [
                    76,
                    18
                ]
            ],
            "id": 18
        },
        {
            "box": [
                318,
                465,
                339,
                478
            ],
            "text": "725",
            "label": "answer",
            "words": [
                {
                    "box": [
                        318,
                        465,
                        339,
                        478
                    ],
                    "text": "725"
                }
            ],
            "linking": [
                [
                    76,
                    19
                ]
            ],
            "id": 19
        },
        {
            "box": [
                441,
                461,
                468,
                472
            ],
            "text": "CTNS",
            "label": "answer",
            "words": [
                {
                    "box": [
                        441,
                        461,
                        468,
                        472
                    ],
                    "text": "CTNS"
                }
            ],
            "linking": [
                [
                    14,
                    20
                ]
            ],
            "id": 20
        },
        {
            "box": [
                440,
                390,
                468,
                400
            ],
            "text": "CTNS",
            "label": "answer",
            "words": [
                {
                    "box": [
                        440,
                        390,
                        468,
                        400
                    ],
                    "text": "CTNS"
                }
            ],
            "linking": [
                [
                    14,
                    21
                ]
            ],
            "id": 21
        },
        {
            "box": [
                366,
                552,
                384,
                565
            ],
            "text": "Date",
            "label": "question",
            "words": [
                {
                    "box": [
                        366,
                        552,
                        384,
                        565
                    ],
                    "text": "Date"
                }
            ],
            "linking": [
                [
                    22,
                    60
                ]
            ],
            "id": 22
        },
        {
            "box": [
                441,
                566,
                479,
                577
            ],
            "text": "39A00A",
            "label": "answer",
            "words": [
                {
                    "box": [
                        441,
                        566,
                        479,
                        577
                    ],
                    "text": "39A00A"
                }
            ],
            "linking": [
                [
                    61,
                    23
                ]
            ],
            "id": 23
        },
        {
            "box": [
                511,
                563,
                535,
                574
            ],
            "text": "0607",
            "label": "other",
            "words": [
                {
                    "box": [
                        511,
                        563,
                        535,
                        574
                    ],
                    "text": "0607"
                }
            ],
            "linking": [],
            "id": 24
        },
        {
            "box": [
                554,
                543,
                578,
                553
            ],
            "text": "ID#",
            "label": "question",
            "words": [
                {
                    "box": [
                        554,
                        543,
                        578,
                        553
                    ],
                    "text": "ID#"
                }
            ],
            "linking": [],
            "id": 25
        },
        {
            "box": [
                80,
                613,
                129,
                623
            ],
            "text": "Verification",
            "label": "question",
            "words": [
                {
                    "box": [
                        80,
                        613,
                        129,
                        623
                    ],
                    "text": "Verification"
                }
            ],
            "linking": [],
            "id": 26
        },
        {
            "box": [
                80,
                628,
                100,
                638
            ],
            "text": "Ref",
            "label": "question",
            "words": [
                {
                    "box": [
                        80,
                        628,
                        100,
                        638
                    ],
                    "text": "Ref"
                }
            ],
            "linking": [],
            "id": 27
        },
        {
            "box": [
                302,
                603,
                326,
                617
            ],
            "text": "Date",
            "label": "question",
            "words": [
                {
                    "box": [
                        302,
                        603,
                        326,
                        617
                    ],
                    "text": "Date"
                }
            ],
            "linking": [
                [
                    28,
                    30
                ]
            ],
            "id": 28
        },
        {
            "box": [
                366,
                602,
                405,
                613
            ],
            "text": "Vendor#",
            "label": "question",
            "words": [
                {
                    "box": [
                        366,
                        602,
                        405,
                        613
                    ],
                    "text": "Vendor#"
                }
            ],
            "linking": [
                [
                    29,
                    55
                ]
            ],
            "id": 29
        },
        {
            "box": [
                303,
                620,
                341,
                630
            ],
            "text": "Check#",
            "label": "answer",
            "words": [
                {
                    "box": [
                        303,
                        620,
                        341,
                        630
                    ],
                    "text": "Check#"
                }
            ],
            "linking": [
                [
                    28,
                    30
                ]
            ],
            "id": 30
        },
        {
            "box": [
                246,
                651,
                298,
                662
            ],
            "text": "Description",
            "label": "question",
            "words": [
                {
                    "box": [
                        246,
                        651,
                        298,
                        662
                    ],
                    "text": "Description"
                }
            ],
            "linking": [],
            "id": 31
        },
        {
            "box": [
                313,
                648,
                358,
                661
            ],
            "text": "Account#",
            "label": "question",
            "words": [
                {
                    "box": [
                        313,
                        648,
                        358,
                        661
                    ],
                    "text": "Account#"
                }
            ],
            "linking": [],
            "id": 32
        },
        {
            "box": [
                373,
                645,
                425,
                656
            ],
            "text": "Department",
            "label": "question",
            "words": [
                {
                    "box": [
                        373,
                        645,
                        425,
                        656
                    ],
                    "text": "Department"
                }
            ],
            "linking": [],
            "id": 33
        },
        {
            "box": [
                443,
                644,
                482,
                654
            ],
            "text": "Product",
            "label": "question",
            "words": [
                {
                    "box": [
                        443,
                        644,
                        482,
                        654
                    ],
                    "text": "Product"
                }
            ],
            "linking": [],
            "id": 34
        },
        {
            "box": [
                580,
                637,
                616,
                648
            ],
            "text": "Amount",
            "label": "question",
            "words": [
                {
                    "box": [
                        580,
                        637,
                        616,
                        648
                    ],
                    "text": "Amount"
                }
            ],
            "linking": [],
            "id": 35
        },
        {
            "box": [
                244,
                795,
                268,
                805
            ],
            "text": "Date:",
            "label": "question",
            "words": [
                {
                    "box": [
                        244,
                        795,
                        268,
                        805
                    ],
                    "text": "Date:"
                }
            ],
            "linking": [],
            "id": 36
        },
        {
            "box": [
                489,
                784,
                521,
                797
            ],
            "text": "00000",
            "label": "answer",
            "words": [
                {
                    "box": [
                        489,
                        784,
                        521,
                        797
                    ],
                    "text": "00000"
                }
            ],
            "linking": [
                [
                    47,
                    37
                ]
            ],
            "id": 37
        },
        {
            "box": [
                493,
                802,
                522,
                812
            ],
            "text": "Check",
            "label": "answer",
            "words": [
                {
                    "box": [
                        493,
                        802,
                        522,
                        812
                    ],
                    "text": "Check"
                }
            ],
            "linking": [
                [
                    48,
                    38
                ]
            ],
            "id": 38
        },
        {
            "box": [
                503,
                816,
                517,
                827
            ],
            "text": "Y",
            "label": "answer",
            "words": [
                {
                    "box": [
                        503,
                        816,
                        517,
                        827
                    ],
                    "text": "Y"
                }
            ],
            "linking": [
                [
                    49,
                    39
                ]
            ],
            "id": 39
        },
        {
            "box": [
                570,
                811,
                581,
                824
            ],
            "text": "N",
            "label": "other",
            "words": [
                {
                    "box": [
                        570,
                        811,
                        581,
                        824
                    ],
                    "text": "N"
                }
            ],
            "linking": [],
            "id": 40
        },
        {
            "box": [
                85,
                844,
                138,
                855
            ],
            "text": "Distribution:",
            "label": "question",
            "words": [
                {
                    "box": [
                        85,
                        844,
                        138,
                        855
                    ],
                    "text": "Distribution:"
                }
            ],
            "linking": [
                [
                    41,
                    46
                ]
            ],
            "id": 41
        },
        {
            "box": [
                265,
                74,
                303,
                96
            ],
            "text": "For",
            "label": "title",
            "words": [
                {
                    "box": [
                        265,
                        74,
                        303,
                        96
                    ],
                    "text": "For"
                }
            ],
            "linking": [],
            "id": 42
        },
        {
            "text": "425 481 31 46 PAGE 02",
            "box": [
                468,
                897,
                645,
                913
            ],
            "linking": [],
            "label": "other",
            "words": [
                {
                    "text": "425",
                    "box": [
                        468,
                        898,
                        489,
                        913
                    ]
                },
                {
                    "text": "481",
                    "box": [
                        496,
                        898,
                        516,
                        912
                    ]
                },
                {
                    "text": "31",
                    "box": [
                        521,
                        898,
                        535,
                        912
                    ]
                },
                {
                    "text": "46",
                    "box": [
                        535,
                        898,
                        552,
                        912
                    ]
                },
                {
                    "text": "PAGE",
                    "box": [
                        592,
                        898,
                        626,
                        909
                    ]
                },
                {
                    "text": "02",
                    "box": [
                        627,
                        897,
                        645,
                        911
                    ]
                }
            ],
            "id": 43
        },
        {
            "text": "210180429 PRODUCED FROM B & W WEB SITE",
            "box": [
                0,
                954,
                231,
                986
            ],
            "linking": [],
            "label": "other",
            "words": [
                {
                    "text": "210180429",
                    "box": [
                        1,
                        954,
                        81,
                        964
                    ]
                },
                {
                    "text": "PRODUCED",
                    "box": [
                        0,
                        969,
                        68,
                        984
                    ]
                },
                {
                    "text": "FROM",
                    "box": [
                        81,
                        966,
                        115,
                        986
                    ]
                },
                {
                    "text": "B",
                    "box": [
                        120,
                        969,
                        133,
                        980
                    ]
                },
                {
                    "text": "&",
                    "box": [
                        133,
                        968,
                        141,
                        982
                    ]
                },
                {
                    "text": "W",
                    "box": [
                        140,
                        968,
                        154,
                        982
                    ]
                },
                {
                    "text": "WEB",
                    "box": [
                        158,
                        969,
                        189,
                        982
                    ]
                },
                {
                    "text": "SITE",
                    "box": [
                        193,
                        966,
                        231,
                        981
                    ]
                }
            ],
            "id": 44
        },
        {
            "text": "MAR 24 1999 16: 16",
            "box": [
                66,
                906,
                181,
                923
            ],
            "linking": [],
            "label": "other",
            "words": [
                {
                    "text": "MAR",
                    "box": [
                        66,
                        908,
                        93,
                        921
                    ]
                },
                {
                    "text": "24",
                    "box": [
                        96,
                        908,
                        121,
                        923
                    ]
                },
                {
                    "text": "1999",
                    "box": [
                        122,
                        908,
                        143,
                        923
                    ]
                },
                {
                    "text": "16:",
                    "box": [
                        148,
                        908,
                        166,
                        919
                    ]
                },
                {
                    "text": "16",
                    "box": [
                        166,
                        906,
                        181,
                        919
                    ]
                }
            ],
            "id": 45
        },
        {
            "text": "Fax to Field Payments at (502) 588- 7826",
            "box": [
                142,
                837,
                317,
                855
            ],
            "linking": [
                [
                    41,
                    46
                ]
            ],
            "label": "answer",
            "words": [
                {
                    "text": "Fax",
                    "box": [
                        142,
                        839,
                        157,
                        853
                    ]
                },
                {
                    "text": "to",
                    "box": [
                        159,
                        841,
                        170,
                        855
                    ]
                },
                {
                    "text": "Field",
                    "box": [
                        170,
                        841,
                        194,
                        852
                    ]
                },
                {
                    "text": "Payments",
                    "box": [
                        196,
                        841,
                        239,
                        851
                    ]
                },
                {
                    "text": "at",
                    "box": [
                        239,
                        839,
                        250,
                        849
                    ]
                },
                {
                    "text": "(502)",
                    "box": [
                        250,
                        838,
                        275,
                        852
                    ]
                },
                {
                    "text": "588-",
                    "box": [
                        275,
                        838,
                        295,
                        851
                    ]
                },
                {
                    "text": "7826",
                    "box": [
                        295,
                        837,
                        317,
                        850
                    ]
                }
            ],
            "id": 46
        },
        {
            "text": "Pay Terms",
            "box": [
                433,
                788,
                489,
                801
            ],
            "linking": [
                [
                    47,
                    37
                ]
            ],
            "label": "question",
            "words": [
                {
                    "text": "Pay",
                    "box": [
                        433,
                        788,
                        453,
                        799
                    ]
                },
                {
                    "text": "Terms",
                    "box": [
                        453,
                        788,
                        489,
                        801
                    ]
                }
            ],
            "id": 47
        },
        {
            "text": "Pay Method",
            "box": [
                433,
                800,
                494,
                816
            ],
            "linking": [
                [
                    48,
                    38
                ]
            ],
            "label": "question",
            "words": [
                {
                    "text": "Pay",
                    "box": [
                        433,
                        802,
                        451,
                        816
                    ]
                },
                {
                    "text": "Method",
                    "box": [
                        453,
                        800,
                        494,
                        815
                    ]
                }
            ],
            "id": 48
        },
        {
            "text": "Separate Pay-",
            "box": [
                433,
                817,
                500,
                828
            ],
            "linking": [
                [
                    49,
                    39
                ]
            ],
            "label": "question",
            "words": [
                {
                    "text": "Separate",
                    "box": [
                        433,
                        817,
                        474,
                        827
                    ]
                },
                {
                    "text": "Pay-",
                    "box": [
                        473,
                        817,
                        500,
                        828
                    ]
                }
            ],
            "id": 49
        },
        {
            "text": "Prepared By:",
            "box": [
                307,
                793,
                363,
                803
            ],
            "linking": [],
            "label": "question",
            "words": [
                {
                    "text": "Prepared",
                    "box": [
                        307,
                        793,
                        348,
                        803
                    ]
                },
                {
                    "text": "By:",
                    "box": [
                        349,
                        793,
                        363,
                        803
                    ]
                }
            ],
            "id": 50
        },
        {
            "text": "Voucher Approval:",
            "box": [
                84,
                799,
                166,
                810
            ],
            "linking": [],
            "label": "question",
            "words": [
                {
                    "text": "Voucher",
                    "box": [
                        84,
                        799,
                        122,
                        810
                    ]
                },
                {
                    "text": "Approval:",
                    "box": [
                        123,
                        799,
                        166,
                        810
                    ]
                }
            ],
            "id": 51
        },
        {
            "text": "Account Name",
            "box": [
                127,
                654,
                191,
                665
            ],
            "linking": [],
            "label": "question",
            "words": [
                {
                    "text": "Account",
                    "box": [
                        127,
                        654,
                        163,
                        665
                    ]
                },
                {
                    "text": "Name",
                    "box": [
                        166,
                        654,
                        191,
                        665
                    ]
                }
            ],
            "id": 52
        },
        {
            "text": "Business Unit",
            "box": [
                496,
                640,
                556,
                651
            ],
            "linking": [],
            "label": "question",
            "words": [
                {
                    "text": "Business",
                    "box": [
                        496,
                        640,
                        534,
                        651
                    ]
                },
                {
                    "text": "Unit",
                    "box": [
                        536,
                        640,
                        556,
                        650
                    ]
                }
            ],
            "id": 53
        },
        {
            "text": "Pay Handling",
            "box": [
                430,
                613,
                486,
                626
            ],
            "linking": [
                [
                    56,
                    54
                ]
            ],
            "label": "answer",
            "words": [
                {
                    "text": "Pay",
                    "box": [
                        430,
                        616,
                        445,
                        626
                    ]
                },
                {
                    "text": "Handling",
                    "box": [
                        450,
                        613,
                        486,
                        626
                    ]
                }
            ],
            "id": 54
        },
        {
            "text": "Check Date",
            "box": [
                366,
                616,
                416,
                627
            ],
            "linking": [
                [
                    29,
                    55
                ]
            ],
            "label": "answer",
            "words": [
                {
                    "text": "Check",
                    "box": [
                        366,
                        616,
                        394,
                        627
                    ]
                },
                {
                    "text": "Date",
                    "box": [
                        395,
                        616,
                        416,
                        627
                    ]
                }
            ],
            "id": 55
        },
        {
            "text": "Account Month",
            "box": [
                427,
                598,
                494,
                614
            ],
            "linking": [
                [
                    56,
                    54
                ]
            ],
            "label": "question",
            "words": [
                {
                    "text": "Account",
                    "box": [
                        427,
                        599,
                        466,
                        614
                    ]
                },
                {
                    "text": "Month",
                    "box": [
                        466,
                        598,
                        494,
                        612
                    ]
                }
            ],
            "id": 56
        },
        {
            "text": "Robert ",
            "box": [
                115,
                575,
                202,
                592
            ],
            "linking": [
                [
                    58,
                    57
                ]
            ],
            "label": "answer",
            "words": [
                {
                    "text": "Robert",
                    "box": [
                        115,
                        577,
                        146,
                        592
                    ]
                },
                {
                    "text": "",
                    "box": [
                        148,
                        575,
                        158,
                        590
                    ]
                },
                {
                    "text": "",
                    "box": [
                        159,
                        575,
                        202,
                        588
                    ]
                }
            ],
            "id": 57
        },
        {
            "text": "Requested By:",
            "box": [
                78,
                560,
                142,
                574
            ],
            "linking": [
                [
                    58,
                    57
                ]
            ],
            "label": "question",
            "words": [
                {
                    "text": "Requested",
                    "box": [
                        78,
                        561,
                        124,
                        574
                    ]
                },
                {
                    "text": "By:",
                    "box": [
                        127,
                        560,
                        142,
                        571
                    ]
                }
            ],
            "id": 58
        },
        {
            "text": "Robert E. Muhonin",
            "box": [
                237,
                553,
                317,
                566
            ],
            "linking": [],
            "label": "other",
            "words": [
                {
                    "text": "Robert",
                    "box": [
                        237,
                        557,
                        266,
                        565
                    ]
                },
                {
                    "text": "E.",
                    "box": [
                        268,
                        553,
                        276,
                        566
                    ]
                },
                {
                    "text": "Muhonin",
                    "box": [
                        281,
                        554,
                        317,
                        564
                    ]
                }
            ],
            "id": 59
        },
        {
            "text": "03/ 24/ 99",
            "box": [
                383,
                567,
                423,
                579
            ],
            "linking": [
                [
                    22,
                    60
                ]
            ],
            "label": "answer",
            "words": [
                {
                    "text": "03/",
                    "box": [
                        383,
                        568,
                        397,
                        579
                    ]
                },
                {
                    "text": "24/",
                    "box": [
                        397,
                        568,
                        412,
                        578
                    ]
                },
                {
                    "text": "99",
                    "box": [
                        412,
                        567,
                        423,
                        577
                    ]
                }
            ],
            "id": 60
        },
        {
            "text": "Dist/Asgmt C.F. #",
            "box": [
                427,
                546,
                521,
                560
            ],
            "linking": [
                [
                    61,
                    23
                ]
            ],
            "label": "question",
            "words": [
                {
                    "text": "Dist/Asgmt",
                    "box": [
                        427,
                        547,
                        477,
                        560
                    ]
                },
                {
                    "text": "",
                    "box": [
                        478,
                        547,
                        486,
                        558
                    ]
                },
                {
                    "text": "C.F.",
                    "box": [
                        492,
                        546,
                        510,
                        557
                    ]
                },
                {
                    "text": "#",
                    "box": [
                        510,
                        546,
                        521,
                        557
                    ]
                }
            ],
            "id": 61
        },
        {
            "text": "Check Total",
            "box": [
                490,
                500,
                546,
                514
            ],
            "linking": [],
            "label": "other",
            "words": [
                {
                    "text": "Check",
                    "box": [
                        490,
                        500,
                        518,
                        514
                    ]
                },
                {
                    "text": "Total",
                    "box": [
                        521,
                        500,
                        546,
                        513
                    ]
                }
            ],
            "id": 62
        },
        {
            "text": "$166 586 6060",
            "box": [
                575,
                496,
                633,
                511
            ],
            "linking": [],
            "label": "other",
            "words": [
                {
                    "text": "$166",
                    "box": [
                        575,
                        497,
                        600,
                        511
                    ]
                },
                {
                    "text": "586",
                    "box": [
                        601,
                        496,
                        619,
                        510
                    ]
                },
                {
                    "text": "6060",
                    "box": [
                        619,
                        497,
                        633,
                        510
                    ]
                }
            ],
            "id": 63
        },
        {
            "text": "$12 784 00",
            "box": [
                578,
                453,
                632,
                468
            ],
            "linking": [
                [
                    15,
                    64
                ]
            ],
            "label": "answer",
            "words": [
                {
                    "text": "$12",
                    "box": [
                        578,
                        453,
                        599,
                        468
                    ]
                },
                {
                    "text": "784",
                    "box": [
                        599,
                        454,
                        619,
                        468
                    ]
                },
                {
                    "text": "00",
                    "box": [
                        619,
                        453,
                        632,
                        467
                    ]
                }
            ],
            "id": 64
        },
        {
            "text": "$2 00",
            "box": [
                503,
                455,
                532,
                468
            ],
            "linking": [
                [
                    77,
                    65
                ]
            ],
            "label": "answer",
            "words": [
                {
                    "text": "$2",
                    "box": [
                        503,
                        455,
                        518,
                        468
                    ]
                },
                {
                    "text": "00",
                    "box": [
                        518,
                        455,
                        532,
                        468
                    ]
                }
            ],
            "id": 65
        },
        {
            "text": "6. 382",
            "box": [
                377,
                462,
                404,
                476
            ],
            "linking": [
                [
                    13,
                    66
                ]
            ],
            "label": "answer",
            "words": [
                {
                    "text": "6.",
                    "box": [
                        377,
                        465,
                        388,
                        475
                    ]
                },
                {
                    "text": "382",
                    "box": [
                        387,
                        462,
                        404,
                        476
                    ]
                }
            ],
            "id": 66
        },
        {
            "text": "March 15- 19, 1999",
            "box": [
                237,
                510,
                323,
                524
            ],
            "linking": [
                [
                    69,
                    67
                ]
            ],
            "label": "answer",
            "words": [
                {
                    "text": "March",
                    "box": [
                        237,
                        513,
                        264,
                        524
                    ]
                },
                {
                    "text": "15-",
                    "box": [
                        267,
                        510,
                        284,
                        521
                    ]
                },
                {
                    "text": "19,",
                    "box": [
                        285,
                        513,
                        300,
                        524
                    ]
                },
                {
                    "text": "1999",
                    "box": [
                        302,
                        510,
                        323,
                        521
                    ]
                }
            ],
            "id": 67
        },
        {
            "text": "Section 18 Narl Chain Walgreens",
            "box": [
                77,
                471,
                222,
                486
            ],
            "linking": [
                [
                    74,
                    68
                ]
            ],
            "label": "answer",
            "words": [
                {
                    "text": "Section",
                    "box": [
                        77,
                        475,
                        109,
                        485
                    ]
                },
                {
                    "text": "18",
                    "box": [
                        110,
                        473,
                        121,
                        484
                    ]
                },
                {
                    "text": "Narl",
                    "box": [
                        123,
                        471,
                        145,
                        485
                    ]
                },
                {
                    "text": "Chain",
                    "box": [
                        145,
                        471,
                        173,
                        485
                    ]
                },
                {
                    "text": "Walgreens",
                    "box": [
                        173,
                        471,
                        222,
                        486
                    ]
                }
            ],
            "id": 68
        },
        {
            "text": "Promo Dates",
            "box": [
                77,
                517,
                136,
                531
            ],
            "linking": [
                [
                    69,
                    67
                ]
            ],
            "label": "question",
            "words": [
                {
                    "text": "Promo",
                    "box": [
                        77,
                        518,
                        104,
                        531
                    ]
                },
                {
                    "text": "Dates",
                    "box": [
                        108,
                        517,
                        136,
                        528
                    ]
                }
            ],
            "id": 69
        },
        {
            "text": "Charge To Section:",
            "box": [
                77,
                531,
                164,
                545
            ],
            "linking": [
                [
                    70,
                    71
                ]
            ],
            "label": "question",
            "words": [
                {
                    "text": "Charge",
                    "box": [
                        77,
                        534,
                        112,
                        545
                    ]
                },
                {
                    "text": "To",
                    "box": [
                        115,
                        532,
                        128,
                        542
                    ]
                },
                {
                    "text": "Section:",
                    "box": [
                        128,
                        531,
                        164,
                        542
                    ]
                }
            ],
            "id": 70
        },
        {
            "text": "PER ATTACHED",
            "box": [
                170,
                527,
                247,
                541
            ],
            "linking": [
                [
                    70,
                    71
                ]
            ],
            "label": "answer",
            "words": [
                {
                    "text": "PER",
                    "box": [
                        170,
                        529,
                        191,
                        540
                    ]
                },
                {
                    "text": "ATTACHED",
                    "box": [
                        193,
                        527,
                        247,
                        541
                    ]
                }
            ],
            "id": 71
        },
        {
            "text": "SEE ATTACHED",
            "box": [
                85,
                429,
                161,
                440
            ],
            "linking": [
                [
                    74,
                    72
                ]
            ],
            "label": "answer",
            "words": [
                {
                    "text": "SEE",
                    "box": [
                        85,
                        429,
                        105,
                        440
                    ]
                },
                {
                    "text": "ATTACHED",
                    "box": [
                        108,
                        429,
                        161,
                        440
                    ]
                }
            ],
            "id": 72
        },
        {
            "text": "GPC BUYDOWN PROGRAMS",
            "box": [
                74,
                397,
                212,
                412
            ],
            "linking": [
                [
                    74,
                    73
                ]
            ],
            "label": "answer",
            "words": [
                {
                    "text": "GPC",
                    "box": [
                        74,
                        399,
                        95,
                        412
                    ]
                },
                {
                    "text": "BUYDOWN",
                    "box": [
                        96,
                        399,
                        150,
                        410
                    ]
                },
                {
                    "text": "PROGRAMS",
                    "box": [
                        152,
                        397,
                        212,
                        411
                    ]
                }
            ],
            "id": 73
        },
        {
            "text": "Promotion Name",
            "box": [
                127,
                372,
                172,
                397
            ],
            "linking": [
                [
                    74,
                    73
                ],
                [
                    74,
                    72
                ],
                [
                    74,
                    68
                ]
            ],
            "label": "question",
            "words": [
                {
                    "text": "Promotion",
                    "box": [
                        127,
                        372,
                        172,
                        380
                    ]
                },
                {
                    "text": "Name",
                    "box": [
                        138,
                        384,
                        166,
                        397
                    ]
                }
            ],
            "id": 74
        },
        {
            "text": "Promotion Number",
            "box": [
                239,
                366,
                285,
                389
            ],
            "linking": [
                [
                    75,
                    16
                ],
                [
                    75,
                    17
                ]
            ],
            "label": "question",
            "words": [
                {
                    "text": "Promotion",
                    "box": [
                        239,
                        366,
                        285,
                        376
                    ]
                },
                {
                    "text": "Number",
                    "box": [
                        244,
                        381,
                        280,
                        389
                    ]
                }
            ],
            "id": 75
        },
        {
            "text": "Promotion Code",
            "box": [
                303,
                365,
                350,
                389
            ],
            "linking": [
                [
                    76,
                    18
                ],
                [
                    76,
                    19
                ]
            ],
            "label": "question",
            "words": [
                {
                    "text": "Promotion",
                    "box": [
                        303,
                        365,
                        350,
                        375
                    ]
                },
                {
                    "text": "Code",
                    "box": [
                        313,
                        378,
                        340,
                        389
                    ]
                }
            ],
            "id": 76
        },
        {
            "text": "AVG Rate",
            "box": [
                493,
                370,
                539,
                382
            ],
            "linking": [
                [
                    77,
                    79
                ],
                [
                    77,
                    65
                ]
            ],
            "label": "question",
            "words": [
                {
                    "text": "AVG",
                    "box": [
                        493,
                        372,
                        515,
                        382
                    ]
                },
                {
                    "text": "Rate",
                    "box": [
                        518,
                        370,
                        539,
                        381
                    ]
                }
            ],
            "id": 77
        },
        {
            "text": "$143 922 80",
            "box": [
                573,
                381,
                627,
                394
            ],
            "linking": [
                [
                    15,
                    78
                ]
            ],
            "label": "answer",
            "words": [
                {
                    "text": "$143",
                    "box": [
                        573,
                        381,
                        597,
                        394
                    ]
                },
                {
                    "text": "922",
                    "box": [
                        596,
                        383,
                        616,
                        394
                    ]
                },
                {
                    "text": "80",
                    "box": [
                        616,
                        383,
                        627,
                        394
                    ]
                }
            ],
            "id": 78
        },
        {
            "text": "$2 84",
            "box": [
                501,
                384,
                528,
                397
            ],
            "linking": [
                [
                    77,
                    79
                ]
            ],
            "label": "answer",
            "words": [
                {
                    "text": "$2",
                    "box": [
                        501,
                        385,
                        515,
                        396
                    ]
                },
                {
                    "text": "84",
                    "box": [
                        515,
                        384,
                        528,
                        397
                    ]
                }
            ],
            "id": 79
        },
        {
            "text": "50, 759",
            "box": [
                373,
                390,
                405,
                402
            ],
            "linking": [
                [
                    13,
                    80
                ]
            ],
            "label": "answer",
            "words": [
                {
                    "text": "50,",
                    "box": [
                        373,
                        390,
                        386,
                        401
                    ]
                },
                {
                    "text": "759",
                    "box": [
                        387,
                        391,
                        405,
                        402
                    ]
                }
            ],
            "id": 80
        },
        {
            "text": "1099 name for number listed above proper name of egal as shown on IRS form (please print)",
            "box": [
                71,
                313,
                449,
                337
            ],
            "linking": [],
            "label": "other",
            "words": [
                {
                    "text": "1099",
                    "box": [
                        71,
                        328,
                        92,
                        336
                    ]
                },
                {
                    "text": "name",
                    "box": [
                        92,
                        327,
                        116,
                        337
                    ]
                },
                {
                    "text": "for",
                    "box": [
                        116,
                        325,
                        127,
                        336
                    ]
                },
                {
                    "text": "number",
                    "box": [
                        130,
                        323,
                        159,
                        336
                    ]
                },
                {
                    "text": "listed",
                    "box": [
                        159,
                        323,
                        180,
                        336
                    ]
                },
                {
                    "text": "above",
                    "box": [
                        180,
                        321,
                        208,
                        332
                    ]
                },
                {
                    "text": "proper",
                    "box": [
                        208,
                        321,
                        235,
                        334
                    ]
                },
                {
                    "text": "name",
                    "box": [
                        236,
                        323,
                        260,
                        333
                    ]
                },
                {
                    "text": "of",
                    "box": [
                        260,
                        321,
                        271,
                        331
                    ]
                },
                {
                    "text": "egal",
                    "box": [
                        271,
                        320,
                        291,
                        331
                    ]
                },
                {
                    "text": "",
                    "box": [
                        291,
                        320,
                        312,
                        331
                    ]
                },
                {
                    "text": "as",
                    "box": [
                        313,
                        321,
                        324,
                        328
                    ]
                },
                {
                    "text": "shown",
                    "box": [
                        325,
                        317,
                        349,
                        330
                    ]
                },
                {
                    "text": "on",
                    "box": [
                        349,
                        317,
                        362,
                        328
                    ]
                },
                {
                    "text": "IRS",
                    "box": [
                        362,
                        316,
                        377,
                        327
                    ]
                },
                {
                    "text": "form",
                    "box": [
                        378,
                        314,
                        398,
                        325
                    ]
                },
                {
                    "text": "(please",
                    "box": [
                        398,
                        314,
                        427,
                        327
                    ]
                },
                {
                    "text": "print)",
                    "box": [
                        427,
                        313,
                        449,
                        326
                    ]
                }
            ],
            "id": 81
        },
        {
            "text": "Enter Federal Employer Identification Number",
            "box": [
                68,
                281,
                244,
                297
            ],
            "linking": [],
            "label": "other",
            "words": [
                {
                    "text": "Enter",
                    "box": [
                        68,
                        286,
                        89,
                        294
                    ]
                },
                {
                    "text": "Federal",
                    "box": [
                        92,
                        284,
                        121,
                        297
                    ]
                },
                {
                    "text": "Employer",
                    "box": [
                        124,
                        284,
                        159,
                        294
                    ]
                },
                {
                    "text": "Identification",
                    "box": [
                        162,
                        284,
                        211,
                        294
                    ]
                },
                {
                    "text": "Number",
                    "box": [
                        212,
                        281,
                        244,
                        292
                    ]
                }
            ],
            "id": 82
        },
        {
            "text": "Social Security Number",
            "box": [
                418,
                271,
                510,
                284
            ],
            "linking": [],
            "label": "other",
            "words": [
                {
                    "text": "Social",
                    "box": [
                        418,
                        272,
                        443,
                        283
                    ]
                },
                {
                    "text": "Security",
                    "box": [
                        444,
                        271,
                        476,
                        284
                    ]
                },
                {
                    "text": "Number",
                    "box": [
                        478,
                        272,
                        510,
                        282
                    ]
                }
            ],
            "id": 83
        },
        {
            "text": "Please complete the following If checked \"NO\" for corporation above:",
            "box": [
                187,
                256,
                509,
                277
            ],
            "linking": [],
            "label": "question",
            "words": [
                {
                    "text": "Please",
                    "box": [
                        187,
                        264,
                        221,
                        277
                    ]
                },
                {
                    "text": "complete",
                    "box": [
                        223,
                        263,
                        264,
                        277
                    ]
                },
                {
                    "text": "the",
                    "box": [
                        265,
                        263,
                        283,
                        274
                    ]
                },
                {
                    "text": "following",
                    "box": [
                        285,
                        261,
                        327,
                        275
                    ]
                },
                {
                    "text": "If",
                    "box": [
                        327,
                        258,
                        338,
                        272
                    ]
                },
                {
                    "text": "checked",
                    "box": [
                        338,
                        258,
                        377,
                        272
                    ]
                },
                {
                    "text": "\"NO\"",
                    "box": [
                        377,
                        258,
                        404,
                        269
                    ]
                },
                {
                    "text": "for",
                    "box": [
                        405,
                        256,
                        419,
                        270
                    ]
                },
                {
                    "text": "corporation",
                    "box": [
                        420,
                        256,
                        474,
                        271
                    ]
                },
                {
                    "text": "above:",
                    "box": [
                        475,
                        256,
                        509,
                        269
                    ]
                }
            ],
            "id": 84
        },
        {
            "text": "Pay To:",
            "box": [
                67,
                182,
                105,
                195
            ],
            "linking": [
                [
                    85,
                    86
                ]
            ],
            "label": "question",
            "words": [
                {
                    "text": "Pay",
                    "box": [
                        67,
                        183,
                        84,
                        194
                    ]
                },
                {
                    "text": "To:",
                    "box": [
                        87,
                        182,
                        105,
                        195
                    ]
                }
            ],
            "id": 85
        },
        {
            "text": "COREMARK NTERNATIONAL",
            "box": [
                123,
                176,
                257,
                191
            ],
            "linking": [
                [
                    85,
                    86
                ]
            ],
            "label": "answer",
            "words": [
                {
                    "text": "COREMARK",
                    "box": [
                        123,
                        180,
                        180,
                        191
                    ]
                },
                {
                    "text": "NTERNATIONAL",
                    "box": [
                        182,
                        176,
                        257,
                        191
                    ]
                }
            ],
            "id": 86
        },
        {
            "text": "DAVID DRESSER",
            "box": [
                120,
                193,
                201,
                207
            ],
            "linking": [
                [
                    5,
                    87
                ]
            ],
            "label": "answer",
            "words": [
                {
                    "text": "DAVID",
                    "box": [
                        120,
                        194,
                        151,
                        205
                    ]
                },
                {
                    "text": "DRESSER",
                    "box": [
                        154,
                        193,
                        201,
                        207
                    ]
                }
            ],
            "id": 87
        },
        {
            "text": "395 DYSTER POINT BLVD SUITE 415 S. SAN FRANCISCO",
            "box": [
                117,
                204,
                290,
                235
            ],
            "linking": [
                [
                    6,
                    88
                ]
            ],
            "label": "answer",
            "words": [
                {
                    "text": "395",
                    "box": [
                        117,
                        208,
                        137,
                        221
                    ]
                },
                {
                    "text": "DYSTER",
                    "box": [
                        140,
                        208,
                        179,
                        221
                    ]
                },
                {
                    "text": "POINT",
                    "box": [
                        182,
                        208,
                        211,
                        218
                    ]
                },
                {
                    "text": "BLVD",
                    "box": [
                        214,
                        207,
                        239,
                        218
                    ]
                },
                {
                    "text": "SUITE",
                    "box": [
                        242,
                        205,
                        271,
                        216
                    ]
                },
                {
                    "text": "415",
                    "box": [
                        272,
                        204,
                        290,
                        215
                    ]
                },
                {
                    "text": "S.",
                    "box": [
                        124,
                        225,
                        132,
                        235
                    ]
                },
                {
                    "text": "SAN",
                    "box": [
                        135,
                        223,
                        156,
                        234
                    ]
                },
                {
                    "text": "FRANCISCO",
                    "box": [
                        159,
                        222,
                        219,
                        233
                    ]
                }
            ],
            "id": 88
        },
        {
            "text": "Is this a corporation",
            "box": [
                506,
                163,
                596,
                179
            ],
            "linking": [
                [
                    89,
                    90
                ],
                [
                    89,
                    7
                ]
            ],
            "label": "question",
            "words": [
                {
                    "text": "Is",
                    "box": [
                        506,
                        166,
                        516,
                        177
                    ]
                },
                {
                    "text": "this",
                    "box": [
                        517,
                        165,
                        534,
                        179
                    ]
                },
                {
                    "text": "a",
                    "box": [
                        535,
                        166,
                        541,
                        179
                    ]
                },
                {
                    "text": "corporation",
                    "box": [
                        542,
                        163,
                        596,
                        177
                    ]
                }
            ],
            "id": 89
        },
        {
            "text": "Yes X",
            "box": [
                511,
                180,
                531,
                206
            ],
            "linking": [
                [
                    89,
                    90
                ]
            ],
            "label": "answer",
            "words": [
                {
                    "text": "Yes",
                    "box": [
                        511,
                        180,
                        531,
                        193
                    ]
                },
                {
                    "text": "X",
                    "box": [
                        514,
                        196,
                        524,
                        206
                    ]
                }
            ],
            "id": 90
        },
        {
            "text": "Distributor No",
            "box": [
                64,
                120,
                129,
                136
            ],
            "linking": [
                [
                    91,
                    3
                ]
            ],
            "label": "question",
            "words": [
                {
                    "text": "Distributor",
                    "box": [
                        64,
                        122,
                        109,
                        136
                    ]
                },
                {
                    "text": "No",
                    "box": [
                        112,
                        120,
                        129,
                        134
                    ]
                }
            ],
            "id": 91
        },
        {
            "text": "Char No",
            "box": [
                66,
                137,
                109,
                151
            ],
            "linking": [],
            "label": "question",
            "words": [
                {
                    "text": "Char",
                    "box": [
                        66,
                        138,
                        90,
                        151
                    ]
                },
                {
                    "text": "No",
                    "box": [
                        92,
                        137,
                        109,
                        150
                    ]
                }
            ],
            "id": 92
        },
        {
            "text": "MAR- 24- 1999 14: 39",
            "box": [
                61,
                13,
                185,
                28
            ],
            "linking": [],
            "label": "other",
            "words": [
                {
                    "text": "MAR-",
                    "box": [
                        61,
                        14,
                        89,
                        28
                    ]
                },
                {
                    "text": "24-",
                    "box": [
                        89,
                        14,
                        107,
                        27
                    ]
                },
                {
                    "text": "1999",
                    "box": [
                        109,
                        14,
                        134,
                        25
                    ]
                },
                {
                    "text": "14:",
                    "box": [
                        147,
                        14,
                        165,
                        25
                    ]
                },
                {
                    "text": "39",
                    "box": [
                        168,
                        13,
                        185,
                        23
                    ]
                }
            ],
            "id": 93
        },
        {
            "text": "BROWN & WILL IMASON",
            "box": [
                239,
                8,
                360,
                22
            ],
            "linking": [],
            "label": "other",
            "words": [
                {
                    "text": "BROWN",
                    "box": [
                        239,
                        11,
                        273,
                        21
                    ]
                },
                {
                    "text": "&",
                    "box": [
                        277,
                        10,
                        285,
                        21
                    ]
                },
                {
                    "text": "WILL",
                    "box": [
                        292,
                        10,
                        319,
                        21
                    ]
                },
                {
                    "text": "IMASON",
                    "box": [
                        318,
                        8,
                        360,
                        22
                    ]
                }
            ],
            "id": 94
        },
        {
            "text": "Brown & Williamson Tobacco Corporation",
            "box": [
                237,
                54,
                397,
                70
            ],
            "linking": [],
            "label": "other",
            "words": [
                {
                    "text": "Brown",
                    "box": [
                        237,
                        59,
                        262,
                        69
                    ]
                },
                {
                    "text": "&",
                    "box": [
                        261,
                        59,
                        271,
                        70
                    ]
                },
                {
                    "text": "Williamson",
                    "box": [
                        270,
                        59,
                        316,
                        67
                    ]
                },
                {
                    "text": "Tobacco",
                    "box": [
                        316,
                        54,
                        350,
                        68
                    ]
                },
                {
                    "text": "Corporation",
                    "box": [
                        351,
                        54,
                        397,
                        65
                    ]
                }
            ],
            "id": 95
        },
        {
            "text": "(Records Retention:",
            "box": [
                64,
                64,
                134,
                75
            ],
            "linking": [
                [
                    96,
                    98
                ]
            ],
            "label": "question",
            "words": [
                {
                    "text": "(Records",
                    "box": [
                        64,
                        67,
                        96,
                        75
                    ]
                },
                {
                    "text": "Retention:",
                    "box": [
                        99,
                        64,
                        134,
                        75
                    ]
                }
            ],
            "id": 96
        },
        {
            "text": "",
            "box": [
                61,
                50,
                120,
                62
            ],
            "linking": [],
            "label": "other",
            "words": [
                {
                    "text": "",
                    "box": [
                        61,
                        50,
                        75,
                        60
                    ]
                },
                {
                    "text": "",
                    "box": [
                        75,
                        52,
                        95,
                        62
                    ]
                },
                {
                    "text": "",
                    "box": [
                        96,
                        50,
                        120,
                        61
                    ]
                }
            ],
            "id": 97
        },
        {
            "text": "30 days)",
            "box": [
                138,
                61,
                170,
                74
            ],
            "linking": [
                [
                    96,
                    98
                ]
            ],
            "label": "answer",
            "words": [
                {
                    "text": "30",
                    "box": [
                        138,
                        61,
                        148,
                        72
                    ]
                },
                {
                    "text": "days)",
                    "box": [
                        149,
                        64,
                        170,
                        74
                    ]
                }
            ],
            "id": 98
        },
        {
            "text": "Check Required ASAP/ PROMPT",
            "box": [
                304,
                115,
                397,
                141
            ],
            "linking": [],
            "label": "other",
            "words": [
                {
                    "text": "",
                    "box": [
                        304,
                        117,
                        325,
                        125
                    ]
                },
                {
                    "text": "Check",
                    "box": [
                        328,
                        116,
                        356,
                        127
                    ]
                },
                {
                    "text": "Required",
                    "box": [
                        358,
                        115,
                        397,
                        125
                    ]
                },
                {
                    "text": "ASAP/",
                    "box": [
                        318,
                        128,
                        350,
                        141
                    ]
                },
                {
                    "text": "PROMPT",
                    "box": [
                        352,
                        128,
                        394,
                        139
                    ]
                }
            ],
            "id": 99
        },
        {
            "text": "Mai Check To:",
            "box": [
                419,
                110,
                485,
                123
            ],
            "linking": [],
            "label": "question",
            "words": [
                {
                    "text": "Mai",
                    "box": [
                        419,
                        110,
                        439,
                        123
                    ]
                },
                {
                    "text": "Check",
                    "box": [
                        440,
                        112,
                        468,
                        122
                    ]
                },
                {
                    "text": "To:",
                    "box": [
                        468,
                        112,
                        485,
                        120
                    ]
                }
            ],
            "id": 100
        },
        {
            "text": "PLEASE OVERNIGHT to",
            "box": [
                486,
                105,
                600,
                121
            ],
            "linking": [],
            "label": "other",
            "words": [
                {
                    "text": "PLEASE",
                    "box": [
                        486,
                        110,
                        525,
                        121
                    ]
                },
                {
                    "text": "OVERNIGHT",
                    "box": [
                        525,
                        106,
                        585,
                        119
                    ]
                },
                {
                    "text": "to",
                    "box": [
                        587,
                        105,
                        600,
                        116
                    ]
                }
            ],
            "id": 101
        },
        {
            "text": "X Payee (Name)",
            "box": [
                510,
                122,
                604,
                149
            ],
            "linking": [],
            "label": "other",
            "words": [
                {
                    "text": "X",
                    "box": [
                        552,
                        123,
                        565,
                        136
                    ]
                },
                {
                    "text": "Payee",
                    "box": [
                        575,
                        122,
                        604,
                        135
                    ]
                },
                {
                    "text": "(Name)",
                    "box": [
                        510,
                        138,
                        538,
                        149
                    ]
                }
            ],
            "id": 102
        },
        {
            "text": "Zip Code",
            "box": [
                388,
                228,
                424,
                240
            ],
            "linking": [],
            "label": "question",
            "words": [
                {
                    "text": "Zip",
                    "box": [
                        388,
                        229,
                        401,
                        240
                    ]
                },
                {
                    "text": "Code",
                    "box": [
                        402,
                        228,
                        424,
                        239
                    ]
                }
            ],
            "id": 103
        }
    ]
}