{
    "form": [
        {
            "box": [
                67,
                112,
                92,
                125
            ],
            "text": "TO:",
            "label": "question",
            "words": [
                {
                    "box": [
                        67,
                        112,
                        92,
                        125
                    ],
                    "text": "TO:"
                }
            ],
            "linking": [
                [
                    0,
                    30
                ]
            ],
            "id": 0
        },
        {
            "box": [
                67,
                138,
                112,
                152
            ],
            "text": "FROM:",
            "label": "question",
            "words": [
                {
                    "box": [
                        67,
                        138,
                        112,
                        152
                    ],
                    "text": "FROM:"
                }
            ],
            "linking": [
                [
                    1,
                    31
                ]
            ],
            "id": 1
        },
        {
            "box": [
                303,
                413,
                362,
                427
            ],
            "text": "#CASES",
            "label": "title",
            "words": [
                {
                    "box": [
                        303,
                        413,
                        362,
                        427
                    ],
                    "text": "#CASES"
                }
            ],
            "linking": [
                [
                    2,
                    41
                ],
                [
                    2,
                    45
                ],
                [
                    2,
                    46
                ],
                [
                    2,
                    47
                ],
                [
                    2,
                    48
                ],
                [
                    2,
                    49
                ],
                [
                    2,
                    50
                ],
                [
                    2,
                    51
                ],
                [
                    2,
                    41
                ],
                [
                    2,
                    42
                ],
                [
                    2,
                    43
                ],
                [
                    2,
                    44
                ]
            ],
            "id": 2
        },
        {
            "box": [
                304,
                549,
                346,
                566
            ],
            "text": "ITEMS",
            "label": "title",
            "words": [
                {
                    "box": [
                        304,
                        549,
                        346,
                        566
                    ],
                    "text": "ITEMS"
                }
            ],
            "linking": [
                [
                    3,
                    54
                ],
                [
                    3,
                    56
                ],
                [
                    3,
                    57
                ]
            ],
            "id": 3
        },
        {
            "box": [
                609,
                108,
                659,
                123
            ],
            "text": "7/11/97",
            "label": "answer",
            "words": [
                {
                    "box": [
                        609,
                        108,
                        659,
                        123
                    ],
                    "text": "7/11/97"
                }
            ],
            "linking": [
                [
                    33,
                    4
                ]
            ],
            "id": 4
        },
        {
            "box": [
                221,
                434,
                249,
                454
            ],
            "text": "1",
            "label": "answer",
            "words": [
                {
                    "box": [
                        221,
                        434,
                        249,
                        454
                    ],
                    "text": "1"
                }
            ],
            "linking": [
                [
                    41,
                    5
                ]
            ],
            "id": 5
        },
        {
            "box": [
                221,
                454,
                246,
                465
            ],
            "text": "",
            "label": "answer",
            "words": [
                {
                    "box": [
                        221,
                        454,
                        246,
                        465
                    ],
                    "text": ""
                }
            ],
            "linking": [
                [
                    42,
                    6
                ]
            ],
            "id": 6
        },
        {
            "box": [
                223,
                468,
                247,
                482
            ],
            "text": "",
            "label": "answer",
            "words": [
                {
                    "box": [
                        223,
                        468,
                        247,
                        482
                    ],
                    "text": ""
                }
            ],
            "linking": [
                [
                    43,
                    7
                ]
            ],
            "id": 7
        },
        {
            "box": [
                612,
                451,
                647,
                472
            ],
            "text": "",
            "label": "answer",
            "words": [
                {
                    "box": [
                        612,
                        451,
                        647,
                        472
                    ],
                    "text": ""
                }
            ],
            "linking": [
                [
                    51,
                    8
                ]
            ],
            "id": 8
        },
        {
            "box": [
                426,
                598,
                506,
                618
            ],
            "text": "29-980-7",
            "label": "answer",
            "words": [
                {
                    "box": [
                        426,
                        598,
                        506,
                        618
                    ],
                    "text": "29-980-7"
                }
            ],
            "linking": [
                [
                    56,
                    9
                ],
                [
                    56,
                    9
                ]
            ],
            "id": 9
        },
        {
            "box": [
                547,
                577,
                578,
                592
            ],
            "text": "400",
            "label": "answer",
            "words": [
                {
                    "box": [
                        547,
                        577,
                        578,
                        592
                    ],
                    "text": "400"
                }
            ],
            "linking": [
                [
                    54,
                    10
                ],
                [
                    55,
                    10
                ]
            ],
            "id": 10
        },
        {
            "box": [
                549,
                608,
                576,
                619
            ],
            "text": "400",
            "label": "answer",
            "words": [
                {
                    "box": [
                        549,
                        608,
                        576,
                        619
                    ],
                    "text": "400"
                }
            ],
            "linking": [
                [
                    56,
                    11
                ],
                [
                    55,
                    11
                ]
            ],
            "id": 11
        },
        {
            "box": [
                553,
                628,
                577,
                639
            ],
            "text": "400",
            "label": "answer",
            "words": [
                {
                    "box": [
                        553,
                        628,
                        577,
                        639
                    ],
                    "text": "400"
                }
            ],
            "linking": [
                [
                    57,
                    12
                ],
                [
                    55,
                    12
                ]
            ],
            "id": 12
        },
        {
            "box": [
                608,
                595,
                640,
                616
            ],
            "text": "400",
            "label": "answer",
            "words": [
                {
                    "box": [
                        608,
                        595,
                        640,
                        616
                    ],
                    "text": "400"
                }
            ],
            "linking": [
                [
                    56,
                    13
                ],
                [
                    55,
                    13
                ]
            ],
            "id": 13
        },
        {
            "box": [
                415,
                813,
                471,
                830
            ],
            "text": "7/11/97",
            "label": "answer",
            "words": [
                {
                    "box": [
                        415,
                        813,
                        471,
                        830
                    ],
                    "text": "7/11/97"
                }
            ],
            "linking": [
                [
                    61,
                    14
                ]
            ],
            "id": 14
        },
        {
            "box": [
                324,
                742,
                408,
                762
            ],
            "text": "198-820-0003",
            "label": "answer",
            "words": [
                {
                    "box": [
                        324,
                        742,
                        408,
                        762
                    ],
                    "text": "198-820-0003"
                }
            ],
            "linking": [
                [
                    59,
                    15
                ]
            ],
            "id": 15
        },
        {
            "box": [
                50,
                923,
                109,
                938
            ],
            "text": "REQFORM",
            "label": "other",
            "words": [
                {
                    "box": [
                        50,
                        923,
                        109,
                        938
                    ],
                    "text": "REQFORM"
                }
            ],
            "linking": [],
            "id": 16
        },
        {
            "box": [
                672,
                792,
                694,
                900
            ],
            "text": "82254638",
            "label": "other",
            "words": [
                {
                    "box": [
                        672,
                        792,
                        694,
                        900
                    ],
                    "text": "82254638"
                }
            ],
            "linking": [],
            "id": 17
        },
        {
            "box": [
                651,
                923,
                698,
                938
            ],
            "text": "01/17/97",
            "label": "other",
            "words": [
                {
                    "box": [
                        651,
                        923,
                        698,
                        938
                    ],
                    "text": "01/17/97"
                }
            ],
            "linking": [],
            "id": 18
        },
        {
            "box": [
                504,
                239,
                581,
                264
            ],
            "text": "Attendence",
            "label": "other",
            "words": [
                {
                    "box": [
                        504,
                        239,
                        581,
                        264
                    ],
                    "text": "Attendence"
                }
            ],
            "linking": [],
            "id": 19
        },
        {
            "box": [
                486,
                282,
                513,
                299
            ],
            "text": "140",
            "label": "other",
            "words": [
                {
                    "box": [
                        486,
                        282,
                        513,
                        299
                    ],
                    "text": "140"
                }
            ],
            "linking": [],
            "id": 20
        },
        {
            "box": [
                482,
                339,
                513,
                356
            ],
            "text": "250",
            "label": "other",
            "words": [
                {
                    "box": [
                        482,
                        339,
                        513,
                        356
                    ],
                    "text": "250"
                }
            ],
            "linking": [],
            "id": 21
        },
        {
            "box": [
                352,
                381,
                503,
                423
            ],
            "text": "",
            "label": "other",
            "words": [
                {
                    "box": [
                        352,
                        381,
                        503,
                        423
                    ],
                    "text": ""
                }
            ],
            "linking": [],
            "id": 22
        },
        {
            "box": [
                219,
                483,
                246,
                494
            ],
            "text": "",
            "label": "other",
            "words": [
                {
                    "box": [
                        219,
                        483,
                        246,
                        494
                    ],
                    "text": ""
                }
            ],
            "linking": [],
            "id": 23
        },
        {
            "box": [
                413,
                494,
                445,
                508
            ],
            "text": "",
            "label": "other",
            "words": [
                {
                    "box": [
                        413,
                        494,
                        445,
                        508
                    ],
                    "text": ""
                }
            ],
            "linking": [],
            "id": 24
        },
        {
            "box": [
                415,
                468,
                447,
                479
            ],
            "text": "",
            "label": "other",
            "words": [
                {
                    "box": [
                        415,
                        468,
                        447,
                        479
                    ],
                    "text": ""
                }
            ],
            "linking": [],
            "id": 25
        },
        {
            "box": [
                608,
                437,
                646,
                451
            ],
            "text": "",
            "label": "other",
            "words": [
                {
                    "box": [
                        608,
                        437,
                        646,
                        451
                    ],
                    "text": ""
                }
            ],
            "linking": [],
            "id": 26
        },
        {
            "box": [
                363,
                127,
                480,
                151
            ],
            "text": "(314)739-8090",
            "label": "other",
            "words": [
                {
                    "box": [
                        363,
                        127,
                        480,
                        151
                    ],
                    "text": "(314)739-8090"
                }
            ],
            "linking": [],
            "id": 27
        },
        {
            "box": [
                415,
                439,
                449,
                452
            ],
            "text": "",
            "label": "other",
            "words": [
                {
                    "box": [
                        415,
                        439,
                        449,
                        452
                    ],
                    "text": ""
                }
            ],
            "linking": [],
            "id": 28
        },
        {
            "text": "DIV. NAME/ NO:",
            "box": [
                68,
                165,
                171,
                179
            ],
            "linking": [
                [
                    29,
                    32
                ]
            ],
            "label": "question",
            "words": [
                {
                    "text": "DIV.",
                    "box": [
                        68,
                        165,
                        97,
                        178
                    ]
                },
                {
                    "text": "NAME/",
                    "box": [
                        99,
                        166,
                        146,
                        177
                    ]
                },
                {
                    "text": "NO:",
                    "box": [
                        147,
                        166,
                        171,
                        179
                    ]
                }
            ],
            "id": 29
        },
        {
            "text": "SAM ZOLOT",
            "box": [
                207,
                110,
                275,
                125
            ],
            "linking": [
                [
                    0,
                    30
                ]
            ],
            "label": "answer",
            "words": [
                {
                    "text": "SAM",
                    "box": [
                        207,
                        110,
                        234,
                        125
                    ]
                },
                {
                    "text": "ZOLOT",
                    "box": [
                        236,
                        110,
                        275,
                        124
                    ]
                }
            ],
            "id": 30
        },
        {
            "text": "W. R. KNIGHT - MCA",
            "box": [
                211,
                137,
                342,
                154
            ],
            "linking": [
                [
                    1,
                    31
                ]
            ],
            "label": "answer",
            "words": [
                {
                    "text": "W.",
                    "box": [
                        211,
                        138,
                        228,
                        149
                    ]
                },
                {
                    "text": "R.",
                    "box": [
                        232,
                        137,
                        246,
                        151
                    ]
                },
                {
                    "text": "KNIGHT",
                    "box": [
                        254,
                        137,
                        297,
                        154
                    ]
                },
                {
                    "text": "-",
                    "box": [
                        302,
                        141,
                        313,
                        149
                    ]
                },
                {
                    "text": "MCA",
                    "box": [
                        318,
                        137,
                        342,
                        151
                    ]
                }
            ],
            "id": 31
        },
        {
            "text": "ST. LOUIS, MO",
            "box": [
                211,
                163,
                306,
                180
            ],
            "linking": [
                [
                    29,
                    32
                ]
            ],
            "label": "answer",
            "words": [
                {
                    "text": "ST.",
                    "box": [
                        211,
                        166,
                        235,
                        180
                    ]
                },
                {
                    "text": "LOUIS,",
                    "box": [
                        239,
                        163,
                        282,
                        178
                    ]
                },
                {
                    "text": "MO",
                    "box": [
                        286,
                        165,
                        306,
                        179
                    ]
                }
            ],
            "id": 32
        },
        {
            "text": "DATE TO CORP:",
            "box": [
                499,
                109,
                595,
                125
            ],
            "linking": [
                [
                    33,
                    4
                ]
            ],
            "label": "question",
            "words": [
                {
                    "text": "DATE",
                    "box": [
                        499,
                        110,
                        534,
                        124
                    ]
                },
                {
                    "text": "TO",
                    "box": [
                        535,
                        112,
                        553,
                        125
                    ]
                },
                {
                    "text": "CORP:",
                    "box": [
                        559,
                        109,
                        595,
                        123
                    ]
                }
            ],
            "id": 33
        },
        {
            "text": "1997 SPECIAL EVENT REQUEST FORM",
            "box": [
                254,
                218,
                488,
                234
            ],
            "linking": [],
            "label": "title",
            "words": [
                {
                    "text": "1997",
                    "box": [
                        254,
                        219,
                        279,
                        233
                    ]
                },
                {
                    "text": "SPECIAL",
                    "box": [
                        281,
                        221,
                        337,
                        234
                    ]
                },
                {
                    "text": "EVENT",
                    "box": [
                        335,
                        219,
                        384,
                        234
                    ]
                },
                {
                    "text": "REQUEST",
                    "box": [
                        384,
                        218,
                        447,
                        232
                    ]
                },
                {
                    "text": "FORM",
                    "box": [
                        447,
                        219,
                        488,
                        233
                    ]
                }
            ],
            "id": 34
        },
        {
            "text": "NAME OF EVENT:",
            "box": [
                68,
                274,
                178,
                289
            ],
            "linking": [
                [
                    35,
                    37
                ]
            ],
            "label": "question",
            "words": [
                {
                    "text": "NAME",
                    "box": [
                        68,
                        274,
                        109,
                        288
                    ]
                },
                {
                    "text": "OF",
                    "box": [
                        110,
                        274,
                        130,
                        288
                    ]
                },
                {
                    "text": "EVENT:",
                    "box": [
                        131,
                        274,
                        178,
                        289
                    ]
                }
            ],
            "id": 35
        },
        {
            "text": "*DATE OF EVENT:",
            "box": [
                70,
                302,
                182,
                316
            ],
            "linking": [
                [
                    36,
                    38
                ]
            ],
            "label": "question",
            "words": [
                {
                    "text": "*DATE",
                    "box": [
                        70,
                        302,
                        113,
                        316
                    ]
                },
                {
                    "text": "OF",
                    "box": [
                        115,
                        303,
                        133,
                        316
                    ]
                },
                {
                    "text": "EVENT:",
                    "box": [
                        133,
                        303,
                        182,
                        316
                    ]
                }
            ],
            "id": 36
        },
        {
            "text": "Lorillard Metro Golf Outing 1997",
            "box": [
                209,
                274,
                441,
                291
            ],
            "linking": [
                [
                    35,
                    37
                ]
            ],
            "label": "answer",
            "words": [
                {
                    "text": "Lorillard",
                    "box": [
                        209,
                        274,
                        275,
                        291
                    ]
                },
                {
                    "text": "Metro",
                    "box": [
                        279,
                        274,
                        317,
                        291
                    ]
                },
                {
                    "text": "Golf",
                    "box": [
                        321,
                        274,
                        356,
                        288
                    ]
                },
                {
                    "text": "Outing",
                    "box": [
                        359,
                        274,
                        405,
                        289
                    ]
                },
                {
                    "text": "1997",
                    "box": [
                        409,
                        275,
                        441,
                        289
                    ]
                }
            ],
            "id": 37
        },
        {
            "text": "September 10, 1997 Marcus Hellenic Spirit Charities Golf Classic September 18, 1997",
            "box": [
                209,
                300,
                534,
                359
            ],
            "linking": [
                [
                    36,
                    38
                ]
            ],
            "label": "answer",
            "words": [
                {
                    "text": "September",
                    "box": [
                        211,
                        300,
                        275,
                        318
                    ]
                },
                {
                    "text": "10,",
                    "box": [
                        281,
                        302,
                        303,
                        317
                    ]
                },
                {
                    "text": "1997",
                    "box": [
                        310,
                        302,
                        341,
                        317
                    ]
                },
                {
                    "text": "Marcus",
                    "box": [
                        209,
                        324,
                        255,
                        335
                    ]
                },
                {
                    "text": "Hellenic",
                    "box": [
                        261,
                        323,
                        318,
                        337
                    ]
                },
                {
                    "text": "Spirit",
                    "box": [
                        324,
                        323,
                        370,
                        340
                    ]
                },
                {
                    "text": "Charities",
                    "box": [
                        373,
                        321,
                        439,
                        338
                    ]
                },
                {
                    "text": "Golf",
                    "box": [
                        444,
                        321,
                        475,
                        336
                    ]
                },
                {
                    "text": "Classic",
                    "box": [
                        480,
                        323,
                        534,
                        337
                    ]
                },
                {
                    "text": "September",
                    "box": [
                        209,
                        344,
                        277,
                        358
                    ]
                },
                {
                    "text": "18,",
                    "box": [
                        282,
                        342,
                        304,
                        359
                    ]
                },
                {
                    "text": "1997",
                    "box": [
                        310,
                        342,
                        341,
                        356
                    ]
                }
            ],
            "id": 38
        },
        {
            "text": "SAMPLES/ ITEMS REQUIRED:",
            "box": [
                70,
                356,
                255,
                371
            ],
            "linking": [
                [
                    39,
                    40
                ]
            ],
            "label": "question",
            "words": [
                {
                    "text": "SAMPLES/",
                    "box": [
                        70,
                        356,
                        136,
                        371
                    ]
                },
                {
                    "text": "ITEMS",
                    "box": [
                        138,
                        358,
                        177,
                        369
                    ]
                },
                {
                    "text": "REQUIRED:",
                    "box": [
                        180,
                        356,
                        255,
                        370
                    ]
                }
            ],
            "id": 39
        },
        {
            "text": "SAMPLE 10'S (400 PACKS PER CASE)",
            "box": [
                272,
                356,
                473,
                373
            ],
            "linking": [
                [
                    39,
                    40
                ]
            ],
            "label": "answer",
            "words": [
                {
                    "text": "SAMPLE",
                    "box": [
                        272,
                        359,
                        321,
                        369
                    ]
                },
                {
                    "text": "10'S",
                    "box": [
                        324,
                        356,
                        345,
                        371
                    ]
                },
                {
                    "text": "(400",
                    "box": [
                        346,
                        359,
                        370,
                        372
                    ]
                },
                {
                    "text": "PACKS",
                    "box": [
                        370,
                        358,
                        411,
                        369
                    ]
                },
                {
                    "text": "PER",
                    "box": [
                        412,
                        358,
                        436,
                        371
                    ]
                },
                {
                    "text": "CASE)",
                    "box": [
                        437,
                        358,
                        473,
                        373
                    ]
                }
            ],
            "id": 40
        },
        {
            "text": "NEWPORTKS K.S.",
            "box": [
                70,
                440,
                155,
                451
            ],
            "linking": [
                [
                    41,
                    5
                ],
                [
                    2,
                    41
                ],
                [
                    2,
                    41
                ]
            ],
            "label": "question",
            "words": [
                {
                    "text": "NEWPORTKS",
                    "box": [
                        70,
                        440,
                        130,
                        451
                    ]
                },
                {
                    "text": "K.S.",
                    "box": [
                        131,
                        440,
                        155,
                        451
                    ]
                }
            ],
            "id": 41
        },
        {
            "text": "NEWPORT 100'S",
            "box": [
                70,
                453,
                160,
                466
            ],
            "linking": [
                [
                    42,
                    6
                ],
                [
                    2,
                    42
                ]
            ],
            "label": "question",
            "words": [
                {
                    "text": "NEWPORT",
                    "box": [
                        70,
                        453,
                        131,
                        466
                    ]
                },
                {
                    "text": "100'S",
                    "box": [
                        131,
                        454,
                        160,
                        465
                    ]
                }
            ],
            "id": 42
        },
        {
            "text": "NEWPORT LTS. KS.",
            "box": [
                70,
                465,
                180,
                480
            ],
            "linking": [
                [
                    43,
                    7
                ],
                [
                    2,
                    43
                ]
            ],
            "label": "question",
            "words": [
                {
                    "text": "NEWPORT",
                    "box": [
                        70,
                        466,
                        130,
                        479
                    ]
                },
                {
                    "text": "LTS.",
                    "box": [
                        131,
                        466,
                        158,
                        480
                    ]
                },
                {
                    "text": "KS.",
                    "box": [
                        159,
                        465,
                        180,
                        479
                    ]
                }
            ],
            "id": 43
        },
        {
            "text": "NEWPORT LTS. 100",
            "box": [
                70,
                480,
                179,
                493
            ],
            "linking": [
                [
                    2,
                    44
                ]
            ],
            "label": "question",
            "words": [
                {
                    "text": "NEWPORT",
                    "box": [
                        70,
                        480,
                        133,
                        493
                    ]
                },
                {
                    "text": "LTS.",
                    "box": [
                        131,
                        480,
                        158,
                        493
                    ]
                },
                {
                    "text": "100",
                    "box": [
                        159,
                        482,
                        179,
                        493
                    ]
                }
            ],
            "id": 44
        },
        {
            "text": "KENT II K.S.",
            "box": [
                304,
                440,
                379,
                453
            ],
            "linking": [
                [
                    2,
                    45
                ]
            ],
            "label": "question",
            "words": [
                {
                    "text": "KENT",
                    "box": [
                        304,
                        440,
                        339,
                        453
                    ]
                },
                {
                    "text": "II",
                    "box": [
                        341,
                        440,
                        355,
                        453
                    ]
                },
                {
                    "text": "K.S.",
                    "box": [
                        358,
                        440,
                        379,
                        453
                    ]
                }
            ],
            "id": 45
        },
        {
            "text": "KENT III 100",
            "box": [
                304,
                454,
                378,
                465
            ],
            "linking": [
                [
                    46,
                    52
                ],
                [
                    2,
                    46
                ]
            ],
            "label": "question",
            "words": [
                {
                    "text": "KENT",
                    "box": [
                        304,
                        454,
                        339,
                        465
                    ]
                },
                {
                    "text": "III",
                    "box": [
                        341,
                        454,
                        356,
                        465
                    ]
                },
                {
                    "text": "100",
                    "box": [
                        358,
                        454,
                        378,
                        465
                    ]
                }
            ],
            "id": 46
        },
        {
            "text": "TRUE K.S.",
            "box": [
                304,
                466,
                364,
                480
            ],
            "linking": [
                [
                    2,
                    47
                ]
            ],
            "label": "question",
            "words": [
                {
                    "text": "TRUE",
                    "box": [
                        304,
                        466,
                        340,
                        480
                    ]
                },
                {
                    "text": "K.S.",
                    "box": [
                        342,
                        466,
                        364,
                        480
                    ]
                }
            ],
            "id": 47
        },
        {
            "text": "KENT K.S.",
            "box": [
                306,
                482,
                363,
                493
            ],
            "linking": [
                [
                    48,
                    53
                ],
                [
                    2,
                    48
                ]
            ],
            "label": "question",
            "words": [
                {
                    "text": "KENT",
                    "box": [
                        306,
                        482,
                        340,
                        492
                    ]
                },
                {
                    "text": "K.S.",
                    "box": [
                        341,
                        482,
                        363,
                        493
                    ]
                }
            ],
            "id": 48
        },
        {
            "text": "KENT 100",
            "box": [
                304,
                496,
                362,
                509
            ],
            "linking": [
                [
                    2,
                    49
                ]
            ],
            "label": "question",
            "words": [
                {
                    "text": "KENT",
                    "box": [
                        304,
                        496,
                        340,
                        509
                    ]
                },
                {
                    "text": "100",
                    "box": [
                        341,
                        496,
                        362,
                        509
                    ]
                }
            ],
            "id": 49
        },
        {
            "text": "KENT GL LTS K.S.",
            "box": [
                501,
                439,
                600,
                454
            ],
            "linking": [
                [
                    2,
                    50
                ]
            ],
            "label": "question",
            "words": [
                {
                    "text": "KENT",
                    "box": [
                        501,
                        439,
                        535,
                        452
                    ]
                },
                {
                    "text": "GL",
                    "box": [
                        536,
                        440,
                        554,
                        453
                    ]
                },
                {
                    "text": "LTS",
                    "box": [
                        554,
                        440,
                        578,
                        454
                    ]
                },
                {
                    "text": "K.S.",
                    "box": [
                        578,
                        440,
                        600,
                        454
                    ]
                }
            ],
            "id": 50
        },
        {
            "text": "KENT GL 100",
            "box": [
                500,
                454,
                574,
                467
            ],
            "linking": [
                [
                    51,
                    8
                ],
                [
                    2,
                    51
                ]
            ],
            "label": "question",
            "words": [
                {
                    "text": "KENT",
                    "box": [
                        500,
                        454,
                        535,
                        467
                    ]
                },
                {
                    "text": "GL",
                    "box": [
                        536,
                        454,
                        553,
                        465
                    ]
                },
                {
                    "text": "100",
                    "box": [
                        554,
                        454,
                        574,
                        465
                    ]
                }
            ],
            "id": 51
        },
        {
            "text": "1",
            "box": [
                420,
                448,
                471,
                468
            ],
            "linking": [
                [
                    46,
                    52
                ]
            ],
            "label": "answer",
            "words": [
                {
                    "text": "",
                    "box": [
                        420,
                        448,
                        449,
                        468
                    ]
                },
                {
                    "text": "1",
                    "box": [
                        453,
                        453,
                        471,
                        467
                    ]
                }
            ],
            "id": 52
        },
        {
            "text": "1",
            "box": [
                418,
                473,
                474,
                501
            ],
            "linking": [
                [
                    48,
                    53
                ]
            ],
            "label": "answer",
            "words": [
                {
                    "text": "",
                    "box": [
                        418,
                        473,
                        446,
                        501
                    ]
                },
                {
                    "text": "1",
                    "box": [
                        454,
                        480,
                        474,
                        495
                    ]
                }
            ],
            "id": 53
        },
        {
            "text": "BASEBALL CAP",
            "box": [
                306,
                577,
                401,
                592
            ],
            "linking": [
                [
                    3,
                    54
                ],
                [
                    54,
                    10
                ]
            ],
            "label": "question",
            "words": [
                {
                    "text": "BASEBALL",
                    "box": [
                        306,
                        578,
                        374,
                        592
                    ]
                },
                {
                    "text": "CAP",
                    "box": [
                        376,
                        577,
                        401,
                        592
                    ]
                }
            ],
            "id": 54
        },
        {
            "text": "QUANTITY REQUIRED",
            "box": [
                500,
                549,
                648,
                564
            ],
            "linking": [
                [
                    55,
                    10
                ],
                [
                    55,
                    11
                ],
                [
                    55,
                    13
                ],
                [
                    55,
                    12
                ]
            ],
            "label": "question",
            "words": [
                {
                    "text": "QUANTITY",
                    "box": [
                        500,
                        550,
                        570,
                        564
                    ]
                },
                {
                    "text": "REQUIRED",
                    "box": [
                        571,
                        549,
                        648,
                        564
                    ]
                }
            ],
            "id": 55
        },
        {
            "text": "WATER BOTTLES",
            "box": [
                307,
                603,
                415,
                620
            ],
            "linking": [
                [
                    3,
                    56
                ],
                [
                    56,
                    9
                ],
                [
                    56,
                    9
                ],
                [
                    56,
                    11
                ],
                [
                    56,
                    13
                ]
            ],
            "label": "question",
            "words": [
                {
                    "text": "WATER",
                    "box": [
                        307,
                        603,
                        356,
                        620
                    ]
                },
                {
                    "text": "BOTTLES",
                    "box": [
                        356,
                        605,
                        415,
                        619
                    ]
                }
            ],
            "id": 56
        },
        {
            "text": "Any Other Items Available",
            "box": [
                309,
                627,
                491,
                642
            ],
            "linking": [
                [
                    3,
                    57
                ],
                [
                    57,
                    12
                ]
            ],
            "label": "question",
            "words": [
                {
                    "text": "Any",
                    "box": [
                        309,
                        628,
                        331,
                        642
                    ]
                },
                {
                    "text": "Other",
                    "box": [
                        338,
                        630,
                        377,
                        641
                    ]
                },
                {
                    "text": "Items",
                    "box": [
                        383,
                        627,
                        421,
                        641
                    ]
                },
                {
                    "text": "Available",
                    "box": [
                        425,
                        627,
                        491,
                        641
                    ]
                }
            ],
            "id": 57
        },
        {
            "text": "SHIP TO:",
            "box": [
                73,
                716,
                129,
                729
            ],
            "linking": [
                [
                    58,
                    59
                ]
            ],
            "label": "title",
            "words": [
                {
                    "text": "SHIP",
                    "box": [
                        73,
                        716,
                        102,
                        727
                    ]
                },
                {
                    "text": "TO:",
                    "box": [
                        102,
                        716,
                        129,
                        729
                    ]
                }
            ],
            "id": 58
        },
        {
            "text": "CUSTOMER SHIPPING NUMBER",
            "box": [
                71,
                742,
                255,
                757
            ],
            "linking": [
                [
                    59,
                    15
                ],
                [
                    58,
                    59
                ]
            ],
            "label": "question",
            "words": [
                {
                    "text": "CUSTOMER",
                    "box": [
                        71,
                        742,
                        139,
                        757
                    ]
                },
                {
                    "text": "SHIPPING",
                    "box": [
                        142,
                        742,
                        199,
                        756
                    ]
                },
                {
                    "text": "NUMBER",
                    "box": [
                        198,
                        742,
                        255,
                        757
                    ]
                }
            ],
            "id": 59
        },
        {
            "text": "NYO ONLY:",
            "box": [
                73,
                782,
                146,
                799
            ],
            "linking": [
                [
                    60,
                    61
                ]
            ],
            "label": "title",
            "words": [
                {
                    "text": "NYO",
                    "box": [
                        73,
                        784,
                        101,
                        799
                    ]
                },
                {
                    "text": "ONLY:",
                    "box": [
                        105,
                        782,
                        146,
                        797
                    ]
                }
            ],
            "id": 60
        },
        {
            "text": "DATE FORWARDED TO PROMOTION SERVICES:",
            "box": [
                71,
                811,
                349,
                826
            ],
            "linking": [
                [
                    60,
                    61
                ],
                [
                    61,
                    14
                ]
            ],
            "label": "question",
            "words": [
                {
                    "text": "DATE",
                    "box": [
                        71,
                        813,
                        107,
                        826
                    ]
                },
                {
                    "text": "FORWARDED",
                    "box": [
                        108,
                        813,
                        189,
                        826
                    ]
                },
                {
                    "text": "TO",
                    "box": [
                        190,
                        811,
                        208,
                        825
                    ]
                },
                {
                    "text": "PROMOTION",
                    "box": [
                        211,
                        811,
                        286,
                        825
                    ]
                },
                {
                    "text": "SERVICES:",
                    "box": [
                        288,
                        811,
                        349,
                        825
                    ]
                }
            ],
            "id": 61
        },
        {
            "text": "",
            "box": [
                469,
                694,
                700,
                769
            ],
            "linking": [],
            "label": "other",
            "words": [
                {
                    "text": "",
                    "box": [
                        649,
                        696,
                        664,
                        710
                    ]
                },
                {
                    "text": "",
                    "box": [
                        531,
                        711,
                        567,
                        731
                    ]
                },
                {
                    "text": "",
                    "box": [
                        575,
                        705,
                        643,
                        723
                    ]
                },
                {
                    "text": "",
                    "box": [
                        670,
                        694,
                        687,
                        715
                    ]
                },
                {
                    "text": "",
                    "box": [
                        648,
                        716,
                        700,
                        734
                    ]
                },
                {
                    "text": "",
                    "box": [
                        469,
                        721,
                        523,
                        752
                    ]
                },
                {
                    "text": "",
                    "box": [
                        532,
                        725,
                        634,
                        746
                    ]
                },
                {
                    "text": "",
                    "box": [
                        563,
                        747,
                        573,
                        761
                    ]
                },
                {
                    "text": "",
                    "box": [
                        577,
                        751,
                        587,
                        759
                    ]
                },
                {
                    "text": "",
                    "box": [
                        503,
                        754,
                        541,
                        769
                    ]
                },
                {
                    "text": "",
                    "box": [
                        542,
                        754,
                        557,
                        764
                    ]
                },
                {
                    "text": "",
                    "box": [
                        588,
                        739,
                        659,
                        761
                    ]
                }
            ],
            "id": 62
        },
        {
            "text": "*PLEASE ALLOW 6 WEEKS FOR PROCESSING OF YOUR REQUEST.",
            "box": [
                74,
                863,
                483,
                882
            ],
            "linking": [],
            "label": "other",
            "words": [
                {
                    "text": "*PLEASE",
                    "box": [
                        74,
                        863,
                        131,
                        880
                    ]
                },
                {
                    "text": "ALLOW",
                    "box": [
                        133,
                        866,
                        182,
                        880
                    ]
                },
                {
                    "text": "6",
                    "box": [
                        182,
                        867,
                        193,
                        881
                    ]
                },
                {
                    "text": "WEEKS",
                    "box": [
                        193,
                        866,
                        242,
                        879
                    ]
                },
                {
                    "text": "FOR",
                    "box": [
                        242,
                        866,
                        270,
                        880
                    ]
                },
                {
                    "text": "PROCESSING",
                    "box": [
                        271,
                        867,
                        353,
                        880
                    ]
                },
                {
                    "text": "OF",
                    "box": [
                        355,
                        867,
                        375,
                        880
                    ]
                },
                {
                    "text": "YOUR",
                    "box": [
                        376,
                        867,
                        417,
                        881
                    ]
                },
                {
                    "text": "REQUEST.",
                    "box": [
                        415,
                        867,
                        483,
                        882
                    ]
                }
            ],
            "id": 63
        },
        {
            "text": "CONFIRMATION TO SPZ 9/2/97",
            "box": [
                141,
                883,
                356,
                902
            ],
            "linking": [],
            "label": "other",
            "words": [
                {
                    "text": "CONFIRMATION",
                    "box": [
                        141,
                        888,
                        237,
                        901
                    ]
                },
                {
                    "text": "TO",
                    "box": [
                        246,
                        888,
                        268,
                        902
                    ]
                },
                {
                    "text": "SPZ",
                    "box": [
                        277,
                        885,
                        306,
                        899
                    ]
                },
                {
                    "text": "9/2/97",
                    "box": [
                        313,
                        883,
                        356,
                        900
                    ]
                }
            ],
            "id": 64
        }
    ]
}