{
    "form": [
        {
            "box": [
                78,
                357,
                115,
                375
            ],
            "text": "Sizes:",
            "label": "question",
            "words": [
                {
                    "box": [
                        78,
                        357,
                        115,
                        375
                    ],
                    "text": "Sizes:"
                }
            ],
            "linking": [
                [
                    0,
                    20
                ]
            ],
            "id": 0
        },
        {
            "box": [
                75,
                627,
                116,
                644
            ],
            "text": "Binding",
            "label": "question",
            "words": [
                {
                    "box": [
                        75,
                        627,
                        116,
                        644
                    ],
                    "text": "Binding"
                }
            ],
            "linking": [
                [
                    1,
                    27
                ]
            ],
            "id": 1
        },
        {
            "box": [
                666,
                787,
                691,
                884
            ],
            "text": "88547278",
            "label": "other",
            "words": [
                {
                    "box": [
                        666,
                        787,
                        691,
                        884
                    ],
                    "text": "88547278"
                }
            ],
            "linking": [],
            "id": 2
        },
        {
            "box": [
                493,
                175,
                519,
                189
            ],
            "text": "Date:",
            "label": "question",
            "words": [
                {
                    "box": [
                        493,
                        175,
                        519,
                        189
                    ],
                    "text": "Date:"
                }
            ],
            "linking": [
                [
                    3,
                    12
                ]
            ],
            "id": 3
        },
        {
            "box": [
                189,
                324,
                224,
                337
            ],
            "text": "Qty:",
            "label": "question",
            "words": [
                {
                    "box": [
                        189,
                        324,
                        224,
                        337
                    ],
                    "text": "Qty:"
                }
            ],
            "linking": [
                [
                    4,
                    19
                ]
            ],
            "id": 4
        },
        {
            "box": [
                468,
                923,
                496,
                938
            ],
            "text": "TEL:",
            "label": "question",
            "words": [
                {
                    "box": [
                        468,
                        923,
                        496,
                        938
                    ],
                    "text": "TEL:"
                }
            ],
            "linking": [
                [
                    5,
                    37
                ]
            ],
            "id": 5
        },
        {
            "box": [
                579,
                927,
                607,
                941
            ],
            "text": "FAX:",
            "label": "question",
            "words": [
                {
                    "box": [
                        579,
                        927,
                        607,
                        941
                    ],
                    "text": "FAX:"
                }
            ],
            "linking": [
                [
                    6,
                    38
                ]
            ],
            "id": 6
        },
        {
            "box": [
                300,
                926,
                317,
                938
            ],
            "text": "19",
            "label": "other",
            "words": [
                {
                    "box": [
                        300,
                        926,
                        317,
                        938
                    ],
                    "text": "19"
                }
            ],
            "linking": [],
            "id": 7
        },
        {
            "text": "Quotation Request",
            "box": [
                68,
                61,
                205,
                132
            ],
            "linking": [],
            "label": "title",
            "words": [
                {
                    "text": "Quotation",
                    "box": [
                        68,
                        61,
                        205,
                        96
                    ]
                },
                {
                    "text": "Request",
                    "box": [
                        68,
                        103,
                        174,
                        132
                    ]
                }
            ],
            "id": 8
        },
        {
            "text": "APPLIED GRAPHICS",
            "box": [
                496,
                93,
                674,
                120
            ],
            "linking": [],
            "label": "title",
            "words": [
                {
                    "text": "APPLIED",
                    "box": [
                        496,
                        94,
                        557,
                        118
                    ]
                },
                {
                    "text": "GRAPHICS",
                    "box": [
                        555,
                        93,
                        674,
                        120
                    ]
                }
            ],
            "id": 9
        },
        {
            "text": "Lorillard One Park Avenue New York, NY 10016 Attn: Neil Toumey",
            "box": [
                190,
                171,
                332,
                238
            ],
            "linking": [
                [
                    11,
                    10
                ]
            ],
            "label": "answer",
            "words": [
                {
                    "text": "Lorillard",
                    "box": [
                        191,
                        171,
                        254,
                        188
                    ]
                },
                {
                    "text": "One",
                    "box": [
                        191,
                        188,
                        223,
                        202
                    ]
                },
                {
                    "text": "Park",
                    "box": [
                        225,
                        188,
                        257,
                        206
                    ]
                },
                {
                    "text": "Avenue",
                    "box": [
                        265,
                        190,
                        313,
                        203
                    ]
                },
                {
                    "text": "New",
                    "box": [
                        190,
                        204,
                        223,
                        217
                    ]
                },
                {
                    "text": "York,",
                    "box": [
                        226,
                        206,
                        263,
                        218
                    ]
                },
                {
                    "text": "NY",
                    "box": [
                        263,
                        200,
                        288,
                        218
                    ]
                },
                {
                    "text": "10016",
                    "box": [
                        291,
                        204,
                        332,
                        223
                    ]
                },
                {
                    "text": "Attn:",
                    "box": [
                        192,
                        219,
                        225,
                        237
                    ]
                },
                {
                    "text": "Neil",
                    "box": [
                        239,
                        221,
                        270,
                        238
                    ]
                },
                {
                    "text": "Toumey",
                    "box": [
                        277,
                        223,
                        330,
                        236
                    ]
                }
            ],
            "id": 10
        },
        {
            "text": "Quotation To:",
            "box": [
                80,
                175,
                148,
                188
            ],
            "linking": [
                [
                    11,
                    10
                ]
            ],
            "label": "question",
            "words": [
                {
                    "text": "Quotation",
                    "box": [
                        80,
                        175,
                        131,
                        188
                    ]
                },
                {
                    "text": "To:",
                    "box": [
                        130,
                        176,
                        148,
                        188
                    ]
                }
            ],
            "id": 11
        },
        {
            "text": "July 7, 1993",
            "box": [
                533,
                171,
                620,
                191
            ],
            "linking": [
                [
                    3,
                    12
                ]
            ],
            "label": "answer",
            "words": [
                {
                    "text": "July",
                    "box": [
                        533,
                        172,
                        561,
                        189
                    ]
                },
                {
                    "text": "7,",
                    "box": [
                        566,
                        173,
                        581,
                        191
                    ]
                },
                {
                    "text": "1993",
                    "box": [
                        587,
                        171,
                        620,
                        189
                    ]
                }
            ],
            "id": 12
        },
        {
            "text": "Estimate No:",
            "box": [
                493,
                195,
                552,
                209
            ],
            "linking": [
                [
                    13,
                    14
                ]
            ],
            "label": "question",
            "words": [
                {
                    "text": "Estimate",
                    "box": [
                        493,
                        196,
                        534,
                        208
                    ]
                },
                {
                    "text": "No:",
                    "box": [
                        533,
                        195,
                        552,
                        209
                    ]
                }
            ],
            "id": 13
        },
        {
            "text": "4854- 5",
            "box": [
                535,
                205,
                584,
                220
            ],
            "linking": [
                [
                    13,
                    14
                ]
            ],
            "label": "answer",
            "words": [
                {
                    "text": "4854-",
                    "box": [
                        535,
                        205,
                        573,
                        219
                    ]
                },
                {
                    "text": "5",
                    "box": [
                        572,
                        206,
                        584,
                        220
                    ]
                }
            ],
            "id": 14
        },
        {
            "text": "Account Executive:",
            "box": [
                493,
                224,
                578,
                239
            ],
            "linking": [
                [
                    15,
                    16
                ]
            ],
            "label": "question",
            "words": [
                {
                    "text": "Account",
                    "box": [
                        493,
                        226,
                        534,
                        239
                    ]
                },
                {
                    "text": "Executive:",
                    "box": [
                        531,
                        224,
                        578,
                        239
                    ]
                }
            ],
            "id": 15
        },
        {
            "text": "Peter Faucetta Jr.",
            "box": [
                532,
                238,
                655,
                257
            ],
            "linking": [
                [
                    15,
                    16
                ]
            ],
            "label": "answer",
            "words": [
                {
                    "text": "Peter",
                    "box": [
                        532,
                        238,
                        569,
                        257
                    ]
                },
                {
                    "text": "Faucetta",
                    "box": [
                        574,
                        242,
                        629,
                        256
                    ]
                },
                {
                    "text": "Jr.",
                    "box": [
                        633,
                        241,
                        655,
                        256
                    ]
                }
            ],
            "id": 16
        },
        {
            "text": "Quantities and Description:",
            "box": [
                78,
                272,
                210,
                289
            ],
            "linking": [
                [
                    17,
                    18
                ]
            ],
            "label": "question",
            "words": [
                {
                    "text": "Quantities",
                    "box": [
                        78,
                        275,
                        129,
                        289
                    ]
                },
                {
                    "text": "and",
                    "box": [
                        129,
                        274,
                        151,
                        287
                    ]
                },
                {
                    "text": "Description:",
                    "box": [
                        149,
                        272,
                        210,
                        286
                    ]
                }
            ],
            "id": 17
        },
        {
            "text": "H/D 8 Pk. Wide title 4 C/P + 2 Hits Day- Glo + Spot Varnish",
            "box": [
                189,
                285,
                462,
                324
            ],
            "linking": [
                [
                    17,
                    18
                ]
            ],
            "label": "answer",
            "words": [
                {
                    "text": "H/D",
                    "box": [
                        189,
                        289,
                        220,
                        304
                    ]
                },
                {
                    "text": "8",
                    "box": [
                        226,
                        289,
                        235,
                        306
                    ]
                },
                {
                    "text": "Pk.",
                    "box": [
                        242,
                        287,
                        262,
                        305
                    ]
                },
                {
                    "text": "Wide",
                    "box": [
                        265,
                        285,
                        304,
                        304
                    ]
                },
                {
                    "text": "title",
                    "box": [
                        308,
                        285,
                        356,
                        304
                    ]
                },
                {
                    "text": "4",
                    "box": [
                        191,
                        307,
                        205,
                        324
                    ]
                },
                {
                    "text": "C/P",
                    "box": [
                        206,
                        307,
                        234,
                        321
                    ]
                },
                {
                    "text": "+",
                    "box": [
                        239,
                        308,
                        247,
                        319
                    ]
                },
                {
                    "text": "2",
                    "box": [
                        250,
                        305,
                        265,
                        320
                    ]
                },
                {
                    "text": "Hits",
                    "box": [
                        265,
                        304,
                        294,
                        321
                    ]
                },
                {
                    "text": "Day-",
                    "box": [
                        298,
                        304,
                        330,
                        319
                    ]
                },
                {
                    "text": "Glo",
                    "box": [
                        331,
                        305,
                        353,
                        320
                    ]
                },
                {
                    "text": "+",
                    "box": [
                        358,
                        309,
                        371,
                        321
                    ]
                },
                {
                    "text": "Spot",
                    "box": [
                        374,
                        305,
                        408,
                        318
                    ]
                },
                {
                    "text": "Varnish",
                    "box": [
                        409,
                        304,
                        462,
                        322
                    ]
                }
            ],
            "id": 18
        },
        {
            "text": "89,725",
            "box": [
                236,
                321,
                284,
                339
            ],
            "linking": [
                [
                    4,
                    19
                ]
            ],
            "label": "answer",
            "words": [
                {
                    "text": "89,725",
                    "box": [
                        236,
                        321,
                        284,
                        339
                    ]
                }
            ],
            "id": 19
        },
        {
            "text": "19.750 X 11",
            "box": [
                193,
                373,
                273,
                393
            ],
            "linking": [
                [
                    0,
                    20
                ]
            ],
            "label": "answer",
            "words": [
                {
                    "text": "19.750",
                    "box": [
                        193,
                        375,
                        237,
                        390
                    ]
                },
                {
                    "text": "X",
                    "box": [
                        241,
                        374,
                        255,
                        393
                    ]
                },
                {
                    "text": "11",
                    "box": [
                        259,
                        373,
                        273,
                        393
                    ]
                }
            ],
            "id": 20
        },
        {
            "text": "Paper and Materials:",
            "box": [
                75,
                409,
                179,
                428
            ],
            "linking": [
                [
                    21,
                    22
                ]
            ],
            "label": "question",
            "words": [
                {
                    "text": "Paper",
                    "box": [
                        75,
                        410,
                        108,
                        427
                    ]
                },
                {
                    "text": "and",
                    "box": [
                        108,
                        410,
                        130,
                        425
                    ]
                },
                {
                    "text": "Materials:",
                    "box": [
                        131,
                        409,
                        179,
                        428
                    ]
                }
            ],
            "id": 21
        },
        {
            "text": "24 pt. Carolina C/1/S",
            "box": [
                190,
                425,
                346,
                446
            ],
            "linking": [
                [
                    21,
                    22
                ]
            ],
            "label": "answer",
            "words": [
                {
                    "text": "24",
                    "box": [
                        190,
                        428,
                        210,
                        446
                    ]
                },
                {
                    "text": "pt.",
                    "box": [
                        217,
                        428,
                        234,
                        446
                    ]
                },
                {
                    "text": "Carolina",
                    "box": [
                        244,
                        425,
                        298,
                        443
                    ]
                },
                {
                    "text": "C/1/S",
                    "box": [
                        307,
                        425,
                        346,
                        443
                    ]
                }
            ],
            "id": 22
        },
        {
            "text": "Preparation and Composition:",
            "box": [
                78,
                467,
                223,
                485
            ],
            "linking": [
                [
                    23,
                    24
                ]
            ],
            "label": "question",
            "words": [
                {
                    "text": "Preparation",
                    "box": [
                        78,
                        467,
                        135,
                        482
                    ]
                },
                {
                    "text": "and",
                    "box": [
                        134,
                        467,
                        158,
                        485
                    ]
                },
                {
                    "text": "Composition:",
                    "box": [
                        158,
                        467,
                        223,
                        482
                    ]
                }
            ],
            "id": 23
        },
        {
            "text": "Final Film Supplied Combined Blue",
            "box": [
                190,
                494,
                331,
                531
            ],
            "linking": [
                [
                    23,
                    24
                ]
            ],
            "label": "answer",
            "words": [
                {
                    "text": "Final",
                    "box": [
                        192,
                        496,
                        227,
                        513
                    ]
                },
                {
                    "text": "Film",
                    "box": [
                        233,
                        495,
                        266,
                        513
                    ]
                },
                {
                    "text": "Supplied",
                    "box": [
                        271,
                        494,
                        331,
                        515
                    ]
                },
                {
                    "text": "Combined",
                    "box": [
                        190,
                        517,
                        257,
                        531
                    ]
                },
                {
                    "text": "Blue",
                    "box": [
                        268,
                        514,
                        303,
                        531
                    ]
                }
            ],
            "id": 24
        },
        {
            "text": "Process and Colors:",
            "box": [
                77,
                565,
                176,
                579
            ],
            "linking": [
                [
                    25,
                    26
                ]
            ],
            "label": "question",
            "words": [
                {
                    "text": "Process",
                    "box": [
                        77,
                        565,
                        118,
                        579
                    ]
                },
                {
                    "text": "and",
                    "box": [
                        119,
                        565,
                        137,
                        578
                    ]
                },
                {
                    "text": "Colors:",
                    "box": [
                        137,
                        566,
                        176,
                        577
                    ]
                }
            ],
            "id": 25
        },
        {
            "text": "6/1 1/1",
            "box": [
                190,
                566,
                217,
                600
            ],
            "linking": [
                [
                    25,
                    26
                ]
            ],
            "label": "answer",
            "words": [
                {
                    "text": "6/1",
                    "box": [
                        191,
                        566,
                        217,
                        581
                    ]
                },
                {
                    "text": "1/1",
                    "box": [
                        190,
                        585,
                        216,
                        600
                    ]
                }
            ],
            "id": 26
        },
        {
            "text": "Leave in Full Sheets",
            "box": [
                192,
                634,
                329,
                651
            ],
            "linking": [
                [
                    1,
                    27
                ]
            ],
            "label": "answer",
            "words": [
                {
                    "text": "Leave",
                    "box": [
                        192,
                        634,
                        231,
                        651
                    ]
                },
                {
                    "text": "in",
                    "box": [
                        233,
                        634,
                        252,
                        649
                    ]
                },
                {
                    "text": "Full",
                    "box": [
                        255,
                        637,
                        283,
                        650
                    ]
                },
                {
                    "text": "Sheets",
                    "box": [
                        284,
                        634,
                        329,
                        649
                    ]
                }
            ],
            "id": 27
        },
        {
            "text": "Packing and Distribution:",
            "box": [
                78,
                691,
                196,
                706
            ],
            "linking": [
                [
                    28,
                    29
                ]
            ],
            "label": "question",
            "words": [
                {
                    "text": "Packing",
                    "box": [
                        78,
                        692,
                        118,
                        706
                    ]
                },
                {
                    "text": "and",
                    "box": [
                        114,
                        692,
                        138,
                        704
                    ]
                },
                {
                    "text": "Distribution:",
                    "box": [
                        138,
                        691,
                        196,
                        704
                    ]
                }
            ],
            "id": 28
        },
        {
            "text": "Bulk in cartons, FOB Oceanside Please allow 14 working days for delivery",
            "box": [
                189,
                700,
                475,
                738
            ],
            "linking": [
                [
                    28,
                    29
                ]
            ],
            "label": "answer",
            "words": [
                {
                    "text": "Bulk",
                    "box": [
                        190,
                        704,
                        224,
                        718
                    ]
                },
                {
                    "text": "in",
                    "box": [
                        226,
                        702,
                        241,
                        717
                    ]
                },
                {
                    "text": "cartons,",
                    "box": [
                        245,
                        704,
                        298,
                        721
                    ]
                },
                {
                    "text": "FOB",
                    "box": [
                        305,
                        703,
                        336,
                        718
                    ]
                },
                {
                    "text": "Oceanside",
                    "box": [
                        342,
                        700,
                        410,
                        718
                    ]
                },
                {
                    "text": "Please",
                    "box": [
                        189,
                        717,
                        231,
                        736
                    ]
                },
                {
                    "text": "allow",
                    "box": [
                        238,
                        718,
                        272,
                        735
                    ]
                },
                {
                    "text": "14",
                    "box": [
                        279,
                        722,
                        299,
                        736
                    ]
                },
                {
                    "text": "working",
                    "box": [
                        302,
                        722,
                        357,
                        735
                    ]
                },
                {
                    "text": "days",
                    "box": [
                        362,
                        719,
                        388,
                        737
                    ]
                },
                {
                    "text": "for",
                    "box": [
                        396,
                        721,
                        414,
                        738
                    ]
                },
                {
                    "text": "delivery",
                    "box": [
                        423,
                        723,
                        475,
                        738
                    ]
                }
            ],
            "id": 29
        },
        {
            "text": "Delivery Date:",
            "box": [
                75,
                726,
                145,
                739
            ],
            "linking": [],
            "label": "question",
            "words": [
                {
                    "text": "Delivery",
                    "box": [
                        75,
                        726,
                        117,
                        739
                    ]
                },
                {
                    "text": "Date:",
                    "box": [
                        117,
                        726,
                        145,
                        738
                    ]
                }
            ],
            "id": 30
        },
        {
            "text": "Prices and Schedule:",
            "box": [
                78,
                755,
                177,
                770
            ],
            "linking": [
                [
                    31,
                    32
                ]
            ],
            "label": "question",
            "words": [
                {
                    "text": "Prices",
                    "box": [
                        78,
                        755,
                        107,
                        770
                    ]
                },
                {
                    "text": "and",
                    "box": [
                        106,
                        756,
                        127,
                        768
                    ]
                },
                {
                    "text": "Schedule:",
                    "box": [
                        126,
                        758,
                        177,
                        767
                    ]
                }
            ],
            "id": 31
        },
        {
            "text": "$16, 158",
            "box": [
                190,
                767,
                247,
                787
            ],
            "linking": [
                [
                    31,
                    32
                ]
            ],
            "label": "answer",
            "words": [
                {
                    "text": "$16,",
                    "box": [
                        190,
                        767,
                        221,
                        786
                    ]
                },
                {
                    "text": "158",
                    "box": [
                        222,
                        769,
                        247,
                        787
                    ]
                }
            ],
            "id": 32
        },
        {
            "text": "Other Specifications:",
            "box": [
                75,
                838,
                176,
                852
            ],
            "linking": [],
            "label": "question",
            "words": [
                {
                    "text": "Other",
                    "box": [
                        75,
                        838,
                        104,
                        851
                    ]
                },
                {
                    "text": "Specifications:",
                    "box": [
                        103,
                        841,
                        176,
                        852
                    ]
                }
            ],
            "id": 33
        },
        {
            "text": "Authorized Signature:",
            "box": [
                494,
                840,
                596,
                855
            ],
            "linking": [
                [
                    34,
                    39
                ]
            ],
            "label": "question",
            "words": [
                {
                    "text": "Authorized",
                    "box": [
                        494,
                        842,
                        549,
                        855
                    ]
                },
                {
                    "text": "Signature:",
                    "box": [
                        546,
                        840,
                        596,
                        855
                    ]
                }
            ],
            "id": 34
        },
        {
            "text": "Accepted by:",
            "box": [
                77,
                897,
                140,
                915
            ],
            "linking": [],
            "label": "question",
            "words": [
                {
                    "text": "Accepted",
                    "box": [
                        77,
                        900,
                        123,
                        912
                    ]
                },
                {
                    "text": "by:",
                    "box": [
                        121,
                        897,
                        140,
                        915
                    ]
                }
            ],
            "id": 35
        },
        {
            "text": "we wted with line Whortly how Motion ",
            "box": [
                74,
                945,
                670,
                983
            ],
            "linking": [],
            "label": "other",
            "words": [
                {
                    "text": "",
                    "box": [
                        75,
                        946,
                        86,
                        953
                    ]
                },
                {
                    "text": "",
                    "box": [
                        86,
                        945,
                        121,
                        954
                    ]
                },
                {
                    "text": "we",
                    "box": [
                        121,
                        946,
                        133,
                        953
                    ]
                },
                {
                    "text": "wted",
                    "box": [
                        134,
                        946,
                        166,
                        953
                    ]
                },
                {
                    "text": "with",
                    "box": [
                        166,
                        945,
                        183,
                        953
                    ]
                },
                {
                    "text": "",
                    "box": [
                        184,
                        946,
                        202,
                        954
                    ]
                },
                {
                    "text": "",
                    "box": [
                        203,
                        947,
                        218,
                        954
                    ]
                },
                {
                    "text": "",
                    "box": [
                        218,
                        946,
                        242,
                        953
                    ]
                },
                {
                    "text": "",
                    "box": [
                        243,
                        947,
                        250,
                        954
                    ]
                },
                {
                    "text": "",
                    "box": [
                        250,
                        947,
                        267,
                        954
                    ]
                },
                {
                    "text": "",
                    "box": [
                        267,
                        947,
                        282,
                        954
                    ]
                },
                {
                    "text": "",
                    "box": [
                        283,
                        946,
                        300,
                        954
                    ]
                },
                {
                    "text": "",
                    "box": [
                        301,
                        948,
                        332,
                        955
                    ]
                },
                {
                    "text": "",
                    "box": [
                        333,
                        947,
                        339,
                        955
                    ]
                },
                {
                    "text": "",
                    "box": [
                        338,
                        947,
                        363,
                        955
                    ]
                },
                {
                    "text": "",
                    "box": [
                        364,
                        948,
                        371,
                        955
                    ]
                },
                {
                    "text": "",
                    "box": [
                        371,
                        948,
                        382,
                        956
                    ]
                },
                {
                    "text": "",
                    "box": [
                        383,
                        947,
                        415,
                        955
                    ]
                },
                {
                    "text": "",
                    "box": [
                        415,
                        946,
                        435,
                        955
                    ]
                },
                {
                    "text": "",
                    "box": [
                        436,
                        948,
                        449,
                        955
                    ]
                },
                {
                    "text": "",
                    "box": [
                        449,
                        948,
                        488,
                        955
                    ]
                },
                {
                    "text": "",
                    "box": [
                        487,
                        948,
                        516,
                        956
                    ]
                },
                {
                    "text": "",
                    "box": [
                        517,
                        949,
                        536,
                        956
                    ]
                },
                {
                    "text": "",
                    "box": [
                        537,
                        949,
                        561,
                        955
                    ]
                },
                {
                    "text": "",
                    "box": [
                        561,
                        948,
                        588,
                        956
                    ]
                },
                {
                    "text": "",
                    "box": [
                        587,
                        950,
                        624,
                        956
                    ]
                },
                {
                    "text": "",
                    "box": [
                        624,
                        949,
                        637,
                        955
                    ]
                },
                {
                    "text": "",
                    "box": [
                        639,
                        948,
                        670,
                        956
                    ]
                },
                {
                    "text": "",
                    "box": [
                        75,
                        955,
                        95,
                        963
                    ]
                },
                {
                    "text": "",
                    "box": [
                        97,
                        956,
                        119,
                        962
                    ]
                },
                {
                    "text": "",
                    "box": [
                        120,
                        955,
                        129,
                        963
                    ]
                },
                {
                    "text": "",
                    "box": [
                        130,
                        955,
                        143,
                        963
                    ]
                },
                {
                    "text": "",
                    "box": [
                        143,
                        956,
                        168,
                        963
                    ]
                },
                {
                    "text": "",
                    "box": [
                        167,
                        956,
                        181,
                        963
                    ]
                },
                {
                    "text": "",
                    "box": [
                        182,
                        956,
                        207,
                        963
                    ]
                },
                {
                    "text": "",
                    "box": [
                        206,
                        956,
                        220,
                        963
                    ]
                },
                {
                    "text": "",
                    "box": [
                        221,
                        956,
                        259,
                        963
                    ]
                },
                {
                    "text": "",
                    "box": [
                        259,
                        956,
                        266,
                        964
                    ]
                },
                {
                    "text": "",
                    "box": [
                        268,
                        956,
                        281,
                        963
                    ]
                },
                {
                    "text": "",
                    "box": [
                        279,
                        956,
                        311,
                        964
                    ]
                },
                {
                    "text": "",
                    "box": [
                        314,
                        956,
                        327,
                        962
                    ]
                },
                {
                    "text": "",
                    "box": [
                        327,
                        958,
                        335,
                        964
                    ]
                },
                {
                    "text": "",
                    "box": [
                        336,
                        956,
                        351,
                        962
                    ]
                },
                {
                    "text": "",
                    "box": [
                        353,
                        958,
                        388,
                        965
                    ]
                },
                {
                    "text": "",
                    "box": [
                        388,
                        959,
                        421,
                        965
                    ]
                },
                {
                    "text": "",
                    "box": [
                        422,
                        956,
                        437,
                        963
                    ]
                },
                {
                    "text": "",
                    "box": [
                        439,
                        958,
                        448,
                        965
                    ]
                },
                {
                    "text": "",
                    "box": [
                        448,
                        959,
                        479,
                        966
                    ]
                },
                {
                    "text": "",
                    "box": [
                        480,
                        959,
                        489,
                        965
                    ]
                },
                {
                    "text": "",
                    "box": [
                        488,
                        958,
                        503,
                        966
                    ]
                },
                {
                    "text": "",
                    "box": [
                        504,
                        958,
                        536,
                        966
                    ]
                },
                {
                    "text": "",
                    "box": [
                        537,
                        958,
                        557,
                        965
                    ]
                },
                {
                    "text": "",
                    "box": [
                        555,
                        958,
                        568,
                        965
                    ]
                },
                {
                    "text": "",
                    "box": [
                        568,
                        959,
                        606,
                        965
                    ]
                },
                {
                    "text": "",
                    "box": [
                        607,
                        958,
                        636,
                        967
                    ]
                },
                {
                    "text": "",
                    "box": [
                        636,
                        959,
                        647,
                        966
                    ]
                },
                {
                    "text": "",
                    "box": [
                        646,
                        959,
                        658,
                        967
                    ]
                },
                {
                    "text": "",
                    "box": [
                        75,
                        966,
                        106,
                        973
                    ]
                },
                {
                    "text": "",
                    "box": [
                        107,
                        966,
                        125,
                        973
                    ]
                },
                {
                    "text": "",
                    "box": [
                        126,
                        966,
                        134,
                        973
                    ]
                },
                {
                    "text": "",
                    "box": [
                        133,
                        966,
                        152,
                        972
                    ]
                },
                {
                    "text": "",
                    "box": [
                        152,
                        965,
                        192,
                        973
                    ]
                },
                {
                    "text": "",
                    "box": [
                        193,
                        965,
                        200,
                        973
                    ]
                },
                {
                    "text": "",
                    "box": [
                        200,
                        965,
                        209,
                        972
                    ]
                },
                {
                    "text": "",
                    "box": [
                        211,
                        966,
                        239,
                        973
                    ]
                },
                {
                    "text": "",
                    "box": [
                        239,
                        963,
                        293,
                        971
                    ]
                },
                {
                    "text": "",
                    "box": [
                        296,
                        965,
                        305,
                        974
                    ]
                },
                {
                    "text": "",
                    "box": [
                        305,
                        967,
                        338,
                        973
                    ]
                },
                {
                    "text": "",
                    "box": [
                        338,
                        966,
                        345,
                        973
                    ]
                },
                {
                    "text": "line",
                    "box": [
                        344,
                        967,
                        369,
                        974
                    ]
                },
                {
                    "text": "",
                    "box": [
                        369,
                        966,
                        386,
                        973
                    ]
                },
                {
                    "text": "",
                    "box": [
                        387,
                        967,
                        404,
                        974
                    ]
                },
                {
                    "text": "Whortly",
                    "box": [
                        404,
                        966,
                        432,
                        973
                    ]
                },
                {
                    "text": "how",
                    "box": [
                        433,
                        966,
                        442,
                        974
                    ]
                },
                {
                    "text": "",
                    "box": [
                        442,
                        966,
                        455,
                        974
                    ]
                },
                {
                    "text": "",
                    "box": [
                        455,
                        968,
                        470,
                        975
                    ]
                },
                {
                    "text": "Motion",
                    "box": [
                        471,
                        967,
                        502,
                        974
                    ]
                },
                {
                    "text": "",
                    "box": [
                        502,
                        967,
                        509,
                        975
                    ]
                },
                {
                    "text": "",
                    "box": [
                        511,
                        967,
                        532,
                        975
                    ]
                },
                {
                    "text": "",
                    "box": [
                        531,
                        967,
                        540,
                        974
                    ]
                },
                {
                    "text": "",
                    "box": [
                        541,
                        967,
                        562,
                        974
                    ]
                },
                {
                    "text": "",
                    "box": [
                        563,
                        968,
                        569,
                        974
                    ]
                },
                {
                    "text": "",
                    "box": [
                        568,
                        967,
                        580,
                        975
                    ]
                },
                {
                    "text": "",
                    "box": [
                        580,
                        968,
                        614,
                        975
                    ]
                },
                {
                    "text": "",
                    "box": [
                        612,
                        967,
                        633,
                        975
                    ]
                },
                {
                    "text": "",
                    "box": [
                        634,
                        968,
                        647,
                        974
                    ]
                },
                {
                    "text": "",
                    "box": [
                        74,
                        974,
                        111,
                        981
                    ]
                },
                {
                    "text": "",
                    "box": [
                        112,
                        974,
                        146,
                        982
                    ]
                },
                {
                    "text": "",
                    "box": [
                        146,
                        974,
                        171,
                        982
                    ]
                },
                {
                    "text": "",
                    "box": [
                        171,
                        974,
                        178,
                        981
                    ]
                },
                {
                    "text": "",
                    "box": [
                        179,
                        975,
                        190,
                        981
                    ]
                },
                {
                    "text": "",
                    "box": [
                        190,
                        974,
                        201,
                        982
                    ]
                },
                {
                    "text": "",
                    "box": [
                        202,
                        975,
                        228,
                        982
                    ]
                },
                {
                    "text": "",
                    "box": [
                        228,
                        975,
                        242,
                        983
                    ]
                },
                {
                    "text": "",
                    "box": [
                        242,
                        975,
                        264,
                        981
                    ]
                },
                {
                    "text": "",
                    "box": [
                        265,
                        974,
                        280,
                        982
                    ]
                },
                {
                    "text": "",
                    "box": [
                        282,
                        974,
                        299,
                        983
                    ]
                },
                {
                    "text": "",
                    "box": [
                        300,
                        975,
                        324,
                        981
                    ]
                },
                {
                    "text": "",
                    "box": [
                        325,
                        974,
                        354,
                        983
                    ]
                },
                {
                    "text": "",
                    "box": [
                        355,
                        975,
                        387,
                        983
                    ]
                },
                {
                    "text": "",
                    "box": [
                        387,
                        976,
                        394,
                        982
                    ]
                },
                {
                    "text": "",
                    "box": [
                        395,
                        975,
                        421,
                        982
                    ]
                }
            ],
            "id": 36
        },
        {
            "text": "(212) 627 4111",
            "box": [
                498,
                926,
                572,
                941
            ],
            "linking": [
                [
                    5,
                    37
                ]
            ],
            "label": "answer",
            "words": [
                {
                    "text": "(212)",
                    "box": [
                        498,
                        926,
                        523,
                        939
                    ]
                },
                {
                    "text": "627",
                    "box": [
                        524,
                        928,
                        546,
                        941
                    ]
                },
                {
                    "text": "4111",
                    "box": [
                        545,
                        926,
                        572,
                        938
                    ]
                }
            ],
            "id": 37
        },
        {
            "text": "(212) 627- 8602",
            "box": [
                608,
                925,
                684,
                940
            ],
            "linking": [
                [
                    6,
                    38
                ]
            ],
            "label": "answer",
            "words": [
                {
                    "text": "(212)",
                    "box": [
                        608,
                        928,
                        634,
                        940
                    ]
                },
                {
                    "text": "627-",
                    "box": [
                        637,
                        925,
                        658,
                        940
                    ]
                },
                {
                    "text": "8602",
                    "box": [
                        659,
                        926,
                        684,
                        940
                    ]
                }
            ],
            "id": 38
        },
        {
            "text": "Applied Graphics Technologies 50 West 23rd Street, N.Y.C. 10010",
            "box": [
                467,
                855,
                641,
                927
            ],
            "linking": [
                [
                    34,
                    39
                ]
            ],
            "label": "answer",
            "words": [
                {
                    "text": "",
                    "box": [
                        491,
                        855,
                        594,
                        900
                    ]
                },
                {
                    "text": "Applied",
                    "box": [
                        471,
                        903,
                        512,
                        915
                    ]
                },
                {
                    "text": "Graphics",
                    "box": [
                        513,
                        903,
                        560,
                        916
                    ]
                },
                {
                    "text": "Technologies",
                    "box": [
                        561,
                        902,
                        633,
                        916
                    ]
                },
                {
                    "text": "50",
                    "box": [
                        467,
                        915,
                        484,
                        924
                    ]
                },
                {
                    "text": "West",
                    "box": [
                        486,
                        914,
                        512,
                        926
                    ]
                },
                {
                    "text": "23rd",
                    "box": [
                        512,
                        912,
                        537,
                        925
                    ]
                },
                {
                    "text": "Street,",
                    "box": [
                        533,
                        916,
                        572,
                        924
                    ]
                },
                {
                    "text": "N.Y.C.",
                    "box": [
                        573,
                        916,
                        608,
                        927
                    ]
                },
                {
                    "text": "10010",
                    "box": [
                        610,
                        914,
                        641,
                        925
                    ]
                }
            ],
            "id": 39
        }
    ]
}