{
    "form": [
        {
            "box": [
                61,
                101,
                88,
                116
            ],
            "text": "TO",
            "label": "question",
            "words": [
                {
                    "box": [
                        61,
                        101,
                        88,
                        116
                    ],
                    "text": "TO"
                }
            ],
            "linking": [
                [
                    0,
                    6
                ]
            ],
            "id": 0
        },
        {
            "box": [
                63,
                131,
                111,
                148
            ],
            "text": "FROM:",
            "label": "question",
            "words": [
                {
                    "box": [
                        63,
                        131,
                        111,
                        148
                    ],
                    "text": "FROM:"
                }
            ],
            "linking": [
                [
                    1,
                    7
                ]
            ],
            "id": 1
        },
        {
            "box": [
                65,
                163,
                135,
                178
            ],
            "text": "SUBJECT:",
            "label": "question",
            "words": [
                {
                    "box": [
                        65,
                        163,
                        135,
                        178
                    ],
                    "text": "SUBJECT:"
                }
            ],
            "linking": [
                [
                    2,
                    13
                ]
            ],
            "id": 2
        },
        {
            "box": [
                63,
                221,
                166,
                234
            ],
            "text": "DISTRIBUTION",
            "label": "question",
            "words": [
                {
                    "box": [
                        63,
                        221,
                        166,
                        234
                    ],
                    "text": "DISTRIBUTION"
                }
            ],
            "linking": [
                [
                    3,
                    14
                ]
            ],
            "id": 3
        },
        {
            "box": [
                525,
                140,
                545,
                155
            ],
            "text": "☑",
            "label": "answer",
            "words": [
                {
                    "box": [
                        525,
                        140,
                        545,
                        155
                    ],
                    "text": "☑"
                }
            ],
            "linking": [
                [
                    10,
                    4
                ]
            ],
            "id": 4
        },
        {
            "box": [
                656,
                846,
                674,
                934
            ],
            "text": "89817999",
            "label": "other",
            "words": [
                {
                    "box": [
                        656,
                        846,
                        674,
                        934
                    ],
                    "text": "89817999"
                }
            ],
            "linking": [],
            "id": 5
        },
        {
            "text": "R. H. ORCUTT",
            "box": [
                115,
                96,
                214,
                115
            ],
            "linking": [
                [
                    0,
                    6
                ]
            ],
            "label": "answer",
            "words": [
                {
                    "text": "R.",
                    "box": [
                        115,
                        98,
                        135,
                        115
                    ]
                },
                {
                    "text": "H.",
                    "box": [
                        133,
                        98,
                        148,
                        115
                    ]
                },
                {
                    "text": "ORCUTT",
                    "box": [
                        153,
                        96,
                        214,
                        111
                    ]
                }
            ],
            "id": 6
        },
        {
            "text": "J. J. BUXTON",
            "box": [
                115,
                128,
                211,
                146
            ],
            "linking": [
                [
                    1,
                    7
                ]
            ],
            "label": "answer",
            "words": [
                {
                    "text": "J.",
                    "box": [
                        115,
                        130,
                        130,
                        145
                    ]
                },
                {
                    "text": "J.",
                    "box": [
                        135,
                        128,
                        145,
                        146
                    ]
                },
                {
                    "text": "BUXTON",
                    "box": [
                        151,
                        130,
                        211,
                        143
                    ]
                }
            ],
            "id": 7
        },
        {
            "text": "SUBMISSION DATE:",
            "box": [
                462,
                90,
                600,
                107
            ],
            "linking": [
                [
                    8,
                    9
                ],
                [
                    8,
                    10
                ],
                [
                    8,
                    11
                ],
                [
                    8,
                    12
                ]
            ],
            "label": "title",
            "words": [
                {
                    "text": "SUBMISSION",
                    "box": [
                        462,
                        91,
                        557,
                        106
                    ]
                },
                {
                    "text": "DATE:",
                    "box": [
                        558,
                        90,
                        600,
                        107
                    ]
                }
            ],
            "id": 8
        },
        {
            "text": "FEB 17",
            "box": [
                462,
                123,
                514,
                140
            ],
            "linking": [
                [
                    8,
                    9
                ]
            ],
            "label": "question",
            "words": [
                {
                    "text": "FEB",
                    "box": [
                        462,
                        125,
                        492,
                        140
                    ]
                },
                {
                    "text": "17",
                    "box": [
                        497,
                        123,
                        514,
                        136
                    ]
                }
            ],
            "id": 9
        },
        {
            "text": "MAR 16",
            "box": [
                463,
                138,
                515,
                156
            ],
            "linking": [
                [
                    8,
                    10
                ],
                [
                    10,
                    4
                ]
            ],
            "label": "question",
            "words": [
                {
                    "text": "MAR",
                    "box": [
                        463,
                        138,
                        496,
                        156
                    ]
                },
                {
                    "text": "16",
                    "box": [
                        502,
                        141,
                        515,
                        151
                    ]
                }
            ],
            "id": 10
        },
        {
            "text": "MAY 11",
            "box": [
                561,
                123,
                611,
                138
            ],
            "linking": [
                [
                    8,
                    11
                ]
            ],
            "label": "question",
            "words": [
                {
                    "text": "MAY",
                    "box": [
                        561,
                        123,
                        593,
                        138
                    ]
                },
                {
                    "text": "11",
                    "box": [
                        598,
                        123,
                        611,
                        138
                    ]
                }
            ],
            "id": 11
        },
        {
            "text": "JULY 6",
            "box": [
                561,
                138,
                612,
                153
            ],
            "linking": [
                [
                    8,
                    12
                ]
            ],
            "label": "question",
            "words": [
                {
                    "text": "JULY",
                    "box": [
                        561,
                        138,
                        596,
                        153
                    ]
                },
                {
                    "text": "6",
                    "box": [
                        600,
                        140,
                        612,
                        150
                    ]
                }
            ],
            "id": 12
        },
        {
            "text": "STYLE LIGHTS PROGRESS REPORT",
            "box": [
                141,
                159,
                390,
                176
            ],
            "linking": [
                [
                    2,
                    13
                ]
            ],
            "label": "answer",
            "words": [
                {
                    "text": "STYLE",
                    "box": [
                        141,
                        161,
                        189,
                        176
                    ]
                },
                {
                    "text": "LIGHTS",
                    "box": [
                        194,
                        161,
                        249,
                        174
                    ]
                },
                {
                    "text": "PROGRESS",
                    "box": [
                        252,
                        161,
                        327,
                        174
                    ]
                },
                {
                    "text": "REPORT",
                    "box": [
                        332,
                        159,
                        390,
                        172
                    ]
                }
            ],
            "id": 13
        },
        {
            "text": "EFFECTIVENESS OF PRE- SELL (REPORT ON FEB. 17 ONLY).",
            "box": [
                174,
                213,
                584,
                232
            ],
            "linking": [
                [
                    3,
                    14
                ]
            ],
            "label": "answer",
            "words": [
                {
                    "text": "EFFECTIVENESS",
                    "box": [
                        174,
                        219,
                        290,
                        232
                    ]
                },
                {
                    "text": "OF",
                    "box": [
                        292,
                        218,
                        315,
                        231
                    ]
                },
                {
                    "text": "PRE-",
                    "box": [
                        317,
                        218,
                        350,
                        231
                    ]
                },
                {
                    "text": "SELL",
                    "box": [
                        349,
                        218,
                        387,
                        231
                    ]
                },
                {
                    "text": "(REPORT",
                    "box": [
                        390,
                        216,
                        450,
                        231
                    ]
                },
                {
                    "text": "ON",
                    "box": [
                        453,
                        214,
                        475,
                        227
                    ]
                },
                {
                    "text": "FEB.",
                    "box": [
                        478,
                        214,
                        511,
                        229
                    ]
                },
                {
                    "text": "17",
                    "box": [
                        515,
                        214,
                        532,
                        227
                    ]
                },
                {
                    "text": "ONLY).",
                    "box": [
                        537,
                        213,
                        584,
                        228
                    ]
                }
            ],
            "id": 14
        },
        {
            "text": "% OF DISTRIBUTION ACHIEVED IN RETAIL OUTLETS:",
            "box": [
                65,
                322,
                422,
                344
            ],
            "linking": [
                [
                    15,
                    16
                ],
                [
                    15,
                    17
                ]
            ],
            "label": "question",
            "words": [
                {
                    "text": "%",
                    "box": [
                        65,
                        327,
                        85,
                        344
                    ]
                },
                {
                    "text": "OF",
                    "box": [
                        85,
                        327,
                        102,
                        344
                    ]
                },
                {
                    "text": "DISTRIBUTION",
                    "box": [
                        105,
                        326,
                        208,
                        341
                    ]
                },
                {
                    "text": "ACHIEVED",
                    "box": [
                        208,
                        324,
                        281,
                        339
                    ]
                },
                {
                    "text": "IN",
                    "box": [
                        282,
                        324,
                        300,
                        337
                    ]
                },
                {
                    "text": "RETAIL",
                    "box": [
                        299,
                        324,
                        354,
                        339
                    ]
                },
                {
                    "text": "OUTLETS:",
                    "box": [
                        354,
                        322,
                        422,
                        335
                    ]
                }
            ],
            "id": 15
        },
        {
            "text": "62% CLASSIFIED CALLS",
            "box": [
                284,
                350,
                447,
                367
            ],
            "linking": [
                [
                    15,
                    16
                ]
            ],
            "label": "answer",
            "words": [
                {
                    "text": "62%",
                    "box": [
                        284,
                        350,
                        327,
                        367
                    ]
                },
                {
                    "text": "CLASSIFIED",
                    "box": [
                        331,
                        352,
                        404,
                        364
                    ]
                },
                {
                    "text": "CALLS",
                    "box": [
                        407,
                        350,
                        447,
                        360
                    ]
                }
            ],
            "id": 16
        },
        {
            "text": "10% ANNUAL CALLS",
            "box": [
                284,
                377,
                424,
                394
            ],
            "linking": [
                [
                    15,
                    17
                ]
            ],
            "label": "answer",
            "words": [
                {
                    "text": "10%",
                    "box": [
                        284,
                        379,
                        329,
                        394
                    ]
                },
                {
                    "text": "ANNUAL",
                    "box": [
                        332,
                        377,
                        379,
                        389
                    ]
                },
                {
                    "text": "CALLS",
                    "box": [
                        382,
                        377,
                        424,
                        389
                    ]
                }
            ],
            "id": 17
        },
        {
            "text": "PROMOTIONAL IMPACT:",
            "box": [
                68,
                410,
                232,
                423
            ],
            "linking": [
                [
                    18,
                    20
                ],
                [
                    18,
                    21
                ]
            ],
            "label": "title",
            "words": [
                {
                    "text": "PROMOTIONAL",
                    "box": [
                        68,
                        410,
                        171,
                        423
                    ]
                },
                {
                    "text": "IMPACT:",
                    "box": [
                        171,
                        410,
                        232,
                        422
                    ]
                }
            ],
            "id": 18
        },
        {
            "text": "HAS PROVEN TO BE AN EXCELLENT TOOL IN GENERATING PACK TRIAL IN BOTH HIGH AND LOW DEVELOPMENT PRICE VALUE MARKETS. MANY DISPLAYS SELLING OUT BEFORE RECONTACT.",
            "box": [
                204,
                472,
                648,
                532
            ],
            "linking": [
                [
                    20,
                    19
                ]
            ],
            "label": "answer",
            "words": [
                {
                    "text": "HAS",
                    "box": [
                        206,
                        480,
                        231,
                        493
                    ]
                },
                {
                    "text": "PROVEN",
                    "box": [
                        236,
                        480,
                        289,
                        492
                    ]
                },
                {
                    "text": "TO",
                    "box": [
                        289,
                        480,
                        307,
                        492
                    ]
                },
                {
                    "text": "BE",
                    "box": [
                        309,
                        480,
                        329,
                        490
                    ]
                },
                {
                    "text": "AN",
                    "box": [
                        329,
                        480,
                        347,
                        492
                    ]
                },
                {
                    "text": "EXCELLENT",
                    "box": [
                        350,
                        478,
                        420,
                        491
                    ]
                },
                {
                    "text": "TOOL",
                    "box": [
                        422,
                        477,
                        459,
                        489
                    ]
                },
                {
                    "text": "IN",
                    "box": [
                        458,
                        477,
                        473,
                        490
                    ]
                },
                {
                    "text": "GENERATING",
                    "box": [
                        472,
                        473,
                        557,
                        486
                    ]
                },
                {
                    "text": "PACK",
                    "box": [
                        560,
                        473,
                        595,
                        486
                    ]
                },
                {
                    "text": "TRIAL",
                    "box": [
                        598,
                        472,
                        631,
                        487
                    ]
                },
                {
                    "text": "IN",
                    "box": [
                        633,
                        473,
                        648,
                        486
                    ]
                },
                {
                    "text": "BOTH",
                    "box": [
                        204,
                        500,
                        241,
                        513
                    ]
                },
                {
                    "text": "HIGH",
                    "box": [
                        244,
                        500,
                        277,
                        513
                    ]
                },
                {
                    "text": "AND",
                    "box": [
                        279,
                        500,
                        306,
                        513
                    ]
                },
                {
                    "text": "LOW",
                    "box": [
                        309,
                        498,
                        339,
                        510
                    ]
                },
                {
                    "text": "DEVELOPMENT",
                    "box": [
                        342,
                        497,
                        432,
                        509
                    ]
                },
                {
                    "text": "PRICE",
                    "box": [
                        432,
                        497,
                        470,
                        507
                    ]
                },
                {
                    "text": "VALUE",
                    "box": [
                        472,
                        495,
                        517,
                        510
                    ]
                },
                {
                    "text": "MARKETS.",
                    "box": [
                        517,
                        493,
                        577,
                        506
                    ]
                },
                {
                    "text": "MANY",
                    "box": [
                        580,
                        493,
                        617,
                        505
                    ]
                },
                {
                    "text": "DISPLAYS",
                    "box": [
                        204,
                        520,
                        267,
                        532
                    ]
                },
                {
                    "text": "SELLING",
                    "box": [
                        267,
                        518,
                        322,
                        528
                    ]
                },
                {
                    "text": "OUT",
                    "box": [
                        324,
                        518,
                        349,
                        528
                    ]
                },
                {
                    "text": "BEFORE",
                    "box": [
                        352,
                        517,
                        403,
                        529
                    ]
                },
                {
                    "text": "RECONTACT.",
                    "box": [
                        404,
                        517,
                        485,
                        527
                    ]
                }
            ],
            "id": 19
        },
        {
            "text": "20 CENTS OFF PACK COUPON/STICKER:",
            "box": [
                63,
                482,
                194,
                515
            ],
            "linking": [
                [
                    20,
                    19
                ],
                [
                    18,
                    20
                ]
            ],
            "label": "question",
            "words": [
                {
                    "text": "20",
                    "box": [
                        63,
                        482,
                        85,
                        495
                    ]
                },
                {
                    "text": "CENTS",
                    "box": [
                        86,
                        483,
                        126,
                        495
                    ]
                },
                {
                    "text": "OFF",
                    "box": [
                        126,
                        483,
                        153,
                        493
                    ]
                },
                {
                    "text": "PACK",
                    "box": [
                        156,
                        483,
                        194,
                        493
                    ]
                },
                {
                    "text": "COUPON/STICKER:",
                    "box": [
                        76,
                        502,
                        192,
                        515
                    ]
                }
            ],
            "id": 20
        },
        {
            "text": "SALES FORCE 20'S",
            "box": [
                68,
                555,
                182,
                566
            ],
            "linking": [
                [
                    21,
                    22
                ],
                [
                    18,
                    21
                ]
            ],
            "label": "question",
            "words": [
                {
                    "text": "SALES",
                    "box": [
                        68,
                        556,
                        108,
                        566
                    ]
                },
                {
                    "text": "FORCE",
                    "box": [
                        110,
                        556,
                        155,
                        564
                    ]
                },
                {
                    "text": "20'S",
                    "box": [
                        154,
                        555,
                        182,
                        565
                    ]
                }
            ],
            "id": 21
        },
        {
            "text": "ADDITIONAL SUPPLY WOULD BE HELPFUL. INITIAL QUANTITIES WERE QUICKLY DEPLETED",
            "box": [
                206,
                545,
                591,
                583
            ],
            "linking": [
                [
                    21,
                    22
                ]
            ],
            "label": "answer",
            "words": [
                {
                    "text": "ADDITIONAL",
                    "box": [
                        206,
                        553,
                        282,
                        565
                    ]
                },
                {
                    "text": "SUPPLY",
                    "box": [
                        284,
                        551,
                        335,
                        566
                    ]
                },
                {
                    "text": "WOULD",
                    "box": [
                        336,
                        550,
                        381,
                        562
                    ]
                },
                {
                    "text": "BE",
                    "box": [
                        384,
                        550,
                        401,
                        563
                    ]
                },
                {
                    "text": "HELPFUL.",
                    "box": [
                        405,
                        550,
                        460,
                        562
                    ]
                },
                {
                    "text": "INITIAL",
                    "box": [
                        468,
                        547,
                        511,
                        560
                    ]
                },
                {
                    "text": "QUANTITIES",
                    "box": [
                        513,
                        545,
                        591,
                        558
                    ]
                },
                {
                    "text": "WERE",
                    "box": [
                        206,
                        573,
                        244,
                        583
                    ]
                },
                {
                    "text": "QUICKLY",
                    "box": [
                        246,
                        571,
                        301,
                        583
                    ]
                },
                {
                    "text": "DEPLETED",
                    "box": [
                        302,
                        568,
                        368,
                        583
                    ]
                }
            ],
            "id": 22
        },
        {
            "text": "$1.50 OFF CARTON COUPON:",
            "box": [
                71,
                663,
                188,
                697
            ],
            "linking": [
                [
                    23,
                    24
                ]
            ],
            "label": "question",
            "words": [
                {
                    "text": "$1.50",
                    "box": [
                        71,
                        664,
                        104,
                        677
                    ]
                },
                {
                    "text": "OFF",
                    "box": [
                        103,
                        664,
                        131,
                        676
                    ]
                },
                {
                    "text": "CARTON",
                    "box": [
                        133,
                        663,
                        188,
                        675
                    ]
                },
                {
                    "text": "COUPON:",
                    "box": [
                        126,
                        684,
                        184,
                        697
                    ]
                }
            ],
            "id": 23
        },
        {
            "text": "CARTON MOVEMENT SPOTTY AT THIS POINT. SUPPLIES ARE MORE THAN ADEQUATE AND THE NEED IS MOSTLY PACKAGE SUPPORT AT THIS TIME.",
            "box": [
                206,
                656,
                649,
                696
            ],
            "linking": [
                [
                    23,
                    24
                ]
            ],
            "label": "answer",
            "words": [
                {
                    "text": "CARTON",
                    "box": [
                        206,
                        663,
                        259,
                        678
                    ]
                },
                {
                    "text": "MOVEMENT",
                    "box": [
                        262,
                        663,
                        335,
                        675
                    ]
                },
                {
                    "text": "SPOTTY",
                    "box": [
                        336,
                        661,
                        384,
                        676
                    ]
                },
                {
                    "text": "AT",
                    "box": [
                        385,
                        659,
                        403,
                        672
                    ]
                },
                {
                    "text": "THIS",
                    "box": [
                        405,
                        659,
                        433,
                        674
                    ]
                },
                {
                    "text": "POINT.",
                    "box": [
                        434,
                        658,
                        477,
                        673
                    ]
                },
                {
                    "text": "SUPPLIES",
                    "box": [
                        483,
                        656,
                        544,
                        671
                    ]
                },
                {
                    "text": "ARE",
                    "box": [
                        548,
                        656,
                        573,
                        669
                    ]
                },
                {
                    "text": "MORE",
                    "box": [
                        576,
                        656,
                        613,
                        668
                    ]
                },
                {
                    "text": "THAN",
                    "box": [
                        611,
                        656,
                        649,
                        669
                    ]
                },
                {
                    "text": "ADEQUATE",
                    "box": [
                        208,
                        683,
                        279,
                        693
                    ]
                },
                {
                    "text": "AND",
                    "box": [
                        279,
                        679,
                        306,
                        696
                    ]
                },
                {
                    "text": "THE",
                    "box": [
                        307,
                        683,
                        332,
                        696
                    ]
                },
                {
                    "text": "NEED",
                    "box": [
                        334,
                        681,
                        371,
                        694
                    ]
                },
                {
                    "text": "IS",
                    "box": [
                        372,
                        681,
                        387,
                        694
                    ]
                },
                {
                    "text": "MOSTLY",
                    "box": [
                        385,
                        679,
                        438,
                        691
                    ]
                },
                {
                    "text": "PACKAGE",
                    "box": [
                        442,
                        679,
                        498,
                        692
                    ]
                },
                {
                    "text": "SUPPORT",
                    "box": [
                        500,
                        678,
                        561,
                        691
                    ]
                },
                {
                    "text": "AT",
                    "box": [
                        563,
                        676,
                        580,
                        689
                    ]
                },
                {
                    "text": "THIS",
                    "box": [
                        580,
                        676,
                        610,
                        688
                    ]
                },
                {
                    "text": "TIME.",
                    "box": [
                        611,
                        676,
                        648,
                        688
                    ]
                }
            ],
            "id": 24
        },
        {
            "text": "EFFECTIVENESS OF ADVERTISING:",
            "box": [
                71,
                746,
                316,
                761
            ],
            "linking": [
                [
                    25,
                    26
                ],
                [
                    25,
                    27
                ]
            ],
            "label": "question",
            "words": [
                {
                    "text": "EFFECTIVENESS",
                    "box": [
                        71,
                        748,
                        186,
                        761
                    ]
                },
                {
                    "text": "OF",
                    "box": [
                        189,
                        746,
                        212,
                        759
                    ]
                },
                {
                    "text": "ADVERTISING:",
                    "box": [
                        213,
                        746,
                        316,
                        758
                    ]
                }
            ],
            "id": 25
        },
        {
            "text": "OUTDOOR AND PRINT ADS HAVE BEEN EFFECTIVE IN",
            "box": [
                321,
                739,
                638,
                757
            ],
            "linking": [
                [
                    25,
                    26
                ]
            ],
            "label": "answer",
            "words": [
                {
                    "text": "OUTDOOR",
                    "box": [
                        321,
                        744,
                        386,
                        757
                    ]
                },
                {
                    "text": "AND",
                    "box": [
                        385,
                        746,
                        415,
                        756
                    ]
                },
                {
                    "text": "PRINT",
                    "box": [
                        415,
                        744,
                        452,
                        754
                    ]
                },
                {
                    "text": "ADS",
                    "box": [
                        455,
                        743,
                        482,
                        756
                    ]
                },
                {
                    "text": "HAVE",
                    "box": [
                        482,
                        743,
                        517,
                        755
                    ]
                },
                {
                    "text": "BEEN",
                    "box": [
                        520,
                        743,
                        557,
                        753
                    ]
                },
                {
                    "text": "EFFECTIVE",
                    "box": [
                        556,
                        741,
                        624,
                        751
                    ]
                },
                {
                    "text": "IN",
                    "box": [
                        626,
                        739,
                        638,
                        752
                    ]
                }
            ],
            "id": 26
        },
        {
            "text": "CREATING CONSUMER AWARENESS IN THOSE ARE EYE CATCHING AND CONSUMERS ARE MORE AWARE OF THE PRODUCT IN THOSE MARKETS WITH ADVERTISING.",
            "box": [
                71,
                764,
                651,
                820
            ],
            "linking": [
                [
                    25,
                    27
                ]
            ],
            "label": "answer",
            "words": [
                {
                    "text": "CREATING",
                    "box": [
                        73,
                        769,
                        133,
                        784
                    ]
                },
                {
                    "text": "CONSUMER",
                    "box": [
                        136,
                        767,
                        211,
                        782
                    ]
                },
                {
                    "text": "AWARENESS",
                    "box": [
                        211,
                        769,
                        287,
                        777
                    ]
                },
                {
                    "text": "IN",
                    "box": [
                        292,
                        764,
                        304,
                        782
                    ]
                },
                {
                    "text": "THOSE",
                    "box": [
                        309,
                        764,
                        351,
                        777
                    ]
                },
                {
                    "text": "ARE",
                    "box": [
                        71,
                        791,
                        98,
                        803
                    ]
                },
                {
                    "text": "EYE",
                    "box": [
                        101,
                        789,
                        124,
                        802
                    ]
                },
                {
                    "text": "CATCHING",
                    "box": [
                        130,
                        787,
                        193,
                        799
                    ]
                },
                {
                    "text": "AND",
                    "box": [
                        194,
                        786,
                        221,
                        799
                    ]
                },
                {
                    "text": "CONSUMERS",
                    "box": [
                        221,
                        786,
                        302,
                        796
                    ]
                },
                {
                    "text": "ARE",
                    "box": [
                        306,
                        786,
                        331,
                        796
                    ]
                },
                {
                    "text": "MORE",
                    "box": [
                        331,
                        782,
                        373,
                        795
                    ]
                },
                {
                    "text": "AWARE",
                    "box": [
                        374,
                        782,
                        417,
                        794
                    ]
                },
                {
                    "text": "OF",
                    "box": [
                        420,
                        782,
                        435,
                        794
                    ]
                },
                {
                    "text": "THE",
                    "box": [
                        440,
                        781,
                        465,
                        794
                    ]
                },
                {
                    "text": "PRODUCT",
                    "box": [
                        467,
                        781,
                        525,
                        794
                    ]
                },
                {
                    "text": "IN",
                    "box": [
                        530,
                        782,
                        543,
                        792
                    ]
                },
                {
                    "text": "THOSE",
                    "box": [
                        547,
                        779,
                        589,
                        791
                    ]
                },
                {
                    "text": "MARKETS",
                    "box": [
                        591,
                        777,
                        651,
                        789
                    ]
                },
                {
                    "text": "WITH",
                    "box": [
                        71,
                        807,
                        109,
                        820
                    ]
                },
                {
                    "text": "ADVERTISING.",
                    "box": [
                        106,
                        809,
                        192,
                        819
                    ]
                }
            ],
            "id": 27
        },
        {
            "text": "PAGE 1 of 4",
            "box": [
                68,
                900,
                140,
                915
            ],
            "linking": [],
            "label": "other",
            "words": [
                {
                    "text": "PAGE",
                    "box": [
                        68,
                        902,
                        105,
                        915
                    ]
                },
                {
                    "text": "1",
                    "box": [
                        106,
                        902,
                        114,
                        915
                    ]
                },
                {
                    "text": "of",
                    "box": [
                        115,
                        902,
                        127,
                        915
                    ]
                },
                {
                    "text": "4",
                    "box": [
                        128,
                        900,
                        140,
                        913
                    ]
                }
            ],
            "id": 28
        }
    ]
}