{
    "form": [
        {
            "box": [
                68,
                206,
                119,
                221
            ],
            "text": "17,000",
            "label": "answer",
            "words": [
                {
                    "box": [
                        68,
                        206,
                        119,
                        221
                    ],
                    "text": "17,000"
                }
            ],
            "linking": [
                [
                    47,
                    0
                ]
            ],
            "id": 0
        },
        {
            "box": [
                73,
                234,
                118,
                252
            ],
            "text": "8.000",
            "label": "answer",
            "words": [
                {
                    "box": [
                        73,
                        234,
                        118,
                        252
                    ],
                    "text": "8.000"
                }
            ],
            "linking": [
                [
                    47,
                    1
                ]
            ],
            "id": 1
        },
        {
            "box": [
                70,
                264,
                121,
                277
            ],
            "text": "16.000",
            "label": "answer",
            "words": [
                {
                    "box": [
                        70,
                        264,
                        121,
                        277
                    ],
                    "text": "16.000"
                }
            ],
            "linking": [
                [
                    47,
                    2
                ]
            ],
            "id": 2
        },
        {
            "box": [
                68,
                294,
                118,
                309
            ],
            "text": "19.000",
            "label": "answer",
            "words": [
                {
                    "box": [
                        68,
                        294,
                        118,
                        309
                    ],
                    "text": "19.000"
                }
            ],
            "linking": [
                [
                    47,
                    3
                ]
            ],
            "id": 3
        },
        {
            "box": [
                203,
                206,
                250,
                221
            ],
            "text": "25,500",
            "label": "answer",
            "words": [
                {
                    "box": [
                        203,
                        206,
                        250,
                        221
                    ],
                    "text": "25,500"
                }
            ],
            "linking": [
                [
                    49,
                    4
                ]
            ],
            "id": 4
        },
        {
            "box": [
                203,
                238,
                250,
                251
            ],
            "text": "18,000",
            "label": "answer",
            "words": [
                {
                    "box": [
                        203,
                        238,
                        250,
                        251
                    ],
                    "text": "18,000"
                }
            ],
            "linking": [
                [
                    49,
                    5
                ]
            ],
            "id": 5
        },
        {
            "box": [
                201,
                264,
                251,
                279
            ],
            "text": "20,000",
            "label": "answer",
            "words": [
                {
                    "box": [
                        201,
                        264,
                        251,
                        279
                    ],
                    "text": "20,000"
                }
            ],
            "linking": [
                [
                    49,
                    6
                ]
            ],
            "id": 6
        },
        {
            "box": [
                199,
                294,
                250,
                309
            ],
            "text": "29,000",
            "label": "answer",
            "words": [
                {
                    "box": [
                        199,
                        294,
                        250,
                        309
                    ],
                    "text": "29,000"
                }
            ],
            "linking": [
                [
                    49,
                    7
                ]
            ],
            "id": 7
        },
        {
            "box": [
                140,
                266,
                188,
                279
            ],
            "text": "4,000",
            "label": "answer",
            "words": [
                {
                    "box": [
                        140,
                        266,
                        188,
                        279
                    ],
                    "text": "4,000"
                }
            ],
            "linking": [
                [
                    48,
                    8
                ]
            ],
            "id": 8
        },
        {
            "box": [
                135,
                234,
                185,
                247
            ],
            "text": "10,000",
            "label": "answer",
            "words": [
                {
                    "box": [
                        135,
                        234,
                        185,
                        247
                    ],
                    "text": "10,000"
                }
            ],
            "linking": [
                [
                    48,
                    9
                ]
            ],
            "id": 9
        },
        {
            "box": [
                138,
                209,
                185,
                221
            ],
            "text": "8,500",
            "label": "answer",
            "words": [
                {
                    "box": [
                        138,
                        209,
                        185,
                        221
                    ],
                    "text": "8,500"
                }
            ],
            "linking": [
                [
                    48,
                    10
                ]
            ],
            "id": 10
        },
        {
            "box": [
                136,
                294,
                181,
                306
            ],
            "text": "10.000",
            "label": "answer",
            "words": [
                {
                    "box": [
                        136,
                        294,
                        181,
                        306
                    ],
                    "text": "10.000"
                }
            ],
            "linking": [
                [
                    48,
                    11
                ]
            ],
            "id": 11
        },
        {
            "box": [
                272,
                206,
                309,
                223
            ],
            "text": "6450",
            "label": "answer",
            "words": [
                {
                    "box": [
                        272,
                        206,
                        309,
                        223
                    ],
                    "text": "6450"
                }
            ],
            "linking": [
                [
                    50,
                    12
                ]
            ],
            "id": 12
        },
        {
            "box": [
                274,
                234,
                309,
                252
            ],
            "text": "6460",
            "label": "answer",
            "words": [
                {
                    "box": [
                        274,
                        234,
                        309,
                        252
                    ],
                    "text": "6460"
                }
            ],
            "linking": [
                [
                    50,
                    13
                ]
            ],
            "id": 13
        },
        {
            "box": [
                272,
                262,
                305,
                277
            ],
            "text": "6470",
            "label": "answer",
            "words": [
                {
                    "box": [
                        272,
                        262,
                        305,
                        277
                    ],
                    "text": "6470"
                }
            ],
            "linking": [
                [
                    50,
                    14
                ]
            ],
            "id": 14
        },
        {
            "box": [
                272,
                292,
                309,
                310
            ],
            "text": "6560",
            "label": "answer",
            "words": [
                {
                    "box": [
                        272,
                        292,
                        309,
                        310
                    ],
                    "text": "6560"
                }
            ],
            "linking": [
                [
                    50,
                    15
                ]
            ],
            "id": 15
        },
        {
            "box": [
                324,
                204,
                385,
                219
            ],
            "text": "Consumer",
            "label": "answer",
            "words": [
                {
                    "box": [
                        324,
                        204,
                        385,
                        219
                    ],
                    "text": "Consumer"
                }
            ],
            "linking": [
                [
                    28,
                    16
                ]
            ],
            "id": 16
        },
        {
            "box": [
                326,
                238,
                386,
                251
            ],
            "text": "Consumer",
            "label": "answer",
            "words": [
                {
                    "box": [
                        326,
                        238,
                        386,
                        251
                    ],
                    "text": "Consumer"
                }
            ],
            "linking": [
                [
                    28,
                    17
                ]
            ],
            "id": 17
        },
        {
            "box": [
                326,
                261,
                389,
                281
            ],
            "text": "Consumer",
            "label": "answer",
            "words": [
                {
                    "box": [
                        326,
                        261,
                        389,
                        281
                    ],
                    "text": "Consumer"
                }
            ],
            "linking": [
                [
                    28,
                    18
                ]
            ],
            "id": 18
        },
        {
            "box": [
                324,
                297,
                379,
                309
            ],
            "text": "Special",
            "label": "answer",
            "words": [
                {
                    "box": [
                        324,
                        297,
                        379,
                        309
                    ],
                    "text": "Special"
                }
            ],
            "linking": [
                [
                    28,
                    19
                ]
            ],
            "id": 19
        },
        {
            "box": [
                576,
                204,
                624,
                224
            ],
            "text": "30,000",
            "label": "answer",
            "words": [
                {
                    "box": [
                        576,
                        204,
                        624,
                        224
                    ],
                    "text": "30,000"
                }
            ],
            "linking": [
                [
                    52,
                    20
                ]
            ],
            "id": 20
        },
        {
            "box": [
                578,
                236,
                626,
                253
            ],
            "text": "28,000",
            "label": "answer",
            "words": [
                {
                    "box": [
                        578,
                        236,
                        626,
                        253
                    ],
                    "text": "28,000"
                }
            ],
            "linking": [
                [
                    52,
                    21
                ]
            ],
            "id": 21
        },
        {
            "box": [
                578,
                264,
                626,
                281
            ],
            "text": "20,000",
            "label": "answer",
            "words": [
                {
                    "box": [
                        578,
                        264,
                        626,
                        281
                    ],
                    "text": "20,000"
                }
            ],
            "linking": [
                [
                    52,
                    22
                ]
            ],
            "id": 22
        },
        {
            "box": [
                576,
                294,
                626,
                307
            ],
            "text": "42,000",
            "label": "other",
            "words": [
                {
                    "box": [
                        576,
                        294,
                        626,
                        307
                    ],
                    "text": "42,000"
                }
            ],
            "linking": [],
            "id": 23
        },
        {
            "box": [
                636,
                206,
                696,
                223
            ],
            "text": "4,500)",
            "label": "answer",
            "words": [
                {
                    "box": [
                        636,
                        206,
                        696,
                        223
                    ],
                    "text": "4,500)"
                }
            ],
            "linking": [
                [
                    53,
                    24
                ]
            ],
            "id": 24
        },
        {
            "box": [
                636,
                238,
                696,
                255
            ],
            "text": "(10,000)",
            "label": "answer",
            "words": [
                {
                    "box": [
                        636,
                        238,
                        696,
                        255
                    ],
                    "text": "(10,000)"
                }
            ],
            "linking": [
                [
                    53,
                    25
                ]
            ],
            "id": 25
        },
        {
            "box": [
                638,
                292,
                696,
                310
            ],
            "text": "(13,000)",
            "label": "answer",
            "words": [
                {
                    "box": [
                        638,
                        292,
                        696,
                        310
                    ],
                    "text": "(13,000)"
                }
            ],
            "linking": [
                [
                    53,
                    26
                ]
            ],
            "id": 26
        },
        {
            "box": [
                135,
                93,
                173,
                108
            ],
            "text": "Sales",
            "label": "answer",
            "words": [
                {
                    "box": [
                        135,
                        93,
                        173,
                        108
                    ],
                    "text": "Sales"
                }
            ],
            "linking": [
                [
                    29,
                    27
                ]
            ],
            "id": 27
        },
        {
            "box": [
                422,
                146,
                459,
                164
            ],
            "text": "ITEM",
            "label": "question",
            "words": [
                {
                    "box": [
                        422,
                        146,
                        459,
                        164
                    ],
                    "text": "ITEM"
                }
            ],
            "linking": [
                [
                    28,
                    16
                ],
                [
                    28,
                    17
                ],
                [
                    28,
                    18
                ],
                [
                    28,
                    19
                ],
                [
                    28,
                    41
                ]
            ],
            "id": 28
        },
        {
            "box": [
                53,
                98,
                121,
                111
            ],
            "text": "Division",
            "label": "question",
            "words": [
                {
                    "box": [
                        53,
                        98,
                        121,
                        111
                    ],
                    "text": "Division"
                }
            ],
            "linking": [
                [
                    29,
                    27
                ]
            ],
            "id": 29
        },
        {
            "box": [
                282,
                100,
                355,
                113
            ],
            "text": "Department",
            "label": "question",
            "words": [
                {
                    "box": [
                        282,
                        100,
                        355,
                        113
                    ],
                    "text": "Department"
                }
            ],
            "linking": [
                [
                    30,
                    45
                ]
            ],
            "id": 30
        },
        {
            "box": [
                664,
                65,
                699,
                77
            ],
            "text": "LT-1.71",
            "label": "other",
            "words": [
                {
                    "box": [
                        664,
                        65,
                        699,
                        77
                    ],
                    "text": "LT-1.71"
                }
            ],
            "linking": [],
            "id": 31
        },
        {
            "box": [
                70,
                899,
                117,
                919
            ],
            "text": "60,000",
            "label": "answer",
            "words": [
                {
                    "box": [
                        70,
                        899,
                        117,
                        919
                    ],
                    "text": "60,000"
                }
            ],
            "linking": [
                [
                    47,
                    32
                ]
            ],
            "id": 32
        },
        {
            "box": [
                133,
                899,
                178,
                919
            ],
            "text": "32,500",
            "label": "answer",
            "words": [
                {
                    "box": [
                        133,
                        899,
                        178,
                        919
                    ],
                    "text": "32,500"
                }
            ],
            "linking": [
                [
                    48,
                    33
                ]
            ],
            "id": 33
        },
        {
            "box": [
                193,
                900,
                248,
                917
            ],
            "text": "92,500",
            "label": "answer",
            "words": [
                {
                    "box": [
                        193,
                        900,
                        248,
                        917
                    ],
                    "text": "92,500"
                }
            ],
            "linking": [
                [
                    49,
                    34
                ]
            ],
            "id": 34
        },
        {
            "box": [
                576,
                900,
                626,
                918
            ],
            "text": "120,000",
            "label": "answer",
            "words": [
                {
                    "box": [
                        576,
                        900,
                        626,
                        918
                    ],
                    "text": "120,000"
                }
            ],
            "linking": [
                [
                    52,
                    35
                ]
            ],
            "id": 35
        },
        {
            "box": [
                638,
                904,
                688,
                919
            ],
            "text": "27,500",
            "label": "answer",
            "words": [
                {
                    "box": [
                        638,
                        904,
                        688,
                        919
                    ],
                    "text": "27,500"
                }
            ],
            "linking": [
                [
                    53,
                    36
                ]
            ],
            "id": 36
        },
        {
            "box": [
                317,
                939,
                428,
                951
            ],
            "text": "",
            "label": "answer",
            "words": [
                {
                    "box": [
                        317,
                        939,
                        428,
                        951
                    ],
                    "text": ""
                }
            ],
            "linking": [
                [
                    39,
                    37
                ]
            ],
            "id": 37
        },
        {
            "box": [
                570,
                930,
                693,
                957
            ],
            "text": "",
            "label": "answer",
            "words": [
                {
                    "box": [
                        570,
                        930,
                        693,
                        957
                    ],
                    "text": ""
                }
            ],
            "linking": [
                [
                    40,
                    38
                ]
            ],
            "id": 38
        },
        {
            "box": [
                316,
                927,
                379,
                937
            ],
            "text": "APPROVAL",
            "label": "question",
            "words": [
                {
                    "box": [
                        316,
                        927,
                        379,
                        937
                    ],
                    "text": "APPROVAL"
                }
            ],
            "linking": [
                [
                    39,
                    37
                ]
            ],
            "id": 39
        },
        {
            "box": [
                570,
                925,
                631,
                935
            ],
            "text": "APPROVAL",
            "label": "question",
            "words": [
                {
                    "box": [
                        570,
                        925,
                        631,
                        935
                    ],
                    "text": "APPROVAL"
                }
            ],
            "linking": [
                [
                    40,
                    38
                ]
            ],
            "id": 40
        },
        {
            "box": [
                316,
                897,
                353,
                910
            ],
            "text": "",
            "label": "question",
            "words": [
                {
                    "box": [
                        316,
                        897,
                        353,
                        910
                    ],
                    "text": ""
                }
            ],
            "linking": [
                [
                    28,
                    41
                ]
            ],
            "id": 41
        },
        {
            "box": [
                684,
                771,
                707,
                846
            ],
            "text": "91104867",
            "label": "other",
            "words": [
                {
                    "box": [
                        684,
                        771,
                        707,
                        846
                    ],
                    "text": "91104867"
                }
            ],
            "linking": [],
            "id": 42
        },
        {
            "text": "DEPARTMENT EXPENSE BUDGET SUMMARY",
            "box": [
                241,
                51,
                489,
                61
            ],
            "linking": [],
            "label": "title",
            "words": [
                {
                    "text": "DEPARTMENT",
                    "box": [
                        241,
                        51,
                        319,
                        61
                    ]
                },
                {
                    "text": "EXPENSE",
                    "box": [
                        321,
                        53,
                        376,
                        61
                    ]
                },
                {
                    "text": "BUDGET",
                    "box": [
                        380,
                        51,
                        428,
                        61
                    ]
                },
                {
                    "text": "SUMMARY",
                    "box": [
                        434,
                        51,
                        489,
                        61
                    ]
                }
            ],
            "id": 43
        },
        {
            "text": "LORILLARD DIVISION DE LOEW'S CORP.",
            "box": [
                58,
                58,
                236,
                86
            ],
            "linking": [],
            "label": "other",
            "words": [
                {
                    "text": "LORILLARD",
                    "box": [
                        60,
                        58,
                        126,
                        71
                    ]
                },
                {
                    "text": "DIVISION",
                    "box": [
                        58,
                        71,
                        123,
                        86
                    ]
                },
                {
                    "text": "DE",
                    "box": [
                        128,
                        73,
                        141,
                        86
                    ]
                },
                {
                    "text": "LOEW'S",
                    "box": [
                        148,
                        73,
                        191,
                        86
                    ]
                },
                {
                    "text": "CORP.",
                    "box": [
                        203,
                        73,
                        236,
                        85
                    ]
                }
            ],
            "id": 44
        },
        {
            "text": "Domestic Tax Free",
            "box": [
                359,
                93,
                490,
                108
            ],
            "linking": [
                [
                    30,
                    45
                ]
            ],
            "label": "answer",
            "words": [
                {
                    "text": "Domestic",
                    "box": [
                        359,
                        93,
                        422,
                        106
                    ]
                },
                {
                    "text": "Tax",
                    "box": [
                        429,
                        93,
                        454,
                        106
                    ]
                },
                {
                    "text": "Free",
                    "box": [
                        458,
                        95,
                        490,
                        108
                    ]
                }
            ],
            "id": 45
        },
        {
            "text": "Dept. Code No.",
            "box": [
                520,
                81,
                585,
                111
            ],
            "linking": [],
            "label": "question",
            "words": [
                {
                    "text": "Dept.",
                    "box": [
                        520,
                        81,
                        558,
                        94
                    ]
                },
                {
                    "text": "Code",
                    "box": [
                        525,
                        96,
                        558,
                        111
                    ]
                },
                {
                    "text": "No.",
                    "box": [
                        560,
                        98,
                        585,
                        106
                    ]
                }
            ],
            "id": 46
        },
        {
            "text": "ACTUAL 8 MONTHS",
            "box": [
                58,
                159,
                121,
                191
            ],
            "linking": [
                [
                    47,
                    0
                ],
                [
                    47,
                    1
                ],
                [
                    47,
                    2
                ],
                [
                    47,
                    3
                ],
                [
                    51,
                    47
                ],
                [
                    47,
                    32
                ]
            ],
            "label": "question",
            "words": [
                {
                    "text": "ACTUAL",
                    "box": [
                        61,
                        159,
                        114,
                        172
                    ]
                },
                {
                    "text": "8",
                    "box": [
                        58,
                        174,
                        73,
                        187
                    ]
                },
                {
                    "text": "MONTHS",
                    "box": [
                        76,
                        176,
                        121,
                        191
                    ]
                }
            ],
            "id": 47
        },
        {
            "text": "PROJECTED 4 MONTHS",
            "box": [
                125,
                158,
                189,
                187
            ],
            "linking": [
                [
                    48,
                    10
                ],
                [
                    48,
                    9
                ],
                [
                    48,
                    8
                ],
                [
                    48,
                    11
                ],
                [
                    51,
                    48
                ],
                [
                    48,
                    33
                ]
            ],
            "label": "question",
            "words": [
                {
                    "text": "PROJECTED",
                    "box": [
                        128,
                        158,
                        189,
                        173
                    ]
                },
                {
                    "text": "4",
                    "box": [
                        125,
                        174,
                        135,
                        187
                    ]
                },
                {
                    "text": "MONTHS",
                    "box": [
                        136,
                        174,
                        184,
                        187
                    ]
                }
            ],
            "id": 48
        },
        {
            "text": "TOTAL YEAR",
            "box": [
                198,
                159,
                240,
                187
            ],
            "linking": [
                [
                    49,
                    4
                ],
                [
                    49,
                    5
                ],
                [
                    49,
                    6
                ],
                [
                    49,
                    7
                ],
                [
                    51,
                    49
                ],
                [
                    49,
                    34
                ]
            ],
            "label": "question",
            "words": [
                {
                    "text": "TOTAL",
                    "box": [
                        198,
                        159,
                        240,
                        172
                    ]
                },
                {
                    "text": "YEAR",
                    "box": [
                        203,
                        174,
                        233,
                        187
                    ]
                }
            ],
            "id": 49
        },
        {
            "text": "ACCOUNT NO.",
            "box": [
                257,
                145,
                308,
                174
            ],
            "linking": [
                [
                    50,
                    12
                ],
                [
                    50,
                    13
                ],
                [
                    50,
                    14
                ],
                [
                    50,
                    15
                ]
            ],
            "label": "question",
            "words": [
                {
                    "text": "ACCOUNT",
                    "box": [
                        257,
                        145,
                        308,
                        160
                    ]
                },
                {
                    "text": "NO.",
                    "box": [
                        269,
                        159,
                        296,
                        174
                    ]
                }
            ],
            "id": 50
        },
        {
            "text": "PROJECTED CURRENT YEAR EXPENSES 19",
            "box": [
                73,
                121,
                238,
                155
            ],
            "linking": [
                [
                    51,
                    47
                ],
                [
                    51,
                    48
                ],
                [
                    51,
                    49
                ]
            ],
            "label": "title",
            "words": [
                {
                    "text": "PROJECTED",
                    "box": [
                        75,
                        126,
                        141,
                        138
                    ]
                },
                {
                    "text": "CURRENT",
                    "box": [
                        145,
                        121,
                        205,
                        138
                    ]
                },
                {
                    "text": "YEAR",
                    "box": [
                        206,
                        126,
                        238,
                        139
                    ]
                },
                {
                    "text": "EXPENSES",
                    "box": [
                        73,
                        143,
                        136,
                        155
                    ]
                },
                {
                    "text": "19",
                    "box": [
                        143,
                        140,
                        166,
                        155
                    ]
                }
            ],
            "id": 51
        },
        {
            "text": "BUDGET YEAR 19",
            "box": [
                580,
                148,
                627,
                186
            ],
            "linking": [
                [
                    52,
                    20
                ],
                [
                    52,
                    21
                ],
                [
                    52,
                    22
                ],
                [
                    52,
                    35
                ]
            ],
            "label": "question",
            "words": [
                {
                    "text": "BUDGET",
                    "box": [
                        580,
                        148,
                        627,
                        161
                    ]
                },
                {
                    "text": "YEAR",
                    "box": [
                        580,
                        163,
                        612,
                        176
                    ]
                },
                {
                    "text": "19",
                    "box": [
                        580,
                        176,
                        598,
                        186
                    ]
                }
            ],
            "id": 52
        },
        {
            "text": "VS. CURRENT YEAR (INCR.) DECR.",
            "box": [
                641,
                126,
                699,
                194
            ],
            "linking": [
                [
                    53,
                    24
                ],
                [
                    53,
                    25
                ],
                [
                    53,
                    26
                ],
                [
                    53,
                    36
                ]
            ],
            "label": "question",
            "words": [
                {
                    "text": "",
                    "box": [
                        646,
                        126,
                        696,
                        138
                    ]
                },
                {
                    "text": "VS.",
                    "box": [
                        659,
                        136,
                        681,
                        148
                    ]
                },
                {
                    "text": "CURRENT",
                    "box": [
                        641,
                        146,
                        697,
                        158
                    ]
                },
                {
                    "text": "YEAR",
                    "box": [
                        654,
                        158,
                        684,
                        170
                    ]
                },
                {
                    "text": "(INCR.)",
                    "box": [
                        643,
                        166,
                        699,
                        181
                    ]
                },
                {
                    "text": "DECR.",
                    "box": [
                        648,
                        179,
                        691,
                        194
                    ]
                }
            ],
            "id": 53
        },
        {
            "text": "Form P.O. 1049-A 788",
            "box": [
                576,
                50,
                731,
                71
            ],
            "linking": [],
            "label": "other",
            "words": [
                {
                    "text": "Form",
                    "box": [
                        576,
                        51,
                        609,
                        63
                    ]
                },
                {
                    "text": "P.O.",
                    "box": [
                        611,
                        53,
                        643,
                        65
                    ]
                },
                {
                    "text": "1049-A",
                    "box": [
                        651,
                        50,
                        694,
                        62
                    ]
                },
                {
                    "text": "788",
                    "box": [
                        706,
                        51,
                        731,
                        71
                    ]
                }
            ],
            "id": 54
        },
        {
            "text": "DATE SUBMITTED AND DEPT. MANAGER",
            "box": [
                65,
                925,
                299,
                938
            ],
            "linking": [],
            "label": "question",
            "words": [
                {
                    "text": "DATE",
                    "box": [
                        65,
                        925,
                        98,
                        938
                    ]
                },
                {
                    "text": "SUBMITTED",
                    "box": [
                        103,
                        927,
                        164,
                        937
                    ]
                },
                {
                    "text": "AND",
                    "box": [
                        169,
                        925,
                        196,
                        937
                    ]
                },
                {
                    "text": "DEPT.",
                    "box": [
                        199,
                        925,
                        237,
                        938
                    ]
                },
                {
                    "text": "MANAGER",
                    "box": [
                        244,
                        925,
                        299,
                        937
                    ]
                }
            ],
            "id": 55
        }
    ]
}