{
    "form": [
        {
            "box": [
                41,
                68,
                69,
                88
            ],
            "text": "TO:",
            "label": "question",
            "words": [
                {
                    "box": [
                        41,
                        68,
                        69,
                        88
                    ],
                    "text": "TO:"
                }
            ],
            "linking": [
                [
                    0,
                    7
                ]
            ],
            "id": 0
        },
        {
            "box": [
                41,
                103,
                87,
                120
            ],
            "text": "FROM:",
            "label": "question",
            "words": [
                {
                    "box": [
                        41,
                        103,
                        87,
                        120
                    ],
                    "text": "FROM:"
                }
            ],
            "linking": [],
            "id": 1
        },
        {
            "box": [
                41,
                138,
                111,
                153
            ],
            "text": "SUBJECT:",
            "label": "question",
            "words": [
                {
                    "box": [
                        41,
                        138,
                        111,
                        153
                    ],
                    "text": "SUBJECT:"
                }
            ],
            "linking": [
                [
                    2,
                    13
                ]
            ],
            "id": 2
        },
        {
            "box": [
                39,
                198,
                142,
                219
            ],
            "text": "DISTRIBUTION:",
            "label": "question",
            "words": [
                {
                    "box": [
                        39,
                        198,
                        142,
                        219
                    ],
                    "text": "DISTRIBUTION:"
                }
            ],
            "linking": [
                [
                    3,
                    14
                ]
            ],
            "id": 3
        },
        {
            "box": [
                187,
                335,
                255,
                353
            ],
            "text": "ACCOUNT",
            "label": "question",
            "words": [
                {
                    "box": [
                        187,
                        335,
                        255,
                        353
                    ],
                    "text": "ACCOUNT"
                }
            ],
            "linking": [
                [
                    15,
                    4
                ]
            ],
            "id": 4
        },
        {
            "box": [
                550,
                334,
                585,
                348
            ],
            "text": "100'S",
            "label": "question",
            "words": [
                {
                    "box": [
                        550,
                        334,
                        585,
                        348
                    ],
                    "text": "100'S"
                }
            ],
            "linking": [
                [
                    15,
                    5
                ]
            ],
            "id": 5
        },
        {
            "box": [
                694,
                749,
                712,
                841
            ],
            "text": "9131506",
            "label": "other",
            "words": [
                {
                    "box": [
                        694,
                        749,
                        712,
                        841
                    ],
                    "text": "9131506"
                }
            ],
            "linking": [],
            "id": 6
        },
        {
            "text": "R. H. ORCUTT",
            "box": [
                98,
                67,
                198,
                87
            ],
            "linking": [
                [
                    0,
                    7
                ]
            ],
            "label": "answer",
            "words": [
                {
                    "text": "R.",
                    "box": [
                        98,
                        67,
                        116,
                        87
                    ]
                },
                {
                    "text": "H.",
                    "box": [
                        116,
                        70,
                        131,
                        87
                    ]
                },
                {
                    "text": "ORCUTT",
                    "box": [
                        135,
                        68,
                        198,
                        82
                    ]
                }
            ],
            "id": 7
        },
        {
            "text": "SUBMISSION DATE:",
            "box": [
                483,
                64,
                619,
                81
            ],
            "linking": [
                [
                    8,
                    9
                ],
                [
                    8,
                    10
                ],
                [
                    8,
                    11
                ],
                [
                    8,
                    12
                ]
            ],
            "label": "title",
            "words": [
                {
                    "text": "SUBMISSION",
                    "box": [
                        483,
                        64,
                        574,
                        81
                    ]
                },
                {
                    "text": "DATE:",
                    "box": [
                        577,
                        64,
                        619,
                        81
                    ]
                }
            ],
            "id": 8
        },
        {
            "text": "OCT 3 ☐",
            "box": [
                464,
                98,
                557,
                115
            ],
            "linking": [
                [
                    8,
                    9
                ]
            ],
            "label": "question",
            "words": [
                {
                    "text": "OCT",
                    "box": [
                        464,
                        99,
                        496,
                        114
                    ]
                },
                {
                    "text": "3",
                    "box": [
                        499,
                        101,
                        512,
                        115
                    ]
                },
                {
                    "text": "☐",
                    "box": [
                        525,
                        98,
                        557,
                        115
                    ]
                }
            ],
            "id": 9
        },
        {
            "text": "OCT 31 ☐",
            "box": [
                465,
                116,
                557,
                133
            ],
            "linking": [
                [
                    8,
                    10
                ]
            ],
            "label": "question",
            "words": [
                {
                    "text": "OCT",
                    "box": [
                        465,
                        116,
                        496,
                        133
                    ]
                },
                {
                    "text": "31",
                    "box": [
                        497,
                        119,
                        515,
                        130
                    ]
                },
                {
                    "text": "☐",
                    "box": [
                        525,
                        116,
                        557,
                        133
                    ]
                }
            ],
            "id": 10
        },
        {
            "text": "DEC 26 ☐",
            "box": [
                575,
                96,
                659,
                115
            ],
            "linking": [
                [
                    8,
                    11
                ]
            ],
            "label": "question",
            "words": [
                {
                    "text": "DEC",
                    "box": [
                        575,
                        98,
                        607,
                        115
                    ]
                },
                {
                    "text": "26",
                    "box": [
                        609,
                        98,
                        626,
                        115
                    ]
                },
                {
                    "text": "☐",
                    "box": [
                        628,
                        96,
                        659,
                        114
                    ]
                }
            ],
            "id": 11
        },
        {
            "text": "JAN 23 ☐",
            "box": [
                575,
                116,
                662,
                133
            ],
            "linking": [
                [
                    8,
                    12
                ]
            ],
            "label": "question",
            "words": [
                {
                    "text": "JAN",
                    "box": [
                        575,
                        116,
                        606,
                        131
                    ]
                },
                {
                    "text": "23",
                    "box": [
                        608,
                        119,
                        625,
                        132
                    ]
                },
                {
                    "text": "☐",
                    "box": [
                        630,
                        116,
                        662,
                        133
                    ]
                }
            ],
            "id": 12
        },
        {
            "text": "HARLEY- DAVIDSON 100'S CIGARETTES PROGRESS REPORT",
            "box": [
                115,
                133,
                523,
                154
            ],
            "linking": [
                [
                    2,
                    13
                ]
            ],
            "label": "answer",
            "words": [
                {
                    "text": "HARLEY-",
                    "box": [
                        115,
                        137,
                        175,
                        154
                    ]
                },
                {
                    "text": "DAVIDSON",
                    "box": [
                        176,
                        138,
                        249,
                        151
                    ]
                },
                {
                    "text": "100'S",
                    "box": [
                        253,
                        137,
                        291,
                        154
                    ]
                },
                {
                    "text": "CIGARETTES",
                    "box": [
                        293,
                        134,
                        381,
                        151
                    ]
                },
                {
                    "text": "PROGRESS",
                    "box": [
                        383,
                        135,
                        461,
                        150
                    ]
                },
                {
                    "text": "REPORT",
                    "box": [
                        466,
                        133,
                        523,
                        148
                    ]
                }
            ],
            "id": 13
        },
        {
            "text": "EFFECTIVENESS OF PRE- SELL (REPORT ON OCT. 3 ONLY).",
            "box": [
                148,
                194,
                554,
                215
            ],
            "linking": [
                [
                    3,
                    14
                ]
            ],
            "label": "answer",
            "words": [
                {
                    "text": "EFFECTIVENESS",
                    "box": [
                        148,
                        198,
                        264,
                        215
                    ]
                },
                {
                    "text": "OF",
                    "box": [
                        265,
                        196,
                        292,
                        213
                    ]
                },
                {
                    "text": "PRE-",
                    "box": [
                        293,
                        197,
                        327,
                        212
                    ]
                },
                {
                    "text": "SELL",
                    "box": [
                        328,
                        197,
                        359,
                        214
                    ]
                },
                {
                    "text": "(REPORT",
                    "box": [
                        365,
                        194,
                        424,
                        212
                    ]
                },
                {
                    "text": "ON",
                    "box": [
                        427,
                        196,
                        449,
                        211
                    ]
                },
                {
                    "text": "OCT.",
                    "box": [
                        455,
                        194,
                        489,
                        212
                    ]
                },
                {
                    "text": "3",
                    "box": [
                        490,
                        197,
                        501,
                        211
                    ]
                },
                {
                    "text": "ONLY).",
                    "box": [
                        501,
                        194,
                        554,
                        212
                    ]
                }
            ],
            "id": 14
        },
        {
            "text": "DIRECT ACCOUNT AND CHAIN VOIDS (USE X TO INDICATE A VOID).",
            "box": [
                42,
                288,
                499,
                311
            ],
            "linking": [
                [
                    15,
                    4
                ],
                [
                    15,
                    16
                ],
                [
                    15,
                    5
                ],
                [
                    15,
                    17
                ]
            ],
            "label": "title",
            "words": [
                {
                    "text": "DIRECT",
                    "box": [
                        42,
                        291,
                        94,
                        311
                    ]
                },
                {
                    "text": "ACCOUNT",
                    "box": [
                        96,
                        289,
                        166,
                        307
                    ]
                },
                {
                    "text": "AND",
                    "box": [
                        166,
                        292,
                        201,
                        306
                    ]
                },
                {
                    "text": "CHAIN",
                    "box": [
                        203,
                        292,
                        250,
                        305
                    ]
                },
                {
                    "text": "VOIDS",
                    "box": [
                        250,
                        291,
                        297,
                        306
                    ]
                },
                {
                    "text": "(USE",
                    "box": [
                        297,
                        292,
                        333,
                        306
                    ]
                },
                {
                    "text": "X",
                    "box": [
                        332,
                        292,
                        349,
                        305
                    ]
                },
                {
                    "text": "TO",
                    "box": [
                        346,
                        288,
                        368,
                        305
                    ]
                },
                {
                    "text": "INDICATE",
                    "box": [
                        372,
                        289,
                        436,
                        304
                    ]
                },
                {
                    "text": "A",
                    "box": [
                        439,
                        291,
                        453,
                        305
                    ]
                },
                {
                    "text": "VOID).",
                    "box": [
                        453,
                        288,
                        499,
                        306
                    ]
                }
            ],
            "id": 15
        },
        {
            "text": "NO. STORES",
            "box": [
                451,
                320,
                508,
                348
            ],
            "linking": [
                [
                    15,
                    16
                ]
            ],
            "label": "question",
            "words": [
                {
                    "text": "NO.",
                    "box": [
                        468,
                        320,
                        496,
                        333
                    ]
                },
                {
                    "text": "STORES",
                    "box": [
                        451,
                        334,
                        508,
                        348
                    ]
                }
            ],
            "id": 16
        },
        {
            "text": "LTS. 100'S.",
            "box": [
                594,
                318,
                629,
                347
            ],
            "linking": [
                [
                    15,
                    17
                ]
            ],
            "label": "question",
            "words": [
                {
                    "text": "LTS.",
                    "box": [
                        596,
                        318,
                        627,
                        331
                    ]
                },
                {
                    "text": "100'S.",
                    "box": [
                        594,
                        334,
                        629,
                        347
                    ]
                }
            ],
            "id": 17
        },
        {
            "text": "% OF DISTRIBUTION ACHIEVED IN RETAIL OUTLETS:",
            "box": [
                42,
                559,
                401,
                580
            ],
            "linking": [
                [
                    18,
                    19
                ],
                [
                    18,
                    20
                ]
            ],
            "label": "title",
            "words": [
                {
                    "text": "%",
                    "box": [
                        42,
                        560,
                        57,
                        580
                    ]
                },
                {
                    "text": "OF",
                    "box": [
                        59,
                        561,
                        79,
                        578
                    ]
                },
                {
                    "text": "DISTRIBUTION",
                    "box": [
                        81,
                        559,
                        182,
                        576
                    ]
                },
                {
                    "text": "ACHIEVED",
                    "box": [
                        183,
                        560,
                        254,
                        577
                    ]
                },
                {
                    "text": "IN",
                    "box": [
                        257,
                        560,
                        275,
                        573
                    ]
                },
                {
                    "text": "RETAIL",
                    "box": [
                        277,
                        559,
                        326,
                        574
                    ]
                },
                {
                    "text": "OUTLETS:",
                    "box": [
                        330,
                        559,
                        401,
                        574
                    ]
                }
            ],
            "id": 18
        },
        {
            "text": "% CLASSIFIED CALLS",
            "box": [
                304,
                588,
                434,
                605
            ],
            "linking": [
                [
                    18,
                    19
                ]
            ],
            "label": "question",
            "words": [
                {
                    "text": "%",
                    "box": [
                        304,
                        588,
                        321,
                        605
                    ]
                },
                {
                    "text": "CLASSIFIED",
                    "box": [
                        323,
                        589,
                        393,
                        602
                    ]
                },
                {
                    "text": "CALLS",
                    "box": [
                        392,
                        588,
                        434,
                        603
                    ]
                }
            ],
            "id": 19
        },
        {
            "text": "% ANNUAL CALLS",
            "box": [
                306,
                610,
                415,
                625
            ],
            "linking": [
                [
                    18,
                    20
                ]
            ],
            "label": "question",
            "words": [
                {
                    "text": "%",
                    "box": [
                        306,
                        613,
                        321,
                        624
                    ]
                },
                {
                    "text": "ANNUAL",
                    "box": [
                        321,
                        612,
                        370,
                        625
                    ]
                },
                {
                    "text": "CALLS",
                    "box": [
                        376,
                        610,
                        415,
                        624
                    ]
                }
            ],
            "id": 20
        },
        {
            "text": "PROMOTIONAL IMPACT:",
            "box": [
                42,
                644,
                211,
                665
            ],
            "linking": [
                [
                    21,
                    22
                ],
                [
                    21,
                    23
                ],
                [
                    21,
                    24
                ]
            ],
            "label": "title",
            "words": [
                {
                    "text": "PROMOTIONAL",
                    "box": [
                        42,
                        644,
                        147,
                        665
                    ]
                },
                {
                    "text": "IMPACT:",
                    "box": [
                        147,
                        644,
                        211,
                        662
                    ]
                }
            ],
            "id": 21
        },
        {
            "text": "$.50 OFF PACK:",
            "box": [
                41,
                679,
                134,
                696
            ],
            "linking": [
                [
                    21,
                    22
                ]
            ],
            "label": "question",
            "words": [
                {
                    "text": "$.50",
                    "box": [
                        41,
                        680,
                        68,
                        694
                    ]
                },
                {
                    "text": "OFF",
                    "box": [
                        70,
                        679,
                        94,
                        696
                    ]
                },
                {
                    "text": "PACK:",
                    "box": [
                        98,
                        680,
                        134,
                        695
                    ]
                }
            ],
            "id": 22
        },
        {
            "text": "SALES FORCE 20'S:",
            "box": [
                43,
                756,
                158,
                773
            ],
            "linking": [
                [
                    21,
                    23
                ]
            ],
            "label": "question",
            "words": [
                {
                    "text": "SALES",
                    "box": [
                        43,
                        756,
                        82,
                        773
                    ]
                },
                {
                    "text": "FORCE",
                    "box": [
                        82,
                        757,
                        127,
                        771
                    ]
                },
                {
                    "text": "20'S:",
                    "box": [
                        127,
                        757,
                        158,
                        770
                    ]
                }
            ],
            "id": 23
        },
        {
            "text": "$5.00 OFF CARTON:",
            "box": [
                42,
                832,
                158,
                849
            ],
            "linking": [
                [
                    21,
                    24
                ]
            ],
            "label": "question",
            "words": [
                {
                    "text": "",
                    "box": [
                        42,
                        832,
                        50,
                        847
                    ]
                },
                {
                    "text": "$5.00",
                    "box": [
                        50,
                        832,
                        74,
                        846
                    ]
                },
                {
                    "text": "OFF",
                    "box": [
                        75,
                        834,
                        102,
                        848
                    ]
                },
                {
                    "text": "CARTON:",
                    "box": [
                        102,
                        832,
                        158,
                        849
                    ]
                }
            ],
            "id": 24
        },
        {
            "text": "1 of 2",
            "box": [
                39,
                923,
                74,
                940
            ],
            "linking": [],
            "label": "other",
            "words": [
                {
                    "text": "1",
                    "box": [
                        39,
                        923,
                        50,
                        937
                    ]
                },
                {
                    "text": "of",
                    "box": [
                        52,
                        923,
                        63,
                        938
                    ]
                },
                {
                    "text": "2",
                    "box": [
                        63,
                        923,
                        74,
                        940
                    ]
                }
            ],
            "id": 25
        }
    ]
}