{
    "form": [
        {
            "box": [
                115,
                172,
                161,
                192
            ],
            "text": "DATE:",
            "label": "question",
            "words": [
                {
                    "box": [
                        115,
                        172,
                        161,
                        192
                    ],
                    "text": "DATE:"
                }
            ],
            "linking": [
                [
                    0,
                    8
                ],
                [
                    5,
                    0
                ]
            ],
            "id": 0
        },
        {
            "box": [
                244,
                173,
                283,
                191
            ],
            "text": "TIME:",
            "label": "question",
            "words": [
                {
                    "box": [
                        244,
                        173,
                        283,
                        191
                    ],
                    "text": "TIME:"
                }
            ],
            "linking": [
                [
                    5,
                    1
                ]
            ],
            "id": 1
        },
        {
            "box": [
                64,
                225,
                186,
                245
            ],
            "text": "MANUFACTURER:",
            "label": "question",
            "words": [
                {
                    "box": [
                        64,
                        225,
                        186,
                        245
                    ],
                    "text": "MANUFACTURER:"
                }
            ],
            "linking": [
                [
                    2,
                    9
                ],
                [
                    5,
                    2
                ]
            ],
            "id": 2
        },
        {
            "box": [
                733,
                824,
                750,
                895
            ],
            "text": "91361993",
            "label": "other",
            "words": [
                {
                    "box": [
                        733,
                        824,
                        750,
                        895
                    ],
                    "text": "91361993"
                }
            ],
            "linking": [],
            "id": 3
        },
        {
            "box": [
                66,
                751,
                90,
                764
            ],
            "text": "cc:",
            "label": "question",
            "words": [
                {
                    "box": [
                        66,
                        751,
                        90,
                        764
                    ],
                    "text": "cc:"
                }
            ],
            "linking": [
                [
                    4,
                    34
                ],
                [
                    4,
                    36
                ],
                [
                    4,
                    35
                ],
                [
                    4,
                    37
                ],
                [
                    4,
                    38
                ],
                [
                    4,
                    39
                ],
                [
                    4,
                    28
                ],
                [
                    4,
                    29
                ],
                [
                    4,
                    30
                ],
                [
                    4,
                    31
                ],
                [
                    4,
                    32
                ],
                [
                    4,
                    33
                ],
                [
                    4,
                    21
                ],
                [
                    4,
                    22
                ],
                [
                    4,
                    23
                ],
                [
                    4,
                    24
                ],
                [
                    4,
                    25
                ],
                [
                    4,
                    26
                ],
                [
                    4,
                    27
                ],
                [
                    4,
                    18
                ],
                [
                    4,
                    19
                ],
                [
                    4,
                    20
                ],
                [
                    5,
                    4
                ]
            ],
            "id": 4
        },
        {
            "text": "NEW COMPETITIVE PRODUCTS",
            "box": [
                295,
                59,
                513,
                77
            ],
            "linking": [
                [
                    5,
                    7
                ],
                [
                    5,
                    0
                ],
                [
                    5,
                    1
                ],
                [
                    5,
                    2
                ],
                [
                    5,
                    11
                ],
                [
                    5,
                    12
                ],
                [
                    5,
                    13
                ],
                [
                    5,
                    14
                ],
                [
                    5,
                    15
                ],
                [
                    5,
                    16
                ],
                [
                    5,
                    4
                ]
            ],
            "label": "title",
            "words": [
                {
                    "text": "NEW",
                    "box": [
                        295,
                        60,
                        333,
                        77
                    ]
                },
                {
                    "text": "COMPETITIVE",
                    "box": [
                        334,
                        61,
                        429,
                        76
                    ]
                },
                {
                    "text": "PRODUCTS",
                    "box": [
                        433,
                        59,
                        513,
                        77
                    ]
                }
            ],
            "id": 5
        },
        {
            "text": "C. M. WIECHMANN, D. M. , LUBBOCK, TX",
            "box": [
                184,
                117,
                492,
                139
            ],
            "linking": [
                [
                    7,
                    6
                ]
            ],
            "label": "answer",
            "words": [
                {
                    "text": "C.",
                    "box": [
                        184,
                        122,
                        205,
                        137
                    ]
                },
                {
                    "text": "M.",
                    "box": [
                        211,
                        123,
                        231,
                        138
                    ]
                },
                {
                    "text": "WIECHMANN,",
                    "box": [
                        240,
                        122,
                        328,
                        139
                    ]
                },
                {
                    "text": "D.",
                    "box": [
                        338,
                        122,
                        356,
                        137
                    ]
                },
                {
                    "text": "M.",
                    "box": [
                        356,
                        122,
                        371,
                        137
                    ]
                },
                {
                    "text": ",",
                    "box": [
                        374,
                        122,
                        384,
                        139
                    ]
                },
                {
                    "text": "LUBBOCK,",
                    "box": [
                        391,
                        120,
                        462,
                        137
                    ]
                },
                {
                    "text": "TX",
                    "box": [
                        471,
                        117,
                        492,
                        135
                    ]
                }
            ],
            "id": 6
        },
        {
            "text": "REPORTED BY",
            "box": [
                63,
                119,
                164,
                138
            ],
            "linking": [
                [
                    7,
                    6
                ],
                [
                    5,
                    7
                ]
            ],
            "label": "question",
            "words": [
                {
                    "text": "REPORTED",
                    "box": [
                        63,
                        120,
                        138,
                        138
                    ]
                },
                {
                    "text": "BY",
                    "box": [
                        142,
                        119,
                        164,
                        137
                    ]
                }
            ],
            "id": 7
        },
        {
            "text": "10 /5 /92",
            "box": [
                170,
                172,
                233,
                190
            ],
            "linking": [
                [
                    0,
                    8
                ]
            ],
            "label": "answer",
            "words": [
                {
                    "text": "10",
                    "box": [
                        170,
                        172,
                        187,
                        189
                    ]
                },
                {
                    "text": "/5",
                    "box": [
                        186,
                        173,
                        206,
                        190
                    ]
                },
                {
                    "text": "/92",
                    "box": [
                        204,
                        172,
                        233,
                        189
                    ]
                }
            ],
            "id": 8
        },
        {
            "text": "R. J. REYNOLDS",
            "box": [
                229,
                222,
                358,
                242
            ],
            "linking": [
                [
                    2,
                    9
                ]
            ],
            "label": "answer",
            "words": [
                {
                    "text": "R.",
                    "box": [
                        229,
                        223,
                        250,
                        241
                    ]
                },
                {
                    "text": "J.",
                    "box": [
                        254,
                        222,
                        275,
                        242
                    ]
                },
                {
                    "text": "REYNOLDS",
                    "box": [
                        285,
                        222,
                        358,
                        240
                    ]
                }
            ],
            "id": 9
        },
        {
            "text": "CARDINAL CIGARETTES (11 PACKINGS)",
            "box": [
                194,
                278,
                499,
                298
            ],
            "linking": [
                [
                    11,
                    10
                ]
            ],
            "label": "answer",
            "words": [
                {
                    "text": "CARDINAL",
                    "box": [
                        194,
                        281,
                        272,
                        298
                    ]
                },
                {
                    "text": "CIGARETTES",
                    "box": [
                        278,
                        278,
                        369,
                        296
                    ]
                },
                {
                    "text": "(11",
                    "box": [
                        385,
                        281,
                        412,
                        298
                    ]
                },
                {
                    "text": "PACKINGS)",
                    "box": [
                        418,
                        279,
                        499,
                        296
                    ]
                }
            ],
            "id": 10
        },
        {
            "text": "BRAND NAME:",
            "box": [
                63,
                278,
                162,
                297
            ],
            "linking": [
                [
                    11,
                    10
                ],
                [
                    5,
                    11
                ]
            ],
            "label": "question",
            "words": [
                {
                    "text": "BRAND",
                    "box": [
                        63,
                        278,
                        113,
                        295
                    ]
                },
                {
                    "text": "NAME:",
                    "box": [
                        116,
                        279,
                        162,
                        297
                    ]
                }
            ],
            "id": 11
        },
        {
            "text": "TYPE OF PRODUCT:",
            "box": [
                64,
                332,
                140,
                368
            ],
            "linking": [
                [
                    5,
                    12
                ]
            ],
            "label": "question",
            "words": [
                {
                    "text": "TYPE",
                    "box": [
                        64,
                        332,
                        100,
                        347
                    ]
                },
                {
                    "text": "OF",
                    "box": [
                        105,
                        332,
                        125,
                        345
                    ]
                },
                {
                    "text": "PRODUCT:",
                    "box": [
                        66,
                        351,
                        140,
                        368
                    ]
                }
            ],
            "id": 12
        },
        {
            "text": "SIZE OR SIZES:",
            "box": [
                63,
                398,
                173,
                417
            ],
            "linking": [
                [
                    5,
                    13
                ]
            ],
            "label": "question",
            "words": [
                {
                    "text": "SIZE",
                    "box": [
                        63,
                        399,
                        97,
                        417
                    ]
                },
                {
                    "text": "OR",
                    "box": [
                        102,
                        398,
                        123,
                        416
                    ]
                },
                {
                    "text": "SIZES:",
                    "box": [
                        126,
                        399,
                        173,
                        417
                    ]
                }
            ],
            "id": 13
        },
        {
            "text": "LIST PRICE:",
            "box": [
                64,
                454,
                150,
                472
            ],
            "linking": [
                [
                    5,
                    14
                ]
            ],
            "label": "question",
            "words": [
                {
                    "text": "LIST",
                    "box": [
                        64,
                        454,
                        93,
                        471
                    ]
                },
                {
                    "text": "PRICE:",
                    "box": [
                        98,
                        454,
                        150,
                        472
                    ]
                }
            ],
            "id": 14
        },
        {
            "text": "EXTENT OF DISTRIBUTION:",
            "box": [
                64,
                507,
                172,
                540
            ],
            "linking": [
                [
                    5,
                    15
                ]
            ],
            "label": "question",
            "words": [
                {
                    "text": "EXTENT",
                    "box": [
                        64,
                        507,
                        120,
                        521
                    ]
                },
                {
                    "text": "OF",
                    "box": [
                        124,
                        507,
                        145,
                        521
                    ]
                },
                {
                    "text": "DISTRIBUTION:",
                    "box": [
                        66,
                        522,
                        172,
                        540
                    ]
                }
            ],
            "id": 15
        },
        {
            "text": "OTHER INFORMATION:",
            "box": [
                64,
                608,
                175,
                645
            ],
            "linking": [
                [
                    16,
                    17
                ],
                [
                    5,
                    16
                ]
            ],
            "label": "question",
            "words": [
                {
                    "text": "OTHER",
                    "box": [
                        64,
                        608,
                        114,
                        625
                    ]
                },
                {
                    "text": "INFORMATION:",
                    "box": [
                        66,
                        628,
                        175,
                        645
                    ]
                }
            ],
            "id": 16
        },
        {
            "text": "SEE ATTACHMENT",
            "box": [
                235,
                624,
                364,
                644
            ],
            "linking": [
                [
                    16,
                    17
                ]
            ],
            "label": "answer",
            "words": [
                {
                    "text": "SEE",
                    "box": [
                        235,
                        624,
                        266,
                        644
                    ]
                },
                {
                    "text": "ATTACHMENT",
                    "box": [
                        272,
                        624,
                        364,
                        641
                    ]
                }
            ],
            "id": 17
        },
        {
            "text": "K. P. Augustyn",
            "box": [
                534,
                763,
                631,
                779
            ],
            "linking": [
                [
                    4,
                    18
                ]
            ],
            "label": "other",
            "words": [
                {
                    "text": "K.",
                    "box": [
                        534,
                        763,
                        547,
                        778
                    ]
                },
                {
                    "text": "P.",
                    "box": [
                        549,
                        763,
                        564,
                        778
                    ]
                },
                {
                    "text": "Augustyn",
                    "box": [
                        568,
                        764,
                        631,
                        779
                    ]
                }
            ],
            "id": 18
        },
        {
            "text": "V. D. Lindsley",
            "box": [
                532,
                779,
                625,
                797
            ],
            "linking": [
                [
                    4,
                    19
                ]
            ],
            "label": "other",
            "words": [
                {
                    "text": "V.",
                    "box": [
                        532,
                        779,
                        547,
                        794
                    ]
                },
                {
                    "text": "D.",
                    "box": [
                        549,
                        779,
                        567,
                        797
                    ]
                },
                {
                    "text": "Lindsley",
                    "box": [
                        568,
                        781,
                        625,
                        796
                    ]
                }
            ],
            "id": 19
        },
        {
            "text": "R. D. Hammer",
            "box": [
                532,
                797,
                629,
                813
            ],
            "linking": [
                [
                    4,
                    20
                ]
            ],
            "label": "other",
            "words": [
                {
                    "text": "R.",
                    "box": [
                        532,
                        797,
                        547,
                        812
                    ]
                },
                {
                    "text": "D.",
                    "box": [
                        549,
                        799,
                        566,
                        813
                    ]
                },
                {
                    "text": "Hammer",
                    "box": [
                        568,
                        800,
                        629,
                        813
                    ]
                }
            ],
            "id": 20
        },
        {
            "text": "J. J. Tatulli",
            "box": [
                355,
                764,
                430,
                780
            ],
            "linking": [
                [
                    4,
                    21
                ]
            ],
            "label": "other",
            "words": [
                {
                    "text": "J.",
                    "box": [
                        355,
                        764,
                        370,
                        778
                    ]
                },
                {
                    "text": "J.",
                    "box": [
                        373,
                        765,
                        384,
                        779
                    ]
                },
                {
                    "text": "Tatulli",
                    "box": [
                        387,
                        765,
                        430,
                        780
                    ]
                }
            ],
            "id": 21
        },
        {
            "text": "L. H. Kersh",
            "box": [
                355,
                781,
                432,
                798
            ],
            "linking": [
                [
                    4,
                    22
                ]
            ],
            "label": "other",
            "words": [
                {
                    "text": "L.",
                    "box": [
                        355,
                        781,
                        369,
                        798
                    ]
                },
                {
                    "text": "H.",
                    "box": [
                        370,
                        781,
                        387,
                        798
                    ]
                },
                {
                    "text": "Kersh",
                    "box": [
                        390,
                        784,
                        432,
                        797
                    ]
                }
            ],
            "id": 22
        },
        {
            "text": "J. R. Slater",
            "box": [
                355,
                799,
                429,
                817
            ],
            "linking": [
                [
                    4,
                    23
                ]
            ],
            "label": "other",
            "words": [
                {
                    "text": "J.",
                    "box": [
                        355,
                        802,
                        372,
                        815
                    ]
                },
                {
                    "text": "R.",
                    "box": [
                        372,
                        799,
                        387,
                        814
                    ]
                },
                {
                    "text": "Slater",
                    "box": [
                        390,
                        800,
                        429,
                        817
                    ]
                }
            ],
            "id": 23
        },
        {
            "text": "A. Pasheluk",
            "box": [
                356,
                818,
                434,
                833
            ],
            "linking": [
                [
                    4,
                    24
                ]
            ],
            "label": "other",
            "words": [
                {
                    "text": "A.",
                    "box": [
                        356,
                        818,
                        371,
                        833
                    ]
                },
                {
                    "text": "Pasheluk",
                    "box": [
                        374,
                        818,
                        434,
                        832
                    ]
                }
            ],
            "id": 24
        },
        {
            "text": "R. R. S. Goldbrenner",
            "box": [
                353,
                834,
                474,
                851
            ],
            "linking": [
                [
                    4,
                    25
                ]
            ],
            "label": "other",
            "words": [
                {
                    "text": "R.",
                    "box": [
                        353,
                        838,
                        371,
                        851
                    ]
                },
                {
                    "text": "R.",
                    "box": [
                        356,
                        834,
                        371,
                        851
                    ]
                },
                {
                    "text": "S.",
                    "box": [
                        373,
                        835,
                        390,
                        850
                    ]
                },
                {
                    "text": "Goldbrenner",
                    "box": [
                        392,
                        835,
                        474,
                        850
                    ]
                }
            ],
            "id": 25
        },
        {
            "text": "N. Simeonidis",
            "box": [
                356,
                852,
                448,
                869
            ],
            "linking": [
                [
                    4,
                    26
                ]
            ],
            "label": "other",
            "words": [
                {
                    "text": "N.",
                    "box": [
                        356,
                        855,
                        370,
                        869
                    ]
                },
                {
                    "text": "Simeonidis",
                    "box": [
                        377,
                        852,
                        448,
                        867
                    ]
                }
            ],
            "id": 26
        },
        {
            "text": "S. F. Smith",
            "box": [
                356,
                867,
                430,
                885
            ],
            "linking": [
                [
                    4,
                    27
                ]
            ],
            "label": "other",
            "words": [
                {
                    "text": "S.",
                    "box": [
                        356,
                        870,
                        371,
                        885
                    ]
                },
                {
                    "text": "F.",
                    "box": [
                        373,
                        867,
                        388,
                        884
                    ]
                },
                {
                    "text": "Smith",
                    "box": [
                        391,
                        872,
                        430,
                        885
                    ]
                }
            ],
            "id": 27
        },
        {
            "text": "F. J. Schultz",
            "box": [
                222,
                767,
                307,
                781
            ],
            "linking": [
                [
                    4,
                    28
                ]
            ],
            "label": "other",
            "words": [
                {
                    "text": "F.",
                    "box": [
                        222,
                        767,
                        239,
                        781
                    ]
                },
                {
                    "text": "J.",
                    "box": [
                        240,
                        767,
                        254,
                        781
                    ]
                },
                {
                    "text": "Schultz",
                    "box": [
                        258,
                        767,
                        307,
                        781
                    ]
                }
            ],
            "id": 28
        },
        {
            "text": "A. W. Spears",
            "box": [
                222,
                781,
                310,
                799
            ],
            "linking": [
                [
                    4,
                    29
                ]
            ],
            "label": "other",
            "words": [
                {
                    "text": "A.",
                    "box": [
                        222,
                        784,
                        237,
                        798
                    ]
                },
                {
                    "text": "W.",
                    "box": [
                        239,
                        781,
                        261,
                        799
                    ]
                },
                {
                    "text": "Spears",
                    "box": [
                        263,
                        785,
                        310,
                        799
                    ]
                }
            ],
            "id": 29
        },
        {
            "text": "N. P. Ruffalo",
            "box": [
                222,
                799,
                307,
                815
            ],
            "linking": [
                [
                    4,
                    30
                ]
            ],
            "label": "other",
            "words": [
                {
                    "text": "N.",
                    "box": [
                        222,
                        799,
                        239,
                        814
                    ]
                },
                {
                    "text": "P.",
                    "box": [
                        243,
                        800,
                        258,
                        815
                    ]
                },
                {
                    "text": "Ruffalo",
                    "box": [
                        260,
                        803,
                        307,
                        814
                    ]
                }
            ],
            "id": 30
        },
        {
            "text": "T. L. Achey",
            "box": [
                225,
                818,
                300,
                834
            ],
            "linking": [
                [
                    4,
                    31
                ]
            ],
            "label": "other",
            "words": [
                {
                    "text": "T.",
                    "box": [
                        225,
                        818,
                        240,
                        833
                    ]
                },
                {
                    "text": "L.",
                    "box": [
                        242,
                        820,
                        256,
                        834
                    ]
                },
                {
                    "text": "Achey",
                    "box": [
                        257,
                        820,
                        300,
                        834
                    ]
                }
            ],
            "id": 31
        },
        {
            "text": "P. J. McCann",
            "box": [
                222,
                835,
                314,
                851
            ],
            "linking": [
                [
                    4,
                    32
                ]
            ],
            "label": "other",
            "words": [
                {
                    "text": "P.",
                    "box": [
                        222,
                        835,
                        240,
                        850
                    ]
                },
                {
                    "text": "J.",
                    "box": [
                        240,
                        837,
                        255,
                        851
                    ]
                },
                {
                    "text": "McCann",
                    "box": [
                        257,
                        837,
                        314,
                        851
                    ]
                }
            ],
            "id": 32
        },
        {
            "text": "A. J. Giacoio",
            "box": [
                223,
                852,
                310,
                869
            ],
            "linking": [
                [
                    4,
                    33
                ]
            ],
            "label": "other",
            "words": [
                {
                    "text": "A.",
                    "box": [
                        223,
                        852,
                        240,
                        869
                    ]
                },
                {
                    "text": "J.",
                    "box": [
                        242,
                        852,
                        256,
                        869
                    ]
                },
                {
                    "text": "Giacoio",
                    "box": [
                        258,
                        853,
                        310,
                        868
                    ]
                }
            ],
            "id": 33
        },
        {
            "text": "A. H. Tisch",
            "box": [
                66,
                767,
                137,
                781
            ],
            "linking": [
                [
                    4,
                    34
                ]
            ],
            "label": "other",
            "words": [
                {
                    "text": "A.",
                    "box": [
                        66,
                        768,
                        81,
                        781
                    ]
                },
                {
                    "text": "H.",
                    "box": [
                        82,
                        767,
                        99,
                        781
                    ]
                },
                {
                    "text": "Tisch",
                    "box": [
                        103,
                        768,
                        137,
                        781
                    ]
                }
            ],
            "id": 34
        },
        {
            "text": "R. H. Orcutt",
            "box": [
                67,
                785,
                146,
                800
            ],
            "linking": [
                [
                    4,
                    35
                ]
            ],
            "label": "other",
            "words": [
                {
                    "text": "R.",
                    "box": [
                        67,
                        785,
                        81,
                        798
                    ]
                },
                {
                    "text": "H.",
                    "box": [
                        82,
                        785,
                        99,
                        800
                    ]
                },
                {
                    "text": "Orcutt",
                    "box": [
                        103,
                        785,
                        146,
                        800
                    ]
                }
            ],
            "id": 35
        },
        {
            "text": "M. A. Peterson",
            "box": [
                66,
                802,
                164,
                817
            ],
            "linking": [
                [
                    4,
                    36
                ]
            ],
            "label": "other",
            "words": [
                {
                    "text": "M.",
                    "box": [
                        66,
                        802,
                        83,
                        817
                    ]
                },
                {
                    "text": "A.",
                    "box": [
                        85,
                        803,
                        100,
                        817
                    ]
                },
                {
                    "text": "Peterson",
                    "box": [
                        105,
                        804,
                        164,
                        815
                    ]
                }
            ],
            "id": 36
        },
        {
            "text": "M. L. Orlowsky",
            "box": [
                66,
                818,
                165,
                835
            ],
            "linking": [
                [
                    4,
                    37
                ]
            ],
            "label": "other",
            "words": [
                {
                    "text": "M.",
                    "box": [
                        66,
                        818,
                        84,
                        835
                    ]
                },
                {
                    "text": "L.",
                    "box": [
                        87,
                        818,
                        102,
                        835
                    ]
                },
                {
                    "text": "Orlowsky",
                    "box": [
                        105,
                        820,
                        165,
                        835
                    ]
                }
            ],
            "id": 37
        },
        {
            "text": "L. Gordon",
            "box": [
                66,
                838,
                131,
                852
            ],
            "linking": [
                [
                    4,
                    38
                ]
            ],
            "label": "other",
            "words": [
                {
                    "text": "L.",
                    "box": [
                        66,
                        839,
                        80,
                        852
                    ]
                },
                {
                    "text": "Gordon",
                    "box": [
                        82,
                        838,
                        131,
                        852
                    ]
                }
            ],
            "id": 38
        },
        {
            "text": "G. Telford",
            "box": [
                66,
                855,
                137,
                870
            ],
            "linking": [
                [
                    4,
                    39
                ]
            ],
            "label": "other",
            "words": [
                {
                    "text": "G.",
                    "box": [
                        66,
                        855,
                        86,
                        870
                    ]
                },
                {
                    "text": "Telford",
                    "box": [
                        87,
                        856,
                        137,
                        869
                    ]
                }
            ],
            "id": 39
        }
    ]
}