{
    "form": [
        {
            "box": [
                156,
                270,
                211,
                290
            ],
            "text": "DATE",
            "label": "question",
            "words": [
                {
                    "box": [
                        156,
                        270,
                        211,
                        290
                    ],
                    "text": "DATE"
                }
            ],
            "linking": [
                [
                    0,
                    6
                ]
            ],
            "id": 0
        },
        {
            "box": [
                360,
                271,
                403,
                290
            ],
            "text": "TIME",
            "label": "question",
            "words": [
                {
                    "box": [
                        360,
                        271,
                        403,
                        290
                    ],
                    "text": "TIME"
                }
            ],
            "linking": [
                [
                    1,
                    16
                ]
            ],
            "id": 1
        },
        {
            "box": [
                160,
                380,
                215,
                399
            ],
            "text": "NAME:",
            "label": "question",
            "words": [
                {
                    "box": [
                        160,
                        380,
                        215,
                        399
                    ],
                    "text": "NAME:"
                }
            ],
            "linking": [
                [
                    2,
                    19
                ],
                [
                    18,
                    2
                ]
            ],
            "id": 2
        },
        {
            "box": [
                158,
                406,
                228,
                429
            ],
            "text": "OFFICE:",
            "label": "question",
            "words": [
                {
                    "box": [
                        158,
                        406,
                        228,
                        429
                    ],
                    "text": "OFFICE:"
                }
            ],
            "linking": [
                [
                    3,
                    20
                ],
                [
                    18,
                    3
                ]
            ],
            "id": 3
        },
        {
            "box": [
                156,
                516,
                216,
                536
            ],
            "text": "NAME:",
            "label": "question",
            "words": [
                {
                    "box": [
                        156,
                        516,
                        216,
                        536
                    ],
                    "text": "NAME:"
                }
            ],
            "linking": [
                [
                    4,
                    24
                ],
                [
                    23,
                    4
                ]
            ],
            "id": 4
        },
        {
            "box": [
                156,
                540,
                224,
                564
            ],
            "text": "OFFICE:",
            "label": "question",
            "words": [
                {
                    "box": [
                        156,
                        540,
                        224,
                        564
                    ],
                    "text": "OFFICE:"
                }
            ],
            "linking": [
                [
                    5,
                    25
                ],
                [
                    23,
                    5
                ]
            ],
            "id": 5
        },
        {
            "box": [
                235,
                273,
                295,
                286
            ],
            "text": "11/4/93",
            "label": "answer",
            "words": [
                {
                    "box": [
                        235,
                        273,
                        295,
                        286
                    ],
                    "text": "11/4/93"
                }
            ],
            "linking": [
                [
                    0,
                    6
                ]
            ],
            "id": 6
        },
        {
            "box": [
                155,
                611,
                266,
                627
            ],
            "text": "COMMENTS:",
            "label": "question",
            "words": [
                {
                    "box": [
                        155,
                        611,
                        266,
                        627
                    ],
                    "text": "COMMENTS:"
                }
            ],
            "linking": [
                [
                    7,
                    28
                ],
                [
                    23,
                    7
                ]
            ],
            "id": 7
        },
        {
            "box": [
                285,
                786,
                308,
                799
            ],
            "text": "cc:",
            "label": "question",
            "words": [
                {
                    "box": [
                        285,
                        786,
                        308,
                        799
                    ],
                    "text": "cc:"
                }
            ],
            "linking": [
                [
                    8,
                    30
                ],
                [
                    8,
                    31
                ]
            ],
            "id": 8
        },
        {
            "box": [
                754,
                745,
                775,
                820
            ],
            "text": "91372360",
            "label": "other",
            "words": [
                {
                    "box": [
                        754,
                        745,
                        775,
                        820
                    ],
                    "text": "91372360"
                }
            ],
            "linking": [],
            "id": 9
        },
        {
            "text": "Lorillard TOBACCO COMPANY",
            "box": [
                120,
                84,
                350,
                152
            ],
            "linking": [],
            "label": "title",
            "words": [
                {
                    "text": "Lorillard",
                    "box": [
                        120,
                        84,
                        350,
                        150
                    ]
                },
                {
                    "text": "TOBACCO",
                    "box": [
                        210,
                        136,
                        270,
                        152
                    ]
                },
                {
                    "text": "COMPANY",
                    "box": [
                        273,
                        139,
                        334,
                        151
                    ]
                }
            ],
            "id": 10
        },
        {
            "text": "Nov. 4 93 16:33",
            "box": [
                104,
                29,
                213,
                45
            ],
            "linking": [],
            "label": "other",
            "words": [
                {
                    "text": "Nov.",
                    "box": [
                        104,
                        33,
                        131,
                        45
                    ]
                },
                {
                    "text": "4",
                    "box": [
                        140,
                        31,
                        149,
                        44
                    ]
                },
                {
                    "text": "93",
                    "box": [
                        155,
                        29,
                        174,
                        44
                    ]
                },
                {
                    "text": "16:33",
                    "box": [
                        180,
                        29,
                        213,
                        42
                    ]
                }
            ],
            "id": 11
        },
        {
            "text": "KONICA FAX 285",
            "box": [
                297,
                29,
                390,
                44
            ],
            "linking": [],
            "label": "other",
            "words": [
                {
                    "text": "KONICA",
                    "box": [
                        297,
                        31,
                        338,
                        43
                    ]
                },
                {
                    "text": "FAX",
                    "box": [
                        340,
                        29,
                        363,
                        44
                    ]
                },
                {
                    "text": "285",
                    "box": [
                        366,
                        29,
                        390,
                        41
                    ]
                }
            ],
            "id": 12
        },
        {
            "text": "P. 1",
            "box": [
                690,
                19,
                727,
                42
            ],
            "linking": [],
            "label": "other",
            "words": [
                {
                    "text": "P.",
                    "box": [
                        690,
                        23,
                        709,
                        42
                    ]
                },
                {
                    "text": "1",
                    "box": [
                        715,
                        19,
                        727,
                        42
                    ]
                }
            ],
            "id": 13
        },
        {
            "text": "101 N. CLASSEN BLVD. SUITE 102. OKLAHOMA CITY OK. 73118 TELEPHONE 405) 543- 0455 or 04600460",
            "box": [
                116,
                152,
                559,
                167
            ],
            "linking": [],
            "label": "other",
            "words": [
                {
                    "text": "",
                    "box": [
                        116,
                        154,
                        124,
                        166
                    ]
                },
                {
                    "text": "101",
                    "box": [
                        124,
                        154,
                        137,
                        166
                    ]
                },
                {
                    "text": "N.",
                    "box": [
                        140,
                        154,
                        151,
                        165
                    ]
                },
                {
                    "text": "CLASSEN",
                    "box": [
                        152,
                        154,
                        195,
                        163
                    ]
                },
                {
                    "text": "BLVD.",
                    "box": [
                        199,
                        154,
                        224,
                        165
                    ]
                },
                {
                    "text": "SUITE",
                    "box": [
                        227,
                        155,
                        254,
                        166
                    ]
                },
                {
                    "text": "102.",
                    "box": [
                        259,
                        154,
                        276,
                        166
                    ]
                },
                {
                    "text": "OKLAHOMA",
                    "box": [
                        278,
                        152,
                        331,
                        164
                    ]
                },
                {
                    "text": "CITY",
                    "box": [
                        334,
                        152,
                        354,
                        164
                    ]
                },
                {
                    "text": "OK.",
                    "box": [
                        358,
                        152,
                        374,
                        163
                    ]
                },
                {
                    "text": "73118",
                    "box": [
                        377,
                        154,
                        401,
                        166
                    ]
                },
                {
                    "text": "TELEPHONE",
                    "box": [
                        404,
                        155,
                        456,
                        166
                    ]
                },
                {
                    "text": "405)",
                    "box": [
                        460,
                        155,
                        481,
                        166
                    ]
                },
                {
                    "text": "543-",
                    "box": [
                        484,
                        156,
                        504,
                        167
                    ]
                },
                {
                    "text": "0455",
                    "box": [
                        503,
                        156,
                        523,
                        167
                    ]
                },
                {
                    "text": "or",
                    "box": [
                        525,
                        156,
                        536,
                        167
                    ]
                },
                {
                    "text": "04600460",
                    "box": [
                        539,
                        154,
                        559,
                        166
                    ]
                }
            ],
            "id": 14
        },
        {
            "text": "FACSIMILE COVER PAGE",
            "box": [
                318,
                214,
                524,
                235
            ],
            "linking": [],
            "label": "title",
            "words": [
                {
                    "text": "FACSIMILE",
                    "box": [
                        318,
                        215,
                        409,
                        232
                    ]
                },
                {
                    "text": "COVER",
                    "box": [
                        413,
                        214,
                        473,
                        233
                    ]
                },
                {
                    "text": "PAGE",
                    "box": [
                        475,
                        219,
                        524,
                        235
                    ]
                }
            ],
            "id": 15
        },
        {
            "text": "3:28 CST",
            "box": [
                428,
                273,
                494,
                286
            ],
            "linking": [
                [
                    1,
                    16
                ]
            ],
            "label": "answer",
            "words": [
                {
                    "text": "3:28",
                    "box": [
                        428,
                        273,
                        461,
                        285
                    ]
                },
                {
                    "text": "CST",
                    "box": [
                        467,
                        273,
                        494,
                        286
                    ]
                }
            ],
            "id": 16
        },
        {
            "text": "The following document, including cover page is 3 pages long.",
            "box": [
                160,
                298,
                653,
                320
            ],
            "linking": [],
            "label": "other",
            "words": [
                {
                    "text": "The",
                    "box": [
                        160,
                        298,
                        191,
                        315
                    ]
                },
                {
                    "text": "following",
                    "box": [
                        198,
                        298,
                        272,
                        319
                    ]
                },
                {
                    "text": "document,",
                    "box": [
                        273,
                        298,
                        356,
                        318
                    ]
                },
                {
                    "text": "including",
                    "box": [
                        362,
                        301,
                        428,
                        320
                    ]
                },
                {
                    "text": "cover",
                    "box": [
                        434,
                        302,
                        475,
                        318
                    ]
                },
                {
                    "text": "page",
                    "box": [
                        481,
                        302,
                        518,
                        318
                    ]
                },
                {
                    "text": "is",
                    "box": [
                        523,
                        299,
                        538,
                        318
                    ]
                },
                {
                    "text": "3",
                    "box": [
                        549,
                        303,
                        562,
                        318
                    ]
                },
                {
                    "text": "pages",
                    "box": [
                        566,
                        302,
                        611,
                        318
                    ]
                },
                {
                    "text": "long.",
                    "box": [
                        616,
                        301,
                        653,
                        318
                    ]
                }
            ],
            "id": 17
        },
        {
            "text": "PLEASE TRANSMIT THIS DOCUMENT TO:",
            "box": [
                156,
                337,
                507,
                356
            ],
            "linking": [
                [
                    18,
                    2
                ],
                [
                    18,
                    3
                ],
                [
                    18,
                    22
                ]
            ],
            "label": "title",
            "words": [
                {
                    "text": "PLEASE",
                    "box": [
                        156,
                        338,
                        224,
                        355
                    ]
                },
                {
                    "text": "TRANSMIT",
                    "box": [
                        235,
                        337,
                        322,
                        356
                    ]
                },
                {
                    "text": "THIS",
                    "box": [
                        329,
                        340,
                        372,
                        356
                    ]
                },
                {
                    "text": "DOCUMENT",
                    "box": [
                        376,
                        342,
                        471,
                        355
                    ]
                },
                {
                    "text": "TO:",
                    "box": [
                        479,
                        340,
                        507,
                        356
                    ]
                }
            ],
            "id": 18
        },
        {
            "text": "Mr. A. J. Giacoio",
            "box": [
                249,
                382,
                392,
                398
            ],
            "linking": [
                [
                    2,
                    19
                ]
            ],
            "label": "answer",
            "words": [
                {
                    "text": "Mr.",
                    "box": [
                        249,
                        382,
                        274,
                        395
                    ]
                },
                {
                    "text": "A.",
                    "box": [
                        282,
                        382,
                        301,
                        395
                    ]
                },
                {
                    "text": "J.",
                    "box": [
                        305,
                        382,
                        324,
                        397
                    ]
                },
                {
                    "text": "Giacoio",
                    "box": [
                        333,
                        382,
                        392,
                        398
                    ]
                }
            ],
            "id": 19
        },
        {
            "text": "New York- Sales Planning",
            "box": [
                249,
                406,
                458,
                425
            ],
            "linking": [
                [
                    3,
                    20
                ]
            ],
            "label": "answer",
            "words": [
                {
                    "text": "New",
                    "box": [
                        249,
                        406,
                        273,
                        423
                    ]
                },
                {
                    "text": "York-",
                    "box": [
                        282,
                        406,
                        335,
                        425
                    ]
                },
                {
                    "text": "Sales",
                    "box": [
                        338,
                        408,
                        383,
                        424
                    ]
                },
                {
                    "text": "Planning",
                    "box": [
                        390,
                        408,
                        458,
                        424
                    ]
                }
            ],
            "id": 20
        },
        {
            "text": "212 545- 3299",
            "box": [
                365,
                436,
                475,
                455
            ],
            "linking": [
                [
                    22,
                    21
                ]
            ],
            "label": "answer",
            "words": [
                {
                    "text": "212",
                    "box": [
                        365,
                        436,
                        389,
                        453
                    ]
                },
                {
                    "text": "545-",
                    "box": [
                        405,
                        436,
                        440,
                        455
                    ]
                },
                {
                    "text": "3299",
                    "box": [
                        439,
                        436,
                        475,
                        453
                    ]
                }
            ],
            "id": 21
        },
        {
            "text": "FAX PHONE NUMBER:",
            "box": [
                159,
                434,
                342,
                454
            ],
            "linking": [
                [
                    22,
                    21
                ],
                [
                    18,
                    22
                ]
            ],
            "label": "question",
            "words": [
                {
                    "text": "FAX",
                    "box": [
                        159,
                        434,
                        195,
                        451
                    ]
                },
                {
                    "text": "PHONE",
                    "box": [
                        201,
                        437,
                        258,
                        452
                    ]
                },
                {
                    "text": "NUMBER:",
                    "box": [
                        267,
                        434,
                        342,
                        454
                    ]
                }
            ],
            "id": 22
        },
        {
            "text": "THIS DOCUMENT IS FROM:",
            "box": [
                160,
                476,
                385,
                493
            ],
            "linking": [
                [
                    23,
                    4
                ],
                [
                    23,
                    5
                ],
                [
                    23,
                    26
                ],
                [
                    23,
                    7
                ]
            ],
            "label": "title",
            "words": [
                {
                    "text": "THIS",
                    "box": [
                        160,
                        476,
                        200,
                        492
                    ]
                },
                {
                    "text": "DOCUMENT",
                    "box": [
                        205,
                        476,
                        304,
                        493
                    ]
                },
                {
                    "text": "IS",
                    "box": [
                        311,
                        477,
                        327,
                        492
                    ]
                },
                {
                    "text": "FROM:",
                    "box": [
                        332,
                        477,
                        385,
                        493
                    ]
                }
            ],
            "id": 23
        },
        {
            "text": "R F ",
            "box": [
                253,
                519,
                349,
                535
            ],
            "linking": [
                [
                    4,
                    24
                ]
            ],
            "label": "answer",
            "words": [
                {
                    "text": "R",
                    "box": [
                        253,
                        523,
                        268,
                        534
                    ]
                },
                {
                    "text": "F",
                    "box": [
                        274,
                        523,
                        291,
                        534
                    ]
                },
                {
                    "text": "",
                    "box": [
                        302,
                        519,
                        349,
                        535
                    ]
                }
            ],
            "id": 24
        },
        {
            "text": "Oklahoma City. OK",
            "box": [
                226,
                544,
                383,
                562
            ],
            "linking": [
                [
                    5,
                    25
                ]
            ],
            "label": "answer",
            "words": [
                {
                    "text": "Oklahoma",
                    "box": [
                        226,
                        545,
                        308,
                        562
                    ]
                },
                {
                    "text": "City.",
                    "box": [
                        314,
                        544,
                        349,
                        561
                    ]
                },
                {
                    "text": "OK",
                    "box": [
                        354,
                        544,
                        383,
                        561
                    ]
                }
            ],
            "id": 25
        },
        {
            "text": "FAX PHONE NUMBER:",
            "box": [
                154,
                571,
                345,
                590
            ],
            "linking": [
                [
                    26,
                    27
                ],
                [
                    23,
                    26
                ]
            ],
            "label": "question",
            "words": [
                {
                    "text": "FAX",
                    "box": [
                        154,
                        575,
                        194,
                        590
                    ]
                },
                {
                    "text": "PHONE",
                    "box": [
                        198,
                        571,
                        261,
                        588
                    ]
                },
                {
                    "text": "NUMBER:",
                    "box": [
                        261,
                        574,
                        345,
                        590
                    ]
                }
            ],
            "id": 26
        },
        {
            "text": "(400) 840- 0639",
            "box": [
                349,
                572,
                472,
                591
            ],
            "linking": [
                [
                    26,
                    27
                ]
            ],
            "label": "answer",
            "words": [
                {
                    "text": "(400)",
                    "box": [
                        349,
                        572,
                        389,
                        589
                    ]
                },
                {
                    "text": "840-",
                    "box": [
                        394,
                        572,
                        431,
                        591
                    ]
                },
                {
                    "text": "0639",
                    "box": [
                        433,
                        574,
                        472,
                        589
                    ]
                }
            ],
            "id": 27
        },
        {
            "text": "The attached Competitive information was secured in Oklahoma today. If you should have any questions.",
            "box": [
                285,
                611,
                588,
                689
            ],
            "linking": [
                [
                    7,
                    28
                ]
            ],
            "label": "answer",
            "words": [
                {
                    "text": "The",
                    "box": [
                        287,
                        611,
                        310,
                        627
                    ]
                },
                {
                    "text": "attached",
                    "box": [
                        320,
                        614,
                        388,
                        630
                    ]
                },
                {
                    "text": "Competitive",
                    "box": [
                        394,
                        612,
                        485,
                        628
                    ]
                },
                {
                    "text": "information",
                    "box": [
                        497,
                        615,
                        588,
                        630
                    ]
                },
                {
                    "text": "was",
                    "box": [
                        285,
                        642,
                        312,
                        654
                    ]
                },
                {
                    "text": "secured",
                    "box": [
                        318,
                        640,
                        375,
                        656
                    ]
                },
                {
                    "text": "in",
                    "box": [
                        385,
                        640,
                        405,
                        656
                    ]
                },
                {
                    "text": "Oklahoma",
                    "box": [
                        412,
                        640,
                        479,
                        656
                    ]
                },
                {
                    "text": "today.",
                    "box": [
                        487,
                        642,
                        536,
                        658
                    ]
                },
                {
                    "text": "If",
                    "box": [
                        287,
                        672,
                        308,
                        685
                    ]
                },
                {
                    "text": "you",
                    "box": [
                        313,
                        671,
                        338,
                        688
                    ]
                },
                {
                    "text": "should",
                    "box": [
                        345,
                        671,
                        396,
                        687
                    ]
                },
                {
                    "text": "have",
                    "box": [
                        405,
                        672,
                        434,
                        685
                    ]
                },
                {
                    "text": "any",
                    "box": [
                        443,
                        674,
                        471,
                        689
                    ]
                },
                {
                    "text": "questions.",
                    "box": [
                        477,
                        672,
                        560,
                        684
                    ]
                }
            ],
            "id": 28
        },
        {
            "text": "If any of these pages are not legible, or you do not receive all pages, please call this office as soon as possible.",
            "box": [
                154,
                709,
                633,
                743
            ],
            "linking": [],
            "label": "other",
            "words": [
                {
                    "text": "If",
                    "box": [
                        154,
                        709,
                        171,
                        728
                    ]
                },
                {
                    "text": "any",
                    "box": [
                        172,
                        713,
                        203,
                        725
                    ]
                },
                {
                    "text": "of",
                    "box": [
                        205,
                        713,
                        226,
                        725
                    ]
                },
                {
                    "text": "these",
                    "box": [
                        227,
                        713,
                        264,
                        726
                    ]
                },
                {
                    "text": "pages",
                    "box": [
                        275,
                        714,
                        320,
                        727
                    ]
                },
                {
                    "text": "are",
                    "box": [
                        324,
                        714,
                        349,
                        727
                    ]
                },
                {
                    "text": "not",
                    "box": [
                        354,
                        711,
                        381,
                        726
                    ]
                },
                {
                    "text": "legible,",
                    "box": [
                        384,
                        710,
                        439,
                        727
                    ]
                },
                {
                    "text": "or",
                    "box": [
                        443,
                        713,
                        463,
                        726
                    ]
                },
                {
                    "text": "you",
                    "box": [
                        467,
                        714,
                        495,
                        727
                    ]
                },
                {
                    "text": "do",
                    "box": [
                        497,
                        711,
                        521,
                        727
                    ]
                },
                {
                    "text": "not",
                    "box": [
                        524,
                        714,
                        552,
                        729
                    ]
                },
                {
                    "text": "receive",
                    "box": [
                        555,
                        711,
                        608,
                        727
                    ]
                },
                {
                    "text": "all",
                    "box": [
                        618,
                        711,
                        633,
                        727
                    ]
                },
                {
                    "text": "pages,",
                    "box": [
                        156,
                        727,
                        209,
                        743
                    ]
                },
                {
                    "text": "please",
                    "box": [
                        213,
                        727,
                        261,
                        740
                    ]
                },
                {
                    "text": "call",
                    "box": [
                        267,
                        726,
                        291,
                        741
                    ]
                },
                {
                    "text": "this",
                    "box": [
                        298,
                        726,
                        329,
                        741
                    ]
                },
                {
                    "text": "office",
                    "box": [
                        334,
                        726,
                        375,
                        741
                    ]
                },
                {
                    "text": "as",
                    "box": [
                        380,
                        725,
                        396,
                        740
                    ]
                },
                {
                    "text": "soon",
                    "box": [
                        401,
                        725,
                        440,
                        741
                    ]
                },
                {
                    "text": "as",
                    "box": [
                        444,
                        726,
                        464,
                        743
                    ]
                },
                {
                    "text": "possible.",
                    "box": [
                        468,
                        727,
                        535,
                        740
                    ]
                }
            ],
            "id": 29
        },
        {
            "text": "Mr. R. B. Spell",
            "box": [
                316,
                783,
                443,
                798
            ],
            "linking": [
                [
                    8,
                    30
                ]
            ],
            "label": "answer",
            "words": [
                {
                    "text": "Mr.",
                    "box": [
                        316,
                        785,
                        341,
                        798
                    ]
                },
                {
                    "text": "R.",
                    "box": [
                        350,
                        785,
                        363,
                        798
                    ]
                },
                {
                    "text": "B.",
                    "box": [
                        374,
                        783,
                        390,
                        798
                    ]
                },
                {
                    "text": "Spell",
                    "box": [
                        398,
                        783,
                        443,
                        798
                    ]
                }
            ],
            "id": 30
        },
        {
            "text": "Mr. S. L. Enloe",
            "box": [
                321,
                798,
                444,
                812
            ],
            "linking": [
                [
                    8,
                    31
                ]
            ],
            "label": "answer",
            "words": [
                {
                    "text": "Mr.",
                    "box": [
                        321,
                        801,
                        344,
                        812
                    ]
                },
                {
                    "text": "S.",
                    "box": [
                        352,
                        801,
                        368,
                        812
                    ]
                },
                {
                    "text": "L.",
                    "box": [
                        374,
                        798,
                        391,
                        810
                    ]
                },
                {
                    "text": "Enloe",
                    "box": [
                        404,
                        799,
                        444,
                        810
                    ]
                }
            ],
            "id": 31
        },
        {
            "text": "please advise. Dick",
            "box": [
                286,
                691,
                493,
                708
            ],
            "linking": [],
            "label": "other",
            "words": [
                {
                    "text": "please",
                    "box": [
                        286,
                        691,
                        335,
                        707
                    ]
                },
                {
                    "text": "advise.",
                    "box": [
                        344,
                        693,
                        401,
                        708
                    ]
                },
                {
                    "text": "Dick",
                    "box": [
                        461,
                        691,
                        493,
                        703
                    ]
                }
            ],
            "id": 32
        }
    ]
}