{
    "form": [
        {
            "box": [
                106,
                170,
                147,
                185
            ],
            "text": "FROM:",
            "label": "question",
            "words": [
                {
                    "box": [
                        106,
                        170,
                        147,
                        185
                    ],
                    "text": "FROM:"
                }
            ],
            "linking": [
                [
                    0,
                    12
                ]
            ],
            "id": 0
        },
        {
            "box": [
                106,
                203,
                127,
                216
            ],
            "text": "TO:",
            "label": "question",
            "words": [
                {
                    "box": [
                        106,
                        203,
                        127,
                        216
                    ],
                    "text": "TO:"
                }
            ],
            "linking": [
                [
                    1,
                    13
                ]
            ],
            "id": 1
        },
        {
            "box": [
                108,
                233,
                129,
                248
            ],
            "text": "CC:",
            "label": "question",
            "words": [
                {
                    "box": [
                        108,
                        233,
                        129,
                        248
                    ],
                    "text": "CC:"
                }
            ],
            "linking": [
                [
                    2,
                    14
                ]
            ],
            "id": 2
        },
        {
            "box": [
                300,
                295,
                335,
                309
            ],
            "text": "KENT",
            "label": "answer",
            "words": [
                {
                    "box": [
                        300,
                        295,
                        335,
                        309
                    ],
                    "text": "KENT"
                }
            ],
            "linking": [
                [
                    16,
                    3
                ]
            ],
            "id": 3
        },
        {
            "box": [
                358,
                358,
                366,
                371
            ],
            "text": "1",
            "label": "answer",
            "words": [
                {
                    "box": [
                        358,
                        358,
                        366,
                        371
                    ],
                    "text": "1"
                }
            ],
            "linking": [
                [
                    18,
                    4
                ]
            ],
            "id": 4
        },
        {
            "box": [
                108,
                325,
                146,
                339
            ],
            "text": "MEDIA",
            "label": "question",
            "words": [
                {
                    "box": [
                        108,
                        325,
                        146,
                        339
                    ],
                    "text": "MEDIA"
                }
            ],
            "linking": [
                [
                    5,
                    17
                ]
            ],
            "id": 5
        },
        {
            "box": [
                105,
                489,
                183,
                504
            ],
            "text": "CIRCULATION",
            "label": "question",
            "words": [
                {
                    "box": [
                        105,
                        489,
                        183,
                        504
                    ],
                    "text": "CIRCULATION"
                }
            ],
            "linking": [],
            "id": 6
        },
        {
            "box": [
                525,
                774,
                586,
                799
            ],
            "text": "00862",
            "label": "answer",
            "words": [
                {
                    "box": [
                        525,
                        774,
                        586,
                        799
                    ],
                    "text": "00862"
                }
            ],
            "linking": [
                [
                    37,
                    7
                ]
            ],
            "id": 7
        },
        {
            "box": [
                538,
                797,
                574,
                812
            ],
            "text": "490",
            "label": "answer",
            "words": [
                {
                    "box": [
                        538,
                        797,
                        574,
                        812
                    ],
                    "text": "490"
                }
            ],
            "linking": [
                [
                    38,
                    8
                ]
            ],
            "id": 8
        },
        {
            "box": [
                543,
                811,
                582,
                828
            ],
            "text": "890",
            "label": "answer",
            "words": [
                {
                    "box": [
                        543,
                        811,
                        582,
                        828
                    ],
                    "text": "890"
                }
            ],
            "linking": [
                [
                    39,
                    9
                ]
            ],
            "id": 9
        },
        {
            "box": [
                675,
                809,
                693,
                879
            ],
            "text": "91974562",
            "label": "other",
            "words": [
                {
                    "box": [
                        675,
                        809,
                        693,
                        879
                    ],
                    "text": "91974562"
                }
            ],
            "linking": [],
            "id": 10
        },
        {
            "text": "COUPON CODE REGISTRATION FORM",
            "box": [
                303,
                142,
                519,
                158
            ],
            "linking": [],
            "label": "title",
            "words": [
                {
                    "text": "COUPON",
                    "box": [
                        303,
                        142,
                        356,
                        155
                    ]
                },
                {
                    "text": "CODE",
                    "box": [
                        358,
                        144,
                        393,
                        157
                    ]
                },
                {
                    "text": "REGISTRATION",
                    "box": [
                        395,
                        144,
                        482,
                        155
                    ]
                },
                {
                    "text": "FORM",
                    "box": [
                        485,
                        144,
                        519,
                        158
                    ]
                }
            ],
            "id": 11
        },
        {
            "text": "THOM SMITH",
            "box": [
                155,
                172,
                229,
                186
            ],
            "linking": [
                [
                    0,
                    12
                ]
            ],
            "label": "answer",
            "words": [
                {
                    "text": "THOM",
                    "box": [
                        155,
                        172,
                        189,
                        185
                    ]
                },
                {
                    "text": "SMITH",
                    "box": [
                        191,
                        173,
                        229,
                        186
                    ]
                }
            ],
            "id": 12
        },
        {
            "text": "VINCE LOSITO",
            "box": [
                141,
                203,
                223,
                217
            ],
            "linking": [
                [
                    1,
                    13
                ]
            ],
            "label": "answer",
            "words": [
                {
                    "text": "VINCE",
                    "box": [
                        141,
                        203,
                        180,
                        217
                    ]
                },
                {
                    "text": "LOSITO",
                    "box": [
                        180,
                        203,
                        223,
                        216
                    ]
                }
            ],
            "id": 13
        },
        {
            "text": "D. WEST, L. GIORDANO, V. LINDSLEY, A. SADOVNICK S. RAPISARLDI B. DAVIN. A. Pasheluk",
            "box": [
                141,
                232,
                655,
                249
            ],
            "linking": [
                [
                    2,
                    14
                ]
            ],
            "label": "answer",
            "words": [
                {
                    "text": "D.",
                    "box": [
                        141,
                        232,
                        156,
                        247
                    ]
                },
                {
                    "text": "WEST,",
                    "box": [
                        158,
                        233,
                        197,
                        244
                    ]
                },
                {
                    "text": "L.",
                    "box": [
                        197,
                        232,
                        210,
                        246
                    ]
                },
                {
                    "text": "GIORDANO,",
                    "box": [
                        211,
                        235,
                        275,
                        246
                    ]
                },
                {
                    "text": "V.",
                    "box": [
                        278,
                        233,
                        291,
                        243
                    ]
                },
                {
                    "text": "LINDSLEY,",
                    "box": [
                        295,
                        232,
                        351,
                        247
                    ]
                },
                {
                    "text": "A.",
                    "box": [
                        356,
                        235,
                        366,
                        246
                    ]
                },
                {
                    "text": "SADOVNICK",
                    "box": [
                        370,
                        235,
                        440,
                        248
                    ]
                },
                {
                    "text": "S.",
                    "box": [
                        447,
                        236,
                        458,
                        246
                    ]
                },
                {
                    "text": "RAPISARLDI",
                    "box": [
                        464,
                        235,
                        532,
                        246
                    ]
                },
                {
                    "text": "B.",
                    "box": [
                        535,
                        233,
                        548,
                        248
                    ]
                },
                {
                    "text": "DAVIN.",
                    "box": [
                        553,
                        233,
                        589,
                        247
                    ]
                },
                {
                    "text": "A.",
                    "box": [
                        591,
                        235,
                        602,
                        249
                    ]
                },
                {
                    "text": "Pasheluk",
                    "box": [
                        608,
                        236,
                        655,
                        247
                    ]
                }
            ],
            "id": 14
        },
        {
            "text": "KENT HEAVY UP TEST DIRECT MAIL CPNS New Names",
            "box": [
                300,
                264,
                658,
                283
            ],
            "linking": [],
            "label": "other",
            "words": [
                {
                    "text": "KENT",
                    "box": [
                        300,
                        264,
                        332,
                        281
                    ]
                },
                {
                    "text": "HEAVY",
                    "box": [
                        335,
                        265,
                        376,
                        280
                    ]
                },
                {
                    "text": "UP",
                    "box": [
                        374,
                        265,
                        392,
                        280
                    ]
                },
                {
                    "text": "TEST",
                    "box": [
                        394,
                        267,
                        429,
                        278
                    ]
                },
                {
                    "text": "DIRECT",
                    "box": [
                        429,
                        265,
                        474,
                        280
                    ]
                },
                {
                    "text": "MAIL",
                    "box": [
                        473,
                        268,
                        504,
                        281
                    ]
                },
                {
                    "text": "CPNS",
                    "box": [
                        506,
                        267,
                        540,
                        281
                    ]
                },
                {
                    "text": "New",
                    "box": [
                        560,
                        267,
                        594,
                        282
                    ]
                },
                {
                    "text": "Names",
                    "box": [
                        602,
                        270,
                        658,
                        283
                    ]
                }
            ],
            "id": 15
        },
        {
            "text": "BRANDS(S) APPLICABLE",
            "box": [
                106,
                295,
                246,
                310
            ],
            "linking": [
                [
                    16,
                    3
                ]
            ],
            "label": "question",
            "words": [
                {
                    "text": "BRANDS(S)",
                    "box": [
                        106,
                        295,
                        169,
                        310
                    ]
                },
                {
                    "text": "APPLICABLE",
                    "box": [
                        172,
                        295,
                        246,
                        309
                    ]
                }
            ],
            "id": 16
        },
        {
            "text": "DIRECT MAIL",
            "box": [
                300,
                325,
                377,
                339
            ],
            "linking": [
                [
                    5,
                    17
                ]
            ],
            "label": "answer",
            "words": [
                {
                    "text": "DIRECT",
                    "box": [
                        300,
                        325,
                        343,
                        339
                    ]
                },
                {
                    "text": "MAIL",
                    "box": [
                        346,
                        327,
                        377,
                        338
                    ]
                }
            ],
            "id": 17
        },
        {
            "text": "ISSUE FREQUENCY/ YEAR",
            "box": [
                105,
                355,
                250,
                372
            ],
            "linking": [
                [
                    18,
                    4
                ]
            ],
            "label": "question",
            "words": [
                {
                    "text": "ISSUE",
                    "box": [
                        105,
                        356,
                        143,
                        369
                    ]
                },
                {
                    "text": "FREQUENCY/",
                    "box": [
                        144,
                        356,
                        219,
                        369
                    ]
                },
                {
                    "text": "YEAR",
                    "box": [
                        219,
                        355,
                        250,
                        372
                    ]
                }
            ],
            "id": 18
        },
        {
            "text": "SPACE/ COLOR",
            "box": [
                106,
                387,
                189,
                401
            ],
            "linking": [],
            "label": "question",
            "words": [
                {
                    "text": "SPACE/",
                    "box": [
                        106,
                        387,
                        144,
                        401
                    ]
                },
                {
                    "text": "COLOR",
                    "box": [
                        147,
                        387,
                        189,
                        400
                    ]
                }
            ],
            "id": 19
        },
        {
            "text": "COUPON ISSUE DATE",
            "box": [
                106,
                416,
                229,
                431
            ],
            "linking": [
                [
                    20,
                    22
                ]
            ],
            "label": "question",
            "words": [
                {
                    "text": "COUPON",
                    "box": [
                        106,
                        416,
                        155,
                        430
                    ]
                },
                {
                    "text": "ISSUE",
                    "box": [
                        158,
                        416,
                        194,
                        429
                    ]
                },
                {
                    "text": "DATE",
                    "box": [
                        194,
                        418,
                        229,
                        431
                    ]
                }
            ],
            "id": 20
        },
        {
            "text": "COUPON EXPIRATION DATE",
            "box": [
                105,
                444,
                261,
                460
            ],
            "linking": [
                [
                    21,
                    23
                ]
            ],
            "label": "question",
            "words": [
                {
                    "text": "COUPON",
                    "box": [
                        105,
                        444,
                        155,
                        459
                    ]
                },
                {
                    "text": "EXPIRATION",
                    "box": [
                        159,
                        446,
                        230,
                        460
                    ]
                },
                {
                    "text": "DATE",
                    "box": [
                        230,
                        446,
                        261,
                        459
                    ]
                }
            ],
            "id": 21
        },
        {
            "text": "10/ 13/ 95",
            "box": [
                302,
                416,
                347,
                431
            ],
            "linking": [
                [
                    20,
                    22
                ]
            ],
            "label": "answer",
            "words": [
                {
                    "text": "10/",
                    "box": [
                        302,
                        416,
                        316,
                        431
                    ]
                },
                {
                    "text": "13/",
                    "box": [
                        316,
                        418,
                        331,
                        431
                    ]
                },
                {
                    "text": "95",
                    "box": [
                        334,
                        416,
                        347,
                        430
                    ]
                }
            ],
            "id": 22
        },
        {
            "text": "12/ 17/ 95",
            "box": [
                300,
                446,
                346,
                461
            ],
            "linking": [
                [
                    21,
                    23
                ]
            ],
            "label": "answer",
            "words": [
                {
                    "text": "12/",
                    "box": [
                        300,
                        446,
                        318,
                        461
                    ]
                },
                {
                    "text": "17/",
                    "box": [
                        318,
                        447,
                        333,
                        460
                    ]
                },
                {
                    "text": "95",
                    "box": [
                        335,
                        446,
                        346,
                        460
                    ]
                }
            ],
            "id": 23
        },
        {
            "text": "GEOGRAPHICAL AREA(S)",
            "box": [
                105,
                535,
                245,
                550
            ],
            "linking": [
                [
                    24,
                    25
                ]
            ],
            "label": "question",
            "words": [
                {
                    "text": "GEOGRAPHICAL",
                    "box": [
                        105,
                        535,
                        196,
                        549
                    ]
                },
                {
                    "text": "AREA(S)",
                    "box": [
                        198,
                        535,
                        245,
                        550
                    ]
                }
            ],
            "id": 24
        },
        {
            "text": "Regions 11, 17, 21",
            "box": [
                299,
                538,
                398,
                553
            ],
            "linking": [
                [
                    24,
                    25
                ]
            ],
            "label": "answer",
            "words": [
                {
                    "text": "Regions",
                    "box": [
                        299,
                        538,
                        341,
                        553
                    ]
                },
                {
                    "text": "11,",
                    "box": [
                        345,
                        538,
                        360,
                        551
                    ]
                },
                {
                    "text": "17,",
                    "box": [
                        367,
                        538,
                        380,
                        551
                    ]
                },
                {
                    "text": "21",
                    "box": [
                        384,
                        538,
                        398,
                        551
                    ]
                }
            ],
            "id": 25
        },
        {
            "text": "COUPON VALUE",
            "box": [
                105,
                564,
                195,
                582
            ],
            "linking": [
                [
                    26,
                    27
                ]
            ],
            "label": "question",
            "words": [
                {
                    "text": "COUPON",
                    "box": [
                        105,
                        564,
                        157,
                        582
                    ]
                },
                {
                    "text": "VALUE",
                    "box": [
                        156,
                        567,
                        195,
                        582
                    ]
                }
            ],
            "id": 26
        },
        {
            "text": "$2 off 3 Pcks or Crtn",
            "box": [
                297,
                567,
                407,
                584
            ],
            "linking": [
                [
                    26,
                    27
                ]
            ],
            "label": "answer",
            "words": [
                {
                    "text": "$2",
                    "box": [
                        297,
                        567,
                        312,
                        581
                    ]
                },
                {
                    "text": "off",
                    "box": [
                        313,
                        567,
                        330,
                        581
                    ]
                },
                {
                    "text": "3",
                    "box": [
                        332,
                        567,
                        339,
                        581
                    ]
                },
                {
                    "text": "Pcks",
                    "box": [
                        341,
                        567,
                        368,
                        581
                    ]
                },
                {
                    "text": "or",
                    "box": [
                        370,
                        570,
                        381,
                        580
                    ]
                },
                {
                    "text": "Crtn",
                    "box": [
                        383,
                        567,
                        407,
                        584
                    ]
                }
            ],
            "id": 27
        },
        {
            "text": "PACK AND OR/ CARTON",
            "box": [
                103,
                596,
                235,
                613
            ],
            "linking": [
                [
                    28,
                    29
                ]
            ],
            "label": "question",
            "words": [
                {
                    "text": "PACK",
                    "box": [
                        103,
                        596,
                        135,
                        610
                    ]
                },
                {
                    "text": "AND",
                    "box": [
                        137,
                        596,
                        162,
                        610
                    ]
                },
                {
                    "text": "OR/",
                    "box": [
                        166,
                        598,
                        186,
                        612
                    ]
                },
                {
                    "text": "CARTON",
                    "box": [
                        186,
                        599,
                        235,
                        613
                    ]
                }
            ],
            "id": 28
        },
        {
            "text": "PACK OR CARTON",
            "box": [
                297,
                595,
                400,
                613
            ],
            "linking": [
                [
                    28,
                    29
                ]
            ],
            "label": "answer",
            "words": [
                {
                    "text": "PACK",
                    "box": [
                        297,
                        595,
                        329,
                        613
                    ]
                },
                {
                    "text": "OR",
                    "box": [
                        331,
                        595,
                        351,
                        612
                    ]
                },
                {
                    "text": "CARTON",
                    "box": [
                        353,
                        595,
                        400,
                        612
                    ]
                }
            ],
            "id": 29
        },
        {
            "text": "ADVERTISING CREATIVE THEME",
            "box": [
                102,
                628,
                286,
                643
            ],
            "linking": [],
            "label": "question",
            "words": [
                {
                    "text": "ADVERTISING",
                    "box": [
                        102,
                        628,
                        183,
                        639
                    ]
                },
                {
                    "text": "CREATIVE",
                    "box": [
                        183,
                        628,
                        242,
                        641
                    ]
                },
                {
                    "text": "THEME",
                    "box": [
                        244,
                        628,
                        286,
                        643
                    ]
                }
            ],
            "id": 30
        },
        {
            "text": "SIGNATURE OF INITIATOR",
            "box": [
                102,
                658,
                250,
                673
            ],
            "linking": [
                [
                    31,
                    32
                ]
            ],
            "label": "question",
            "words": [
                {
                    "text": "SIGNATURE",
                    "box": [
                        102,
                        658,
                        172,
                        672
                    ]
                },
                {
                    "text": "OF",
                    "box": [
                        175,
                        658,
                        192,
                        673
                    ]
                },
                {
                    "text": "INITIATOR",
                    "box": [
                        193,
                        658,
                        250,
                        673
                    ]
                }
            ],
            "id": 31
        },
        {
            "text": "",
            "box": [
                342,
                617,
                528,
                697
            ],
            "linking": [
                [
                    31,
                    32
                ]
            ],
            "label": "answer",
            "words": [
                {
                    "text": "",
                    "box": [
                        342,
                        627,
                        419,
                        694
                    ]
                },
                {
                    "text": "",
                    "box": [
                        401,
                        617,
                        528,
                        697
                    ]
                }
            ],
            "id": 32
        },
        {
            "text": "6/ 8/ 95",
            "box": [
                297,
                689,
                331,
                707
            ],
            "linking": [
                [
                    34,
                    33
                ]
            ],
            "label": "answer",
            "words": [
                {
                    "text": "6/",
                    "box": [
                        297,
                        689,
                        310,
                        704
                    ]
                },
                {
                    "text": "8/",
                    "box": [
                        309,
                        689,
                        320,
                        702
                    ]
                },
                {
                    "text": "95",
                    "box": [
                        318,
                        689,
                        331,
                        707
                    ]
                }
            ],
            "id": 33
        },
        {
            "text": "DATE INITIATED",
            "box": [
                102,
                689,
                192,
                704
            ],
            "linking": [
                [
                    34,
                    33
                ]
            ],
            "label": "question",
            "words": [
                {
                    "text": "DATE",
                    "box": [
                        102,
                        689,
                        136,
                        703
                    ]
                },
                {
                    "text": "INITIATED",
                    "box": [
                        135,
                        689,
                        192,
                        704
                    ]
                }
            ],
            "id": 34
        },
        {
            "text": "ANALYTICAL REQUIREMENTS:",
            "box": [
                103,
                718,
                274,
                733
            ],
            "linking": [
                [
                    35,
                    36
                ],
                [
                    35,
                    37
                ],
                [
                    35,
                    38
                ],
                [
                    35,
                    39
                ]
            ],
            "label": "title",
            "words": [
                {
                    "text": "ANALYTICAL",
                    "box": [
                        103,
                        718,
                        173,
                        733
                    ]
                },
                {
                    "text": "REQUIREMENTS:",
                    "box": [
                        176,
                        718,
                        274,
                        733
                    ]
                }
            ],
            "id": 35
        },
        {
            "text": "FOR CONTROL USE ONLY:",
            "box": [
                299,
                750,
                447,
                764
            ],
            "linking": [
                [
                    35,
                    36
                ]
            ],
            "label": "question",
            "words": [
                {
                    "text": "FOR",
                    "box": [
                        299,
                        750,
                        324,
                        764
                    ]
                },
                {
                    "text": "CONTROL",
                    "box": [
                        325,
                        750,
                        382,
                        764
                    ]
                },
                {
                    "text": "USE",
                    "box": [
                        385,
                        751,
                        410,
                        764
                    ]
                },
                {
                    "text": "ONLY:",
                    "box": [
                        412,
                        750,
                        447,
                        763
                    ]
                }
            ],
            "id": 36
        },
        {
            "text": "CODE ASSIGNED:",
            "box": [
                297,
                779,
                398,
                794
            ],
            "linking": [
                [
                    35,
                    37
                ],
                [
                    37,
                    7
                ]
            ],
            "label": "question",
            "words": [
                {
                    "text": "CODE",
                    "box": [
                        297,
                        781,
                        332,
                        794
                    ]
                },
                {
                    "text": "ASSIGNED:",
                    "box": [
                        335,
                        779,
                        398,
                        793
                    ]
                }
            ],
            "id": 37
        },
        {
            "text": "JOB NUMBER:",
            "box": [
                297,
                796,
                377,
                810
            ],
            "linking": [
                [
                    35,
                    38
                ],
                [
                    38,
                    8
                ]
            ],
            "label": "question",
            "words": [
                {
                    "text": "JOB",
                    "box": [
                        297,
                        797,
                        319,
                        808
                    ]
                },
                {
                    "text": "NUMBER:",
                    "box": [
                        323,
                        796,
                        377,
                        810
                    ]
                }
            ],
            "id": 38
        },
        {
            "text": "EST. REDEMPTION:",
            "box": [
                297,
                807,
                407,
                823
            ],
            "linking": [
                [
                    35,
                    39
                ],
                [
                    39,
                    9
                ]
            ],
            "label": "question",
            "words": [
                {
                    "text": "EST.",
                    "box": [
                        297,
                        809,
                        321,
                        823
                    ]
                },
                {
                    "text": "REDEMPTION:",
                    "box": [
                        325,
                        807,
                        407,
                        822
                    ]
                }
            ],
            "id": 39
        }
    ]
}