{
    "form": [
        {
            "box": [
                105,
                134,
                158,
                149
            ],
            "text": "Location",
            "label": "question",
            "words": [
                {
                    "box": [
                        105,
                        134,
                        158,
                        149
                    ],
                    "text": "Location"
                }
            ],
            "linking": [
                [
                    0,
                    39
                ]
            ],
            "id": 0
        },
        {
            "box": [
                425,
                130,
                475,
                145
            ],
            "text": "Division",
            "label": "question",
            "words": [
                {
                    "box": [
                        425,
                        130,
                        475,
                        145
                    ],
                    "text": "Division"
                }
            ],
            "linking": [
                [
                    1,
                    40
                ]
            ],
            "id": 1
        },
        {
            "box": [
                432,
                226,
                502,
                243
            ],
            "text": "Invitations:",
            "label": "title",
            "words": [
                {
                    "box": [
                        432,
                        226,
                        502,
                        243
                    ],
                    "text": "Invitations:"
                }
            ],
            "linking": [
                [
                    2,
                    11
                ],
                [
                    2,
                    51
                ],
                [
                    2,
                    52
                ]
            ],
            "id": 2
        },
        {
            "box": [
                103,
                254,
                139,
                269
            ],
            "text": "Mugs",
            "label": "question",
            "words": [
                {
                    "box": [
                        103,
                        254,
                        139,
                        269
                    ],
                    "text": "Mugs"
                }
            ],
            "linking": [
                [
                    48,
                    3
                ],
                [
                    3,
                    5
                ]
            ],
            "id": 3
        },
        {
            "box": [
                105,
                300,
                157,
                315
            ],
            "text": "Posters",
            "label": "question",
            "words": [
                {
                    "box": [
                        105,
                        300,
                        157,
                        315
                    ],
                    "text": "Posters"
                }
            ],
            "linking": [
                [
                    48,
                    4
                ],
                [
                    4,
                    8
                ]
            ],
            "id": 4
        },
        {
            "box": [
                177,
                251,
                205,
                264
            ],
            "text": "720",
            "label": "answer",
            "words": [
                {
                    "box": [
                        177,
                        251,
                        205,
                        264
                    ],
                    "text": "720"
                }
            ],
            "linking": [
                [
                    3,
                    5
                ]
            ],
            "id": 5
        },
        {
            "box": [
                186,
                268,
                203,
                282
            ],
            "text": "40",
            "label": "answer",
            "words": [
                {
                    "box": [
                        186,
                        268,
                        203,
                        282
                    ],
                    "text": "40"
                }
            ],
            "linking": [
                [
                    49,
                    6
                ]
            ],
            "id": 6
        },
        {
            "box": [
                184,
                286,
                204,
                297
            ],
            "text": "20",
            "label": "answer",
            "words": [
                {
                    "box": [
                        184,
                        286,
                        204,
                        297
                    ],
                    "text": "20"
                }
            ],
            "linking": [
                [
                    50,
                    7
                ]
            ],
            "id": 7
        },
        {
            "box": [
                179,
                299,
                206,
                310
            ],
            "text": "100",
            "label": "answer",
            "words": [
                {
                    "box": [
                        179,
                        299,
                        206,
                        310
                    ],
                    "text": "100"
                }
            ],
            "linking": [
                [
                    4,
                    8
                ]
            ],
            "id": 8
        },
        {
            "box": [
                547,
                250,
                568,
                263
            ],
            "text": "50",
            "label": "answer",
            "words": [
                {
                    "box": [
                        547,
                        250,
                        568,
                        263
                    ],
                    "text": "50"
                }
            ],
            "linking": [
                [
                    11,
                    9
                ]
            ],
            "id": 9
        },
        {
            "box": [
                527,
                281,
                586,
                295
            ],
            "text": "Unknown",
            "label": "answer",
            "words": [
                {
                    "box": [
                        527,
                        281,
                        586,
                        295
                    ],
                    "text": "Unknown"
                }
            ],
            "linking": [
                [
                    52,
                    10
                ]
            ],
            "id": 10
        },
        {
            "box": [
                433,
                253,
                517,
                268
            ],
            "text": "#Requested",
            "label": "question",
            "words": [
                {
                    "box": [
                        433,
                        253,
                        517,
                        268
                    ],
                    "text": "#Requested"
                }
            ],
            "linking": [
                [
                    2,
                    11
                ],
                [
                    11,
                    9
                ]
            ],
            "id": 11
        },
        {
            "box": [
                105,
                327,
                133,
                341
            ],
            "text": "Date",
            "label": "question",
            "words": [
                {
                    "box": [
                        105,
                        327,
                        133,
                        341
                    ],
                    "text": "Date"
                }
            ],
            "linking": [
                [
                    12,
                    35
                ],
                [
                    12,
                    36
                ],
                [
                    12,
                    37
                ]
            ],
            "id": 12
        },
        {
            "box": [
                138,
                324,
                174,
                342
            ],
            "text": "Rec'd",
            "label": "question",
            "words": [
                {
                    "box": [
                        138,
                        324,
                        174,
                        342
                    ],
                    "text": "Rec'd"
                }
            ],
            "linking": [
                [
                    13,
                    35
                ],
                [
                    13,
                    36
                ],
                [
                    13,
                    37
                ]
            ],
            "id": 13
        },
        {
            "box": [
                384,
                365,
                452,
                380
            ],
            "text": "Attendees:",
            "label": "title",
            "words": [
                {
                    "box": [
                        384,
                        365,
                        452,
                        380
                    ],
                    "text": "Attendees:"
                }
            ],
            "linking": [
                [
                    14,
                    57
                ],
                [
                    14,
                    58
                ],
                [
                    14,
                    59
                ]
            ],
            "id": 14
        },
        {
            "box": [
                106,
                387,
                155,
                402
            ],
            "text": "Counter",
            "label": "question",
            "words": [
                {
                    "box": [
                        106,
                        387,
                        155,
                        402
                    ],
                    "text": "Counter"
                }
            ],
            "linking": [
                [
                    56,
                    15
                ],
                [
                    15,
                    18
                ]
            ],
            "id": 15
        },
        {
            "box": [
                105,
                406,
                139,
                419
            ],
            "text": "Floor",
            "label": "question",
            "words": [
                {
                    "box": [
                        105,
                        406,
                        139,
                        419
                    ],
                    "text": "Floor"
                }
            ],
            "linking": [
                [
                    56,
                    16
                ],
                [
                    16,
                    19
                ]
            ],
            "id": 16
        },
        {
            "box": [
                102,
                420,
                152,
                433
            ],
            "text": "Posters",
            "label": "question",
            "words": [
                {
                    "box": [
                        102,
                        420,
                        152,
                        433
                    ],
                    "text": "Posters"
                }
            ],
            "linking": [
                [
                    56,
                    17
                ],
                [
                    17,
                    20
                ]
            ],
            "id": 17
        },
        {
            "box": [
                201,
                388,
                221,
                401
            ],
            "text": "15",
            "label": "answer",
            "words": [
                {
                    "box": [
                        201,
                        388,
                        221,
                        401
                    ],
                    "text": "15"
                }
            ],
            "linking": [
                [
                    15,
                    18
                ]
            ],
            "id": 18
        },
        {
            "box": [
                205,
                408,
                219,
                418
            ],
            "text": "9",
            "label": "answer",
            "words": [
                {
                    "box": [
                        205,
                        408,
                        219,
                        418
                    ],
                    "text": "9"
                }
            ],
            "linking": [
                [
                    16,
                    19
                ]
            ],
            "id": 19
        },
        {
            "box": [
                193,
                419,
                222,
                434
            ],
            "text": "100",
            "label": "answer",
            "words": [
                {
                    "box": [
                        193,
                        419,
                        222,
                        434
                    ],
                    "text": "100"
                }
            ],
            "linking": [
                [
                    17,
                    20
                ]
            ],
            "id": 20
        },
        {
            "box": [
                534,
                384,
                554,
                397
            ],
            "text": "40",
            "label": "answer",
            "words": [
                {
                    "box": [
                        534,
                        384,
                        554,
                        397
                    ],
                    "text": "40"
                }
            ],
            "linking": [
                [
                    57,
                    21
                ]
            ],
            "id": 21
        },
        {
            "box": [
                535,
                402,
                555,
                412
            ],
            "text": "35",
            "label": "answer",
            "words": [
                {
                    "box": [
                        535,
                        402,
                        555,
                        412
                    ],
                    "text": "35"
                }
            ],
            "linking": [
                [
                    58,
                    22
                ]
            ],
            "id": 22
        },
        {
            "box": [
                535,
                418,
                553,
                431
            ],
            "text": "10",
            "label": "answer",
            "words": [
                {
                    "box": [
                        535,
                        418,
                        553,
                        431
                    ],
                    "text": "10"
                }
            ],
            "linking": [
                [
                    59,
                    23
                ]
            ],
            "id": 23
        },
        {
            "box": [
                176,
                647,
                212,
                662
            ],
            "text": "Food",
            "label": "question",
            "words": [
                {
                    "box": [
                        176,
                        647,
                        212,
                        662
                    ],
                    "text": "Food"
                }
            ],
            "linking": [
                [
                    67,
                    24
                ],
                [
                    24,
                    29
                ]
            ],
            "id": 24
        },
        {
            "box": [
                177,
                662,
                248,
                675
            ],
            "text": "Cleanliness",
            "label": "question",
            "words": [
                {
                    "box": [
                        177,
                        662,
                        248,
                        675
                    ],
                    "text": "Cleanliness"
                }
            ],
            "linking": [
                [
                    67,
                    25
                ],
                [
                    25,
                    30
                ]
            ],
            "id": 25
        },
        {
            "box": [
                175,
                676,
                228,
                690
            ],
            "text": "Service",
            "label": "question",
            "words": [
                {
                    "box": [
                        175,
                        676,
                        228,
                        690
                    ],
                    "text": "Service"
                }
            ],
            "linking": [
                [
                    67,
                    26
                ],
                [
                    26,
                    31
                ]
            ],
            "id": 26
        },
        {
            "box": [
                338,
                690,
                366,
                703
            ],
            "text": "Fair",
            "label": "other",
            "words": [
                {
                    "box": [
                        338,
                        690,
                        366,
                        703
                    ],
                    "text": "Fair"
                }
            ],
            "linking": [],
            "id": 27
        },
        {
            "box": [
                464,
                689,
                514,
                706
            ],
            "text": "Average",
            "label": "other",
            "words": [
                {
                    "box": [
                        464,
                        689,
                        514,
                        706
                    ],
                    "text": "Average"
                }
            ],
            "linking": [],
            "id": 28
        },
        {
            "box": [
                475,
                641,
                493,
                656
            ],
            "text": "X",
            "label": "answer",
            "words": [
                {
                    "box": [
                        475,
                        641,
                        493,
                        656
                    ],
                    "text": "X"
                }
            ],
            "linking": [
                [
                    24,
                    29
                ]
            ],
            "id": 29
        },
        {
            "box": [
                616,
                659,
                627,
                674
            ],
            "text": "X",
            "label": "answer",
            "words": [
                {
                    "box": [
                        616,
                        659,
                        627,
                        674
                    ],
                    "text": "X"
                }
            ],
            "linking": [
                [
                    25,
                    30
                ]
            ],
            "id": 30
        },
        {
            "box": [
                616,
                675,
                631,
                688
            ],
            "text": "X",
            "label": "answer",
            "words": [
                {
                    "box": [
                        616,
                        675,
                        631,
                        688
                    ],
                    "text": "X"
                }
            ],
            "linking": [
                [
                    26,
                    31
                ]
            ],
            "id": 31
        },
        {
            "box": [
                598,
                687,
                657,
                700
            ],
            "text": "Excellent",
            "label": "other",
            "words": [
                {
                    "box": [
                        598,
                        687,
                        657,
                        700
                    ],
                    "text": "Excellent"
                }
            ],
            "linking": [],
            "id": 32
        },
        {
            "box": [
                155,
                884,
                177,
                901
            ],
            "text": "cc:",
            "label": "question",
            "words": [
                {
                    "box": [
                        155,
                        884,
                        177,
                        901
                    ],
                    "text": "cc:"
                }
            ],
            "linking": [
                [
                    33,
                    70
                ]
            ],
            "id": 33
        },
        {
            "box": [
                675,
                777,
                690,
                847
            ],
            "text": "92091873",
            "label": "other",
            "words": [
                {
                    "box": [
                        675,
                        777,
                        690,
                        847
                    ],
                    "text": "92091873"
                }
            ],
            "linking": [],
            "id": 34
        },
        {
            "box": [
                190,
                321,
                207,
                339
            ],
            "text": "6/",
            "label": "answer",
            "words": [
                {
                    "box": [
                        190,
                        321,
                        207,
                        339
                    ],
                    "text": "6/"
                }
            ],
            "linking": [
                [
                    12,
                    35
                ],
                [
                    13,
                    35
                ]
            ],
            "id": 35
        },
        {
            "box": [
                211,
                321,
                233,
                341
            ],
            "text": "12/",
            "label": "answer",
            "words": [
                {
                    "box": [
                        211,
                        321,
                        233,
                        341
                    ],
                    "text": "12/"
                }
            ],
            "linking": [
                [
                    12,
                    36
                ],
                [
                    13,
                    36
                ]
            ],
            "id": 36
        },
        {
            "box": [
                235,
                321,
                250,
                339
            ],
            "text": "95",
            "label": "answer",
            "words": [
                {
                    "box": [
                        235,
                        321,
                        250,
                        339
                    ],
                    "text": "95"
                }
            ],
            "linking": [
                [
                    12,
                    37
                ],
                [
                    13,
                    37
                ]
            ],
            "id": 37
        },
        {
            "text": "NEWPORT RACING EVENT SURVEY",
            "box": [
                244,
                101,
                516,
                117
            ],
            "linking": [],
            "label": "title",
            "words": [
                {
                    "text": "NEWPORT",
                    "box": [
                        244,
                        103,
                        325,
                        117
                    ]
                },
                {
                    "text": "RACING",
                    "box": [
                        331,
                        102,
                        388,
                        116
                    ]
                },
                {
                    "text": "EVENT",
                    "box": [
                        397,
                        102,
                        449,
                        115
                    ]
                },
                {
                    "text": "SURVEY",
                    "box": [
                        453,
                        101,
                        516,
                        116
                    ]
                }
            ],
            "id": 38
        },
        {
            "text": "Leguna Seca, Monterey, Ca",
            "box": [
                176,
                133,
                381,
                148
            ],
            "linking": [
                [
                    0,
                    39
                ]
            ],
            "label": "answer",
            "words": [
                {
                    "text": "Leguna",
                    "box": [
                        176,
                        134,
                        225,
                        148
                    ]
                },
                {
                    "text": "Seca,",
                    "box": [
                        235,
                        134,
                        274,
                        148
                    ]
                },
                {
                    "text": "Monterey,",
                    "box": [
                        281,
                        133,
                        354,
                        147
                    ]
                },
                {
                    "text": "Ca",
                    "box": [
                        363,
                        133,
                        381,
                        144
                    ]
                }
            ],
            "id": 39
        },
        {
            "text": "San Jose/ 933",
            "box": [
                518,
                126,
                618,
                147
            ],
            "linking": [
                [
                    1,
                    40
                ]
            ],
            "label": "answer",
            "words": [
                {
                    "text": "San",
                    "box": [
                        518,
                        127,
                        543,
                        147
                    ]
                },
                {
                    "text": "Jose/",
                    "box": [
                        550,
                        126,
                        589,
                        143
                    ]
                },
                {
                    "text": "933",
                    "box": [
                        591,
                        127,
                        618,
                        144
                    ]
                }
            ],
            "id": 40
        },
        {
            "text": "T. L. Roberts",
            "box": [
                517,
                161,
                616,
                175
            ],
            "linking": [
                [
                    44,
                    41
                ]
            ],
            "label": "answer",
            "words": [
                {
                    "text": "T.",
                    "box": [
                        517,
                        161,
                        531,
                        175
                    ]
                },
                {
                    "text": "L.",
                    "box": [
                        534,
                        162,
                        548,
                        173
                    ]
                },
                {
                    "text": "Roberts",
                    "box": [
                        557,
                        161,
                        616,
                        172
                    ]
                }
            ],
            "id": 41
        },
        {
            "text": "Date (s)",
            "box": [
                105,
                161,
                155,
                181
            ],
            "linking": [
                [
                    42,
                    43
                ]
            ],
            "label": "question",
            "words": [
                {
                    "text": "Date",
                    "box": [
                        105,
                        165,
                        134,
                        178
                    ]
                },
                {
                    "text": "(s)",
                    "box": [
                        138,
                        161,
                        155,
                        181
                    ]
                }
            ],
            "id": 42
        },
        {
            "text": "September 10, 1995",
            "box": [
                177,
                159,
                324,
                177
            ],
            "linking": [
                [
                    42,
                    43
                ]
            ],
            "label": "answer",
            "words": [
                {
                    "text": "September",
                    "box": [
                        177,
                        162,
                        251,
                        177
                    ]
                },
                {
                    "text": "10,",
                    "box": [
                        258,
                        162,
                        280,
                        175
                    ]
                },
                {
                    "text": "1995",
                    "box": [
                        289,
                        159,
                        324,
                        177
                    ]
                }
            ],
            "id": 43
        },
        {
            "text": "Division Mgr",
            "box": [
                425,
                158,
                503,
                178
            ],
            "linking": [
                [
                    44,
                    41
                ]
            ],
            "label": "question",
            "words": [
                {
                    "text": "Division",
                    "box": [
                        425,
                        158,
                        475,
                        178
                    ]
                },
                {
                    "text": "Mgr",
                    "box": [
                        476,
                        158,
                        503,
                        178
                    ]
                }
            ],
            "id": 44
        },
        {
            "text": "Date Submitted",
            "box": [
                284,
                187,
                384,
                206
            ],
            "linking": [
                [
                    45,
                    46
                ],
                [
                    45,
                    47
                ]
            ],
            "label": "question",
            "words": [
                {
                    "text": "Date",
                    "box": [
                        284,
                        189,
                        315,
                        206
                    ]
                },
                {
                    "text": "Submitted",
                    "box": [
                        320,
                        187,
                        384,
                        205
                    ]
                }
            ],
            "id": 45
        },
        {
            "text": "September 26 1995",
            "box": [
                388,
                182,
                533,
                199
            ],
            "linking": [
                [
                    45,
                    46
                ]
            ],
            "label": "answer",
            "words": [
                {
                    "text": "September",
                    "box": [
                        388,
                        182,
                        461,
                        199
                    ]
                },
                {
                    "text": "26",
                    "box": [
                        469,
                        183,
                        490,
                        194
                    ]
                },
                {
                    "text": "1995",
                    "box": [
                        501,
                        182,
                        533,
                        196
                    ]
                }
            ],
            "id": 46
        },
        {
            "text": "(submit by 30 days after event)",
            "box": [
                311,
                204,
                471,
                221
            ],
            "linking": [
                [
                    45,
                    47
                ]
            ],
            "label": "answer",
            "words": [
                {
                    "text": "(submit",
                    "box": [
                        311,
                        208,
                        354,
                        221
                    ]
                },
                {
                    "text": "by",
                    "box": [
                        355,
                        208,
                        368,
                        221
                    ]
                },
                {
                    "text": "30",
                    "box": [
                        372,
                        207,
                        385,
                        218
                    ]
                },
                {
                    "text": "days",
                    "box": [
                        384,
                        204,
                        413,
                        219
                    ]
                },
                {
                    "text": "after",
                    "box": [
                        413,
                        204,
                        440,
                        221
                    ]
                },
                {
                    "text": "event)",
                    "box": [
                        440,
                        204,
                        471,
                        221
                    ]
                }
            ],
            "id": 47
        },
        {
            "text": "Promotion Quantity:",
            "box": [
                102,
                230,
                233,
                245
            ],
            "linking": [
                [
                    48,
                    3
                ],
                [
                    48,
                    49
                ],
                [
                    48,
                    50
                ],
                [
                    48,
                    4
                ]
            ],
            "label": "title",
            "words": [
                {
                    "text": "Promotion",
                    "box": [
                        102,
                        230,
                        170,
                        243
                    ]
                },
                {
                    "text": "Quantity:",
                    "box": [
                        173,
                        230,
                        233,
                        245
                    ]
                }
            ],
            "id": 48
        },
        {
            "text": "Displays (8)",
            "box": [
                105,
                267,
                178,
                287
            ],
            "linking": [
                [
                    48,
                    49
                ],
                [
                    49,
                    6
                ]
            ],
            "label": "question",
            "words": [
                {
                    "text": "Displays",
                    "box": [
                        105,
                        268,
                        158,
                        285
                    ]
                },
                {
                    "text": "(8)",
                    "box": [
                        163,
                        267,
                        178,
                        287
                    ]
                }
            ],
            "id": 49
        },
        {
            "text": "Floor (40)",
            "box": [
                103,
                286,
                170,
                299
            ],
            "linking": [
                [
                    48,
                    50
                ],
                [
                    50,
                    7
                ]
            ],
            "label": "question",
            "words": [
                {
                    "text": "Floor",
                    "box": [
                        103,
                        286,
                        139,
                        299
                    ]
                },
                {
                    "text": "(40)",
                    "box": [
                        142,
                        286,
                        170,
                        297
                    ]
                }
            ],
            "id": 50
        },
        {
            "text": "Date Notified",
            "box": [
                434,
                268,
                520,
                282
            ],
            "linking": [
                [
                    2,
                    51
                ],
                [
                    51,
                    54
                ]
            ],
            "label": "question",
            "words": [
                {
                    "text": "Date",
                    "box": [
                        434,
                        268,
                        466,
                        282
                    ]
                },
                {
                    "text": "Notified",
                    "box": [
                        466,
                        268,
                        520,
                        282
                    ]
                }
            ],
            "id": 51
        },
        {
            "text": "Date Ordered",
            "box": [
                433,
                282,
                518,
                299
            ],
            "linking": [
                [
                    2,
                    52
                ],
                [
                    52,
                    10
                ]
            ],
            "label": "question",
            "words": [
                {
                    "text": "Date",
                    "box": [
                        433,
                        284,
                        462,
                        297
                    ]
                },
                {
                    "text": "Ordered",
                    "box": [
                        465,
                        282,
                        518,
                        299
                    ]
                }
            ],
            "id": 52
        },
        {
            "text": "Date Rec'd",
            "box": [
                434,
                323,
                501,
                341
            ],
            "linking": [
                [
                    53,
                    55
                ]
            ],
            "label": "question",
            "words": [
                {
                    "text": "Date",
                    "box": [
                        434,
                        324,
                        462,
                        339
                    ]
                },
                {
                    "text": "Rec'd",
                    "box": [
                        465,
                        323,
                        501,
                        341
                    ]
                }
            ],
            "id": 53
        },
        {
            "text": "9/ 5/ 95",
            "box": [
                532,
                267,
                586,
                284
            ],
            "linking": [
                [
                    51,
                    54
                ]
            ],
            "label": "answer",
            "words": [
                {
                    "text": "9/",
                    "box": [
                        532,
                        267,
                        545,
                        278
                    ]
                },
                {
                    "text": "5/",
                    "box": [
                        547,
                        267,
                        567,
                        284
                    ]
                },
                {
                    "text": "95",
                    "box": [
                        568,
                        268,
                        586,
                        281
                    ]
                }
            ],
            "id": 54
        },
        {
            "text": "9/ 6/ 95",
            "box": [
                520,
                321,
                566,
                340
            ],
            "linking": [
                [
                    53,
                    55
                ]
            ],
            "label": "answer",
            "words": [
                {
                    "text": "9/",
                    "box": [
                        520,
                        323,
                        534,
                        340
                    ]
                },
                {
                    "text": "6/",
                    "box": [
                        535,
                        324,
                        550,
                        338
                    ]
                },
                {
                    "text": "95",
                    "box": [
                        552,
                        321,
                        566,
                        339
                    ]
                }
            ],
            "id": 55
        },
        {
            "text": "#Displays Placed:",
            "box": [
                105,
                363,
                226,
                381
            ],
            "linking": [
                [
                    56,
                    15
                ],
                [
                    56,
                    16
                ],
                [
                    56,
                    17
                ]
            ],
            "label": "title",
            "words": [
                {
                    "text": "#Displays",
                    "box": [
                        105,
                        365,
                        173,
                        379
                    ]
                },
                {
                    "text": "Placed:",
                    "box": [
                        176,
                        363,
                        226,
                        381
                    ]
                }
            ],
            "id": 56
        },
        {
            "text": "#Customers Invited",
            "box": [
                384,
                385,
                512,
                405
            ],
            "linking": [
                [
                    14,
                    57
                ],
                [
                    57,
                    21
                ]
            ],
            "label": "question",
            "words": [
                {
                    "text": "#Customers",
                    "box": [
                        384,
                        385,
                        469,
                        403
                    ]
                },
                {
                    "text": "Invited",
                    "box": [
                        471,
                        385,
                        512,
                        405
                    ]
                }
            ],
            "id": 57
        },
        {
            "text": "#Customers Attended",
            "box": [
                383,
                404,
                528,
                418
            ],
            "linking": [
                [
                    14,
                    58
                ],
                [
                    58,
                    22
                ]
            ],
            "label": "question",
            "words": [
                {
                    "text": "#Customers",
                    "box": [
                        383,
                        404,
                        467,
                        418
                    ]
                },
                {
                    "text": "Attended",
                    "box": [
                        469,
                        405,
                        528,
                        416
                    ]
                }
            ],
            "id": 58
        },
        {
            "text": "#Lorillard Personnel",
            "box": [
                383,
                418,
                520,
                435
            ],
            "linking": [
                [
                    14,
                    59
                ],
                [
                    59,
                    23
                ]
            ],
            "label": "question",
            "words": [
                {
                    "text": "#Lorillard",
                    "box": [
                        383,
                        419,
                        453,
                        433
                    ]
                },
                {
                    "text": "Personnel",
                    "box": [
                        454,
                        418,
                        520,
                        435
                    ]
                }
            ],
            "id": 59
        },
        {
            "text": "Invitees' Comments:",
            "box": [
                106,
                450,
                236,
                465
            ],
            "linking": [
                [
                    60,
                    61
                ],
                [
                    60,
                    62
                ],
                [
                    60,
                    63
                ],
                [
                    60,
                    64
                ]
            ],
            "label": "question",
            "words": [
                {
                    "text": "Invitees'",
                    "box": [
                        106,
                        450,
                        156,
                        465
                    ]
                },
                {
                    "text": "Comments:",
                    "box": [
                        162,
                        450,
                        236,
                        465
                    ]
                }
            ],
            "id": 60
        },
        {
            "text": "\"Thank You very much for the tickets, we had a great time\" Rogers Liquor, Marina California.",
            "box": [
                109,
                462,
                694,
                499
            ],
            "linking": [
                [
                    60,
                    61
                ]
            ],
            "label": "answer",
            "words": [
                {
                    "text": "\"Thank",
                    "box": [
                        109,
                        466,
                        158,
                        480
                    ]
                },
                {
                    "text": "You",
                    "box": [
                        161,
                        466,
                        186,
                        479
                    ]
                },
                {
                    "text": "very",
                    "box": [
                        194,
                        468,
                        228,
                        481
                    ]
                },
                {
                    "text": "much",
                    "box": [
                        236,
                        466,
                        271,
                        479
                    ]
                },
                {
                    "text": "for",
                    "box": [
                        277,
                        466,
                        301,
                        479
                    ]
                },
                {
                    "text": "the",
                    "box": [
                        310,
                        465,
                        332,
                        482
                    ]
                },
                {
                    "text": "tickets,",
                    "box": [
                        342,
                        465,
                        403,
                        480
                    ]
                },
                {
                    "text": "we",
                    "box": [
                        413,
                        465,
                        431,
                        479
                    ]
                },
                {
                    "text": "had",
                    "box": [
                        439,
                        465,
                        463,
                        478
                    ]
                },
                {
                    "text": "a",
                    "box": [
                        471,
                        465,
                        479,
                        479
                    ]
                },
                {
                    "text": "great",
                    "box": [
                        486,
                        464,
                        525,
                        479
                    ]
                },
                {
                    "text": "time\"",
                    "box": [
                        532,
                        464,
                        578,
                        479
                    ]
                },
                {
                    "text": "Rogers",
                    "box": [
                        581,
                        464,
                        633,
                        479
                    ]
                },
                {
                    "text": "Liquor,",
                    "box": [
                        641,
                        462,
                        694,
                        479
                    ]
                },
                {
                    "text": "Marina",
                    "box": [
                        144,
                        486,
                        194,
                        499
                    ]
                },
                {
                    "text": "California.",
                    "box": [
                        203,
                        485,
                        294,
                        499
                    ]
                }
            ],
            "id": 61
        },
        {
            "text": "\"We really appreciate Lorillard thinking us.\" Shiffert's Wholesale, Visalia, California.",
            "box": [
                106,
                493,
                676,
                527
            ],
            "linking": [
                [
                    60,
                    62
                ]
            ],
            "label": "answer",
            "words": [
                {
                    "text": "\"We",
                    "box": [
                        106,
                        500,
                        130,
                        513
                    ]
                },
                {
                    "text": "really",
                    "box": [
                        137,
                        500,
                        187,
                        513
                    ]
                },
                {
                    "text": "appreciate",
                    "box": [
                        193,
                        503,
                        278,
                        511
                    ]
                },
                {
                    "text": "Lorillard",
                    "box": [
                        285,
                        497,
                        360,
                        510
                    ]
                },
                {
                    "text": "thinking",
                    "box": [
                        366,
                        496,
                        433,
                        511
                    ]
                },
                {
                    "text": "",
                    "box": [
                        440,
                        497,
                        458,
                        508
                    ]
                },
                {
                    "text": "us.\"",
                    "box": [
                        462,
                        497,
                        497,
                        508
                    ]
                },
                {
                    "text": "Shiffert's",
                    "box": [
                        511,
                        493,
                        592,
                        511
                    ]
                },
                {
                    "text": "Wholesale,",
                    "box": [
                        599,
                        496,
                        676,
                        511
                    ]
                },
                {
                    "text": "Visalia,",
                    "box": [
                        147,
                        514,
                        210,
                        527
                    ]
                },
                {
                    "text": "California.",
                    "box": [
                        218,
                        514,
                        309,
                        527
                    ]
                }
            ],
            "id": 62
        },
        {
            "text": "\"Thank you so much for the invitations... We had a great time.\" Mission Trail Oil Company (Rotten Robbie Stores) San Jose California.",
            "box": [
                108,
                524,
                675,
                558
            ],
            "linking": [
                [
                    60,
                    63
                ]
            ],
            "label": "answer",
            "words": [
                {
                    "text": "\"Thank",
                    "box": [
                        108,
                        527,
                        157,
                        544
                    ]
                },
                {
                    "text": "you",
                    "box": [
                        162,
                        528,
                        187,
                        543
                    ]
                },
                {
                    "text": "so",
                    "box": [
                        196,
                        532,
                        209,
                        542
                    ]
                },
                {
                    "text": "much",
                    "box": [
                        216,
                        531,
                        254,
                        542
                    ]
                },
                {
                    "text": "for",
                    "box": [
                        261,
                        529,
                        289,
                        543
                    ]
                },
                {
                    "text": "the",
                    "box": [
                        295,
                        527,
                        319,
                        541
                    ]
                },
                {
                    "text": "invitations...",
                    "box": [
                        328,
                        524,
                        438,
                        539
                    ]
                },
                {
                    "text": "We",
                    "box": [
                        440,
                        527,
                        460,
                        542
                    ]
                },
                {
                    "text": "had",
                    "box": [
                        464,
                        525,
                        489,
                        540
                    ]
                },
                {
                    "text": "a",
                    "box": [
                        496,
                        528,
                        506,
                        541
                    ]
                },
                {
                    "text": "great",
                    "box": [
                        510,
                        528,
                        553,
                        541
                    ]
                },
                {
                    "text": "time.\"",
                    "box": [
                        560,
                        528,
                        599,
                        541
                    ]
                },
                {
                    "text": "Mission",
                    "box": [
                        602,
                        527,
                        675,
                        538
                    ]
                },
                {
                    "text": "Trail",
                    "box": [
                        148,
                        546,
                        187,
                        554
                    ]
                },
                {
                    "text": "Oil",
                    "box": [
                        193,
                        543,
                        220,
                        556
                    ]
                },
                {
                    "text": "Company",
                    "box": [
                        226,
                        545,
                        285,
                        558
                    ]
                },
                {
                    "text": "(Rotten",
                    "box": [
                        293,
                        543,
                        350,
                        557
                    ]
                },
                {
                    "text": "Robbie",
                    "box": [
                        359,
                        543,
                        408,
                        557
                    ]
                },
                {
                    "text": "Stores)",
                    "box": [
                        415,
                        542,
                        474,
                        555
                    ]
                },
                {
                    "text": "San",
                    "box": [
                        487,
                        543,
                        512,
                        554
                    ]
                },
                {
                    "text": "Jose",
                    "box": [
                        522,
                        545,
                        556,
                        558
                    ]
                },
                {
                    "text": "California.",
                    "box": [
                        567,
                        543,
                        654,
                        556
                    ]
                }
            ],
            "id": 63
        },
        {
            "text": "\"The races were great the Newport Hospitality area was terrific\". Coremark, Sacramento, California.",
            "box": [
                106,
                556,
                641,
                589
            ],
            "linking": [
                [
                    60,
                    64
                ]
            ],
            "label": "answer",
            "words": [
                {
                    "text": "\"The",
                    "box": [
                        106,
                        556,
                        137,
                        571
                    ]
                },
                {
                    "text": "races",
                    "box": [
                        147,
                        560,
                        188,
                        570
                    ]
                },
                {
                    "text": "were",
                    "box": [
                        194,
                        560,
                        228,
                        571
                    ]
                },
                {
                    "text": "great",
                    "box": [
                        235,
                        560,
                        284,
                        571
                    ]
                },
                {
                    "text": "the",
                    "box": [
                        292,
                        557,
                        319,
                        571
                    ]
                },
                {
                    "text": "Newport",
                    "box": [
                        324,
                        559,
                        384,
                        572
                    ]
                },
                {
                    "text": "Hospitality",
                    "box": [
                        391,
                        556,
                        479,
                        569
                    ]
                },
                {
                    "text": "area",
                    "box": [
                        487,
                        556,
                        519,
                        570
                    ]
                },
                {
                    "text": "was",
                    "box": [
                        528,
                        560,
                        555,
                        570
                    ]
                },
                {
                    "text": "terrific\".",
                    "box": [
                        560,
                        557,
                        641,
                        568
                    ]
                },
                {
                    "text": "Coremark,",
                    "box": [
                        145,
                        571,
                        219,
                        585
                    ]
                },
                {
                    "text": "Sacramento,",
                    "box": [
                        226,
                        574,
                        317,
                        589
                    ]
                },
                {
                    "text": "California.",
                    "box": [
                        327,
                        573,
                        418,
                        583
                    ]
                }
            ],
            "id": 64
        },
        {
            "text": "Race Day Info:",
            "box": [
                105,
                601,
                201,
                616
            ],
            "linking": [
                [
                    65,
                    66
                ]
            ],
            "label": "question",
            "words": [
                {
                    "text": "Race",
                    "box": [
                        105,
                        601,
                        139,
                        614
                    ]
                },
                {
                    "text": "Day",
                    "box": [
                        142,
                        601,
                        166,
                        616
                    ]
                },
                {
                    "text": "Info:",
                    "box": [
                        169,
                        601,
                        201,
                        616
                    ]
                }
            ],
            "id": 65
        },
        {
            "text": "Event Attendance 100, 000 Hospitality Tent Attendance 35- 40",
            "box": [
                230,
                598,
                643,
                617
            ],
            "linking": [
                [
                    65,
                    66
                ]
            ],
            "label": "answer",
            "words": [
                {
                    "text": "Event",
                    "box": [
                        230,
                        599,
                        268,
                        616
                    ]
                },
                {
                    "text": "Attendance",
                    "box": [
                        272,
                        602,
                        343,
                        616
                    ]
                },
                {
                    "text": "100,",
                    "box": [
                        351,
                        602,
                        382,
                        617
                    ]
                },
                {
                    "text": "000",
                    "box": [
                        381,
                        602,
                        415,
                        616
                    ]
                },
                {
                    "text": "Hospitality",
                    "box": [
                        419,
                        599,
                        486,
                        616
                    ]
                },
                {
                    "text": "Tent",
                    "box": [
                        487,
                        599,
                        515,
                        614
                    ]
                },
                {
                    "text": "Attendance",
                    "box": [
                        517,
                        598,
                        592,
                        612
                    ]
                },
                {
                    "text": "35-",
                    "box": [
                        602,
                        598,
                        624,
                        612
                    ]
                },
                {
                    "text": "40",
                    "box": [
                        626,
                        598,
                        643,
                        612
                    ]
                }
            ],
            "id": 66
        },
        {
            "text": "Quality of Hospitality Tent:",
            "box": [
                106,
                628,
                274,
                646
            ],
            "linking": [
                [
                    67,
                    24
                ],
                [
                    67,
                    25
                ],
                [
                    67,
                    26
                ]
            ],
            "label": "title",
            "words": [
                {
                    "text": "Quality",
                    "box": [
                        106,
                        628,
                        151,
                        645
                    ]
                },
                {
                    "text": "of",
                    "box": [
                        155,
                        628,
                        170,
                        645
                    ]
                },
                {
                    "text": "Hospitality",
                    "box": [
                        172,
                        628,
                        240,
                        646
                    ]
                },
                {
                    "text": "Tent:",
                    "box": [
                        240,
                        631,
                        274,
                        645
                    ]
                }
            ],
            "id": 67
        },
        {
            "text": "Suggestions/ Recommendations:",
            "box": [
                106,
                718,
                324,
                736
            ],
            "linking": [
                [
                    68,
                    69
                ]
            ],
            "label": "question",
            "words": [
                {
                    "text": "Suggestions/",
                    "box": [
                        106,
                        718,
                        194,
                        736
                    ]
                },
                {
                    "text": "Recommendations:",
                    "box": [
                        197,
                        719,
                        324,
                        732
                    ]
                }
            ],
            "id": 68
        },
        {
            "text": "Perhaps the tickets could be sent but a little sooner This year the tickets arrived on Thursday and the race was Sunday. This made it difficult to get the tickets to customers on tine.",
            "box": [
                148,
                733,
                673,
                781
            ],
            "linking": [
                [
                    68,
                    69
                ]
            ],
            "label": "answer",
            "words": [
                {
                    "text": "Perhaps",
                    "box": [
                        148,
                        737,
                        202,
                        750
                    ]
                },
                {
                    "text": "the",
                    "box": [
                        212,
                        736,
                        236,
                        750
                    ]
                },
                {
                    "text": "tickets",
                    "box": [
                        246,
                        736,
                        303,
                        750
                    ]
                },
                {
                    "text": "could",
                    "box": [
                        310,
                        737,
                        352,
                        748
                    ]
                },
                {
                    "text": "be",
                    "box": [
                        359,
                        735,
                        374,
                        752
                    ]
                },
                {
                    "text": "sent",
                    "box": [
                        384,
                        736,
                        416,
                        750
                    ]
                },
                {
                    "text": "but",
                    "box": [
                        426,
                        733,
                        447,
                        751
                    ]
                },
                {
                    "text": "a",
                    "box": [
                        455,
                        737,
                        468,
                        748
                    ]
                },
                {
                    "text": "little",
                    "box": [
                        475,
                        733,
                        521,
                        748
                    ]
                },
                {
                    "text": "sooner",
                    "box": [
                        529,
                        736,
                        583,
                        746
                    ]
                },
                {
                    "text": "This",
                    "box": [
                        601,
                        733,
                        632,
                        747
                    ]
                },
                {
                    "text": "year",
                    "box": [
                        641,
                        737,
                        673,
                        748
                    ]
                },
                {
                    "text": "the",
                    "box": [
                        148,
                        753,
                        172,
                        764
                    ]
                },
                {
                    "text": "tickets",
                    "box": [
                        180,
                        751,
                        236,
                        764
                    ]
                },
                {
                    "text": "arrived",
                    "box": [
                        243,
                        751,
                        303,
                        765
                    ]
                },
                {
                    "text": "on",
                    "box": [
                        310,
                        753,
                        327,
                        764
                    ]
                },
                {
                    "text": "Thursday",
                    "box": [
                        335,
                        750,
                        401,
                        764
                    ]
                },
                {
                    "text": "and",
                    "box": [
                        408,
                        753,
                        435,
                        766
                    ]
                },
                {
                    "text": "the",
                    "box": [
                        440,
                        751,
                        468,
                        764
                    ]
                },
                {
                    "text": "race",
                    "box": [
                        472,
                        753,
                        504,
                        766
                    ]
                },
                {
                    "text": "was",
                    "box": [
                        513,
                        753,
                        540,
                        766
                    ]
                },
                {
                    "text": "Sunday.",
                    "box": [
                        545,
                        750,
                        602,
                        763
                    ]
                },
                {
                    "text": "This",
                    "box": [
                        617,
                        749,
                        652,
                        760
                    ]
                },
                {
                    "text": "made",
                    "box": [
                        148,
                        765,
                        182,
                        779
                    ]
                },
                {
                    "text": "it",
                    "box": [
                        189,
                        765,
                        203,
                        778
                    ]
                },
                {
                    "text": "difficult",
                    "box": [
                        212,
                        765,
                        286,
                        780
                    ]
                },
                {
                    "text": "to",
                    "box": [
                        293,
                        768,
                        311,
                        779
                    ]
                },
                {
                    "text": "get",
                    "box": [
                        317,
                        767,
                        342,
                        781
                    ]
                },
                {
                    "text": "the",
                    "box": [
                        351,
                        767,
                        378,
                        778
                    ]
                },
                {
                    "text": "tickets",
                    "box": [
                        384,
                        767,
                        441,
                        780
                    ]
                },
                {
                    "text": "to",
                    "box": [
                        447,
                        767,
                        465,
                        778
                    ]
                },
                {
                    "text": "customers",
                    "box": [
                        473,
                        767,
                        543,
                        778
                    ]
                },
                {
                    "text": "on",
                    "box": [
                        552,
                        767,
                        572,
                        777
                    ]
                },
                {
                    "text": "tine.",
                    "box": [
                        578,
                        765,
                        617,
                        778
                    ]
                }
            ],
            "id": 69
        },
        {
            "text": "R. P. Bonomo",
            "box": [
                191,
                887,
                284,
                902
            ],
            "linking": [
                [
                    33,
                    70
                ]
            ],
            "label": "answer",
            "words": [
                {
                    "text": "R.",
                    "box": [
                        191,
                        887,
                        208,
                        902
                    ]
                },
                {
                    "text": "P.",
                    "box": [
                        211,
                        888,
                        225,
                        902
                    ]
                },
                {
                    "text": "Bonomo",
                    "box": [
                        237,
                        887,
                        284,
                        902
                    ]
                }
            ],
            "id": 70
        }
    ]
}