{
    "form": [
        {
            "box": [
                340,
                110,
                405,
                128
            ],
            "text": "LORILLARD",
            "label": "other",
            "words": [
                {
                    "box": [
                        340,
                        110,
                        405,
                        128
                    ],
                    "text": "LORILLARD"
                }
            ],
            "linking": [],
            "id": 0
        },
        {
            "box": [
                468,
                190,
                509,
                204
            ],
            "text": "DATE",
            "label": "question",
            "words": [
                {
                    "box": [
                        468,
                        190,
                        509,
                        204
                    ],
                    "text": "DATE"
                }
            ],
            "linking": [
                [
                    1,
                    46
                ]
            ],
            "id": 1
        },
        {
            "box": [
                184,
                219,
                208,
                234
            ],
            "text": "28",
            "label": "answer",
            "words": [
                {
                    "box": [
                        184,
                        219,
                        208,
                        234
                    ],
                    "text": "28"
                }
            ],
            "linking": [
                [
                    49,
                    2
                ]
            ],
            "id": 2
        },
        {
            "box": [
                99,
                274,
                149,
                296
            ],
            "text": "SCOPE:",
            "label": "title",
            "words": [
                {
                    "box": [
                        99,
                        274,
                        149,
                        296
                    ],
                    "text": "SCOPE:"
                }
            ],
            "linking": [
                [
                    3,
                    4
                ],
                [
                    3,
                    5
                ],
                [
                    3,
                    6
                ],
                [
                    3,
                    39
                ]
            ],
            "id": 3
        },
        {
            "box": [
                221,
                274,
                261,
                291
            ],
            "text": "AREA",
            "label": "question",
            "words": [
                {
                    "box": [
                        221,
                        274,
                        261,
                        291
                    ],
                    "text": "AREA"
                }
            ],
            "linking": [
                [
                    3,
                    4
                ]
            ],
            "id": 4
        },
        {
            "box": [
                308,
                269,
                363,
                289
            ],
            "text": "REGION",
            "label": "question",
            "words": [
                {
                    "box": [
                        308,
                        269,
                        363,
                        289
                    ],
                    "text": "REGION"
                }
            ],
            "linking": [
                [
                    3,
                    5
                ]
            ],
            "id": 5
        },
        {
            "box": [
                410,
                268,
                483,
                285
            ],
            "text": "DIVISION",
            "label": "question",
            "words": [
                {
                    "box": [
                        410,
                        268,
                        483,
                        285
                    ],
                    "text": "DIVISION"
                }
            ],
            "linking": [
                [
                    3,
                    6
                ]
            ],
            "id": 6
        },
        {
            "box": [
                513,
                262,
                534,
                281
            ],
            "text": "x",
            "label": "answer",
            "words": [
                {
                    "box": [
                        513,
                        262,
                        534,
                        281
                    ],
                    "text": "x"
                }
            ],
            "linking": [
                [
                    39,
                    7
                ]
            ],
            "id": 7
        },
        {
            "box": [
                328,
                361,
                368,
                385
            ],
            "text": "POOR",
            "label": "question",
            "words": [
                {
                    "box": [
                        328,
                        361,
                        368,
                        385
                    ],
                    "text": "POOR"
                }
            ],
            "linking": [
                [
                    55,
                    8
                ]
            ],
            "id": 8
        },
        {
            "box": [
                400,
                360,
                439,
                381
            ],
            "text": "FAIR",
            "label": "question",
            "words": [
                {
                    "box": [
                        400,
                        360,
                        439,
                        381
                    ],
                    "text": "FAIR"
                }
            ],
            "linking": [
                [
                    55,
                    9
                ]
            ],
            "id": 9
        },
        {
            "box": [
                476,
                358,
                509,
                383
            ],
            "text": "GOOD",
            "label": "question",
            "words": [
                {
                    "box": [
                        476,
                        358,
                        509,
                        383
                    ],
                    "text": "GOOD"
                }
            ],
            "linking": [
                [
                    55,
                    10
                ]
            ],
            "id": 10
        },
        {
            "box": [
                546,
                356,
                623,
                376
            ],
            "text": "EXCELLENT",
            "label": "question",
            "words": [
                {
                    "box": [
                        546,
                        356,
                        623,
                        376
                    ],
                    "text": "EXCELLENT"
                }
            ],
            "linking": [
                [
                    55,
                    11
                ]
            ],
            "id": 11
        },
        {
            "box": [
                328,
                406,
                366,
                423
            ],
            "text": "POOR",
            "label": "question",
            "words": [
                {
                    "box": [
                        328,
                        406,
                        366,
                        423
                    ],
                    "text": "POOR"
                }
            ],
            "linking": [
                [
                    56,
                    12
                ]
            ],
            "id": 12
        },
        {
            "box": [
                334,
                442,
                367,
                463
            ],
            "text": "POOR",
            "label": "question",
            "words": [
                {
                    "box": [
                        334,
                        442,
                        367,
                        463
                    ],
                    "text": "POOR"
                }
            ],
            "linking": [
                [
                    57,
                    13
                ]
            ],
            "id": 13
        },
        {
            "box": [
                330,
                483,
                369,
                504
            ],
            "text": "POOR",
            "label": "question",
            "words": [
                {
                    "box": [
                        330,
                        483,
                        369,
                        504
                    ],
                    "text": "POOR"
                }
            ],
            "linking": [
                [
                    58,
                    14
                ]
            ],
            "id": 14
        },
        {
            "box": [
                403,
                402,
                438,
                422
            ],
            "text": "FAIR",
            "label": "question",
            "words": [
                {
                    "box": [
                        403,
                        402,
                        438,
                        422
                    ],
                    "text": "FAIR"
                }
            ],
            "linking": [
                [
                    15,
                    24
                ],
                [
                    56,
                    15
                ]
            ],
            "id": 15
        },
        {
            "box": [
                401,
                441,
                439,
                461
            ],
            "text": "FAIR",
            "label": "question",
            "words": [
                {
                    "box": [
                        401,
                        441,
                        439,
                        461
                    ],
                    "text": "FAIR"
                }
            ],
            "linking": [
                [
                    16,
                    25
                ],
                [
                    57,
                    16
                ]
            ],
            "id": 16
        },
        {
            "box": [
                406,
                482,
                441,
                502
            ],
            "text": "FAIR",
            "label": "question",
            "words": [
                {
                    "box": [
                        406,
                        482,
                        441,
                        502
                    ],
                    "text": "FAIR"
                }
            ],
            "linking": [
                [
                    17,
                    26
                ],
                [
                    58,
                    17
                ]
            ],
            "id": 17
        },
        {
            "box": [
                474,
                399,
                511,
                419
            ],
            "text": "GOOD",
            "label": "question",
            "words": [
                {
                    "box": [
                        474,
                        399,
                        511,
                        419
                    ],
                    "text": "GOOD"
                }
            ],
            "linking": [
                [
                    56,
                    18
                ]
            ],
            "id": 18
        },
        {
            "box": [
                479,
                439,
                514,
                460
            ],
            "text": "GOOD",
            "label": "question",
            "words": [
                {
                    "box": [
                        479,
                        439,
                        514,
                        460
                    ],
                    "text": "GOOD"
                }
            ],
            "linking": [
                [
                    57,
                    19
                ]
            ],
            "id": 19
        },
        {
            "box": [
                480,
                479,
                514,
                499
            ],
            "text": "GOOD",
            "label": "question",
            "words": [
                {
                    "box": [
                        480,
                        479,
                        514,
                        499
                    ],
                    "text": "GOOD"
                }
            ],
            "linking": [
                [
                    58,
                    20
                ]
            ],
            "id": 20
        },
        {
            "box": [
                547,
                397,
                627,
                417
            ],
            "text": "EXCELLENT",
            "label": "question",
            "words": [
                {
                    "box": [
                        547,
                        397,
                        627,
                        417
                    ],
                    "text": "EXCELLENT"
                }
            ],
            "linking": [
                [
                    56,
                    21
                ]
            ],
            "id": 21
        },
        {
            "box": [
                546,
                436,
                627,
                456
            ],
            "text": "EXCELLENT",
            "label": "question",
            "words": [
                {
                    "box": [
                        546,
                        436,
                        627,
                        456
                    ],
                    "text": "EXCELLENT"
                }
            ],
            "linking": [
                [
                    57,
                    22
                ]
            ],
            "id": 22
        },
        {
            "box": [
                552,
                479,
                627,
                498
            ],
            "text": "EXCELLENT",
            "label": "question",
            "words": [
                {
                    "box": [
                        552,
                        479,
                        627,
                        498
                    ],
                    "text": "EXCELLENT"
                }
            ],
            "linking": [
                [
                    58,
                    23
                ]
            ],
            "id": 23
        },
        {
            "box": [
                383,
                401,
                401,
                418
            ],
            "text": "x",
            "label": "answer",
            "words": [
                {
                    "box": [
                        383,
                        401,
                        401,
                        418
                    ],
                    "text": "x"
                }
            ],
            "linking": [
                [
                    15,
                    24
                ]
            ],
            "id": 24
        },
        {
            "box": [
                382,
                439,
                397,
                460
            ],
            "text": "x",
            "label": "answer",
            "words": [
                {
                    "box": [
                        382,
                        439,
                        397,
                        460
                    ],
                    "text": "x"
                }
            ],
            "linking": [
                [
                    16,
                    25
                ]
            ],
            "id": 25
        },
        {
            "box": [
                382,
                481,
                400,
                499
            ],
            "text": "x",
            "label": "answer",
            "words": [
                {
                    "box": [
                        382,
                        481,
                        400,
                        499
                    ],
                    "text": "x"
                }
            ],
            "linking": [
                [
                    17,
                    26
                ]
            ],
            "id": 26
        },
        {
            "box": [
                329,
                637,
                376,
                656
            ],
            "text": "28728",
            "label": "answer",
            "words": [
                {
                    "box": [
                        329,
                        637,
                        376,
                        656
                    ],
                    "text": "28728"
                }
            ],
            "linking": [
                [
                    61,
                    27
                ]
            ],
            "id": 27
        },
        {
            "box": [
                380,
                666,
                400,
                685
            ],
            "text": "x",
            "label": "answer",
            "words": [
                {
                    "box": [
                        380,
                        666,
                        400,
                        685
                    ],
                    "text": "x"
                }
            ],
            "linking": [
                [
                    30,
                    28
                ]
            ],
            "id": 28
        },
        {
            "box": [
                387,
                743,
                402,
                762
            ],
            "text": "x",
            "label": "answer",
            "words": [
                {
                    "box": [
                        387,
                        743,
                        402,
                        762
                    ],
                    "text": "x"
                }
            ],
            "linking": [
                [
                    31,
                    29
                ]
            ],
            "id": 29
        },
        {
            "box": [
                407,
                666,
                439,
                683
            ],
            "text": "YES",
            "label": "question",
            "words": [
                {
                    "box": [
                        407,
                        666,
                        439,
                        683
                    ],
                    "text": "YES"
                }
            ],
            "linking": [
                [
                    62,
                    30
                ],
                [
                    30,
                    28
                ]
            ],
            "id": 30
        },
        {
            "box": [
                415,
                744,
                448,
                765
            ],
            "text": "YES",
            "label": "question",
            "words": [
                {
                    "box": [
                        415,
                        744,
                        448,
                        765
                    ],
                    "text": "YES"
                }
            ],
            "linking": [
                [
                    63,
                    31
                ],
                [
                    31,
                    29
                ]
            ],
            "id": 31
        },
        {
            "box": [
                507,
                742,
                528,
                761
            ],
            "text": "NO",
            "label": "question",
            "words": [
                {
                    "box": [
                        507,
                        742,
                        528,
                        761
                    ],
                    "text": "NO"
                }
            ],
            "linking": [
                [
                    63,
                    32
                ]
            ],
            "id": 32
        },
        {
            "box": [
                630,
                829,
                648,
                895
            ],
            "text": "92094746",
            "label": "other",
            "words": [
                {
                    "box": [
                        630,
                        829,
                        648,
                        895
                    ],
                    "text": "92094746"
                }
            ],
            "linking": [],
            "id": 33
        },
        {
            "box": [
                250,
                364,
                263,
                381
            ],
            "text": "N/",
            "label": "other",
            "words": [
                {
                    "box": [
                        250,
                        364,
                        263,
                        381
                    ],
                    "text": "N/"
                }
            ],
            "linking": [],
            "id": 34
        },
        {
            "box": [
                263,
                367,
                281,
                382
            ],
            "text": "A",
            "label": "other",
            "words": [
                {
                    "box": [
                        263,
                        367,
                        281,
                        382
                    ],
                    "text": "A"
                }
            ],
            "linking": [],
            "id": 35
        },
        {
            "box": [
                496,
                665,
                527,
                683
            ],
            "text": "NO*",
            "label": "question",
            "words": [
                {
                    "box": [
                        496,
                        665,
                        527,
                        683
                    ],
                    "text": "NO*"
                }
            ],
            "linking": [
                [
                    62,
                    36
                ]
            ],
            "id": 36
        },
        {
            "box": [
                110,
                702,
                187,
                719
            ],
            "text": "*EXPLAIN:",
            "label": "question",
            "words": [
                {
                    "box": [
                        110,
                        702,
                        187,
                        719
                    ],
                    "text": "*EXPLAIN:"
                }
            ],
            "linking": [],
            "id": 37
        },
        {
            "box": [
                104,
                525,
                184,
                549
            ],
            "text": "COMMENTS:",
            "label": "question",
            "words": [
                {
                    "box": [
                        104,
                        525,
                        184,
                        549
                    ],
                    "text": "COMMENTS:"
                }
            ],
            "linking": [
                [
                    38,
                    59
                ],
                [
                    38,
                    60
                ]
            ],
            "id": 38
        },
        {
            "box": [
                545,
                263,
                596,
                284
            ],
            "text": "OTHER*",
            "label": "question",
            "words": [
                {
                    "box": [
                        545,
                        263,
                        596,
                        284
                    ],
                    "text": "OTHER*"
                }
            ],
            "linking": [
                [
                    3,
                    39
                ],
                [
                    39,
                    7
                ]
            ],
            "id": 39
        },
        {
            "box": [
                106,
                301,
                174,
                321
            ],
            "text": "*EXPLAIN:",
            "label": "question",
            "words": [
                {
                    "box": [
                        106,
                        301,
                        174,
                        321
                    ],
                    "text": "*EXPLAIN:"
                }
            ],
            "linking": [
                [
                    40,
                    54
                ]
            ],
            "id": 40
        },
        {
            "text": "09/ 08/ 95 16: 17",
            "box": [
                64,
                114,
                167,
                130
            ],
            "linking": [],
            "label": "other",
            "words": [
                {
                    "text": "09/",
                    "box": [
                        64,
                        114,
                        77,
                        129
                    ]
                },
                {
                    "text": "08/",
                    "box": [
                        78,
                        115,
                        98,
                        128
                    ]
                },
                {
                    "text": "95",
                    "box": [
                        99,
                        115,
                        116,
                        130
                    ]
                },
                {
                    "text": "16:",
                    "box": [
                        127,
                        114,
                        144,
                        127
                    ]
                },
                {
                    "text": "17",
                    "box": [
                        146,
                        114,
                        167,
                        127
                    ]
                }
            ],
            "id": 41
        },
        {
            "text": "214 340 9308",
            "box": [
                186,
                111,
                281,
                130
            ],
            "linking": [],
            "label": "other",
            "words": [
                {
                    "text": "214",
                    "box": [
                        186,
                        111,
                        225,
                        128
                    ]
                },
                {
                    "text": "340",
                    "box": [
                        223,
                        112,
                        247,
                        130
                    ]
                },
                {
                    "text": "9308",
                    "box": [
                        243,
                        112,
                        281,
                        126
                    ]
                }
            ],
            "id": 42
        },
        {
            "text": "NYO SLS GEN",
            "box": [
                443,
                108,
                543,
                128
            ],
            "linking": [],
            "label": "other",
            "words": [
                {
                    "text": "",
                    "box": [
                        443,
                        114,
                        469,
                        125
                    ]
                },
                {
                    "text": "NYO",
                    "box": [
                        469,
                        112,
                        494,
                        125
                    ]
                },
                {
                    "text": "SLS",
                    "box": [
                        496,
                        108,
                        518,
                        127
                    ]
                },
                {
                    "text": "GEN",
                    "box": [
                        525,
                        110,
                        543,
                        128
                    ]
                }
            ],
            "id": 43
        },
        {
            "text": "00 /003",
            "box": [
                580,
                108,
                644,
                125
            ],
            "linking": [],
            "label": "other",
            "words": [
                {
                    "text": "00",
                    "box": [
                        580,
                        108,
                        617,
                        125
                    ]
                },
                {
                    "text": "/003",
                    "box": [
                        616,
                        112,
                        644,
                        125
                    ]
                }
            ],
            "id": 44
        },
        {
            "text": "SPECIAL PROMOTION EVALUATION",
            "box": [
                248,
                134,
                474,
                158
            ],
            "linking": [],
            "label": "title",
            "words": [
                {
                    "text": "SPECIAL",
                    "box": [
                        248,
                        139,
                        307,
                        158
                    ]
                },
                {
                    "text": "PROMOTION",
                    "box": [
                        314,
                        138,
                        389,
                        158
                    ]
                },
                {
                    "text": "EVALUATION",
                    "box": [
                        390,
                        134,
                        474,
                        154
                    ]
                }
            ],
            "id": 45
        },
        {
            "text": "9 /8 /95",
            "box": [
                454,
                166,
                502,
                191
            ],
            "linking": [
                [
                    1,
                    46
                ]
            ],
            "label": "answer",
            "words": [
                {
                    "text": "9",
                    "box": [
                        454,
                        170,
                        465,
                        187
                    ]
                },
                {
                    "text": "/8",
                    "box": [
                        463,
                        166,
                        478,
                        191
                    ]
                },
                {
                    "text": "/95",
                    "box": [
                        481,
                        170,
                        502,
                        188
                    ]
                }
            ],
            "id": 46
        },
        {
            "text": "AREA/ REGION/ DIVISION",
            "box": [
                93,
                192,
                265,
                217
            ],
            "linking": [
                [
                    47,
                    48
                ]
            ],
            "label": "question",
            "words": [
                {
                    "text": "AREA/",
                    "box": [
                        93,
                        197,
                        135,
                        216
                    ]
                },
                {
                    "text": "REGION/",
                    "box": [
                        139,
                        193,
                        193,
                        217
                    ]
                },
                {
                    "text": "DIVISION",
                    "box": [
                        197,
                        192,
                        265,
                        213
                    ]
                }
            ],
            "id": 47
        },
        {
            "text": "2 13",
            "box": [
                111,
                182,
                186,
                197
            ],
            "linking": [
                [
                    47,
                    48
                ]
            ],
            "label": "answer",
            "words": [
                {
                    "text": "2",
                    "box": [
                        111,
                        182,
                        133,
                        197
                    ]
                },
                {
                    "text": "13",
                    "box": [
                        157,
                        182,
                        186,
                        194
                    ]
                }
            ],
            "id": 48
        },
        {
            "text": "PROMO #",
            "box": [
                97,
                223,
                161,
                245
            ],
            "linking": [
                [
                    49,
                    2
                ]
            ],
            "label": "question",
            "words": [
                {
                    "text": "PROMO",
                    "box": [
                        97,
                        223,
                        148,
                        245
                    ]
                },
                {
                    "text": "#",
                    "box": [
                        149,
                        223,
                        161,
                        244
                    ]
                }
            ],
            "id": 49
        },
        {
            "text": "PROMOTIONAL PERIOD:",
            "box": [
                317,
                213,
                471,
                239
            ],
            "linking": [
                [
                    50,
                    51
                ]
            ],
            "label": "question",
            "words": [
                {
                    "text": "PROMOTIONAL",
                    "box": [
                        317,
                        215,
                        405,
                        239
                    ]
                },
                {
                    "text": "PERIOD:",
                    "box": [
                        412,
                        213,
                        471,
                        234
                    ]
                }
            ],
            "id": 50
        },
        {
            "text": "June/ July",
            "box": [
                508,
                203,
                572,
                227
            ],
            "linking": [
                [
                    50,
                    51
                ]
            ],
            "label": "answer",
            "words": [
                {
                    "text": "June/",
                    "box": [
                        508,
                        206,
                        541,
                        227
                    ]
                },
                {
                    "text": "July",
                    "box": [
                        544,
                        203,
                        572,
                        227
                    ]
                }
            ],
            "id": 51
        },
        {
            "text": "ITEM/ BRAND:",
            "box": [
                100,
                246,
                188,
                270
            ],
            "linking": [
                [
                    52,
                    53
                ]
            ],
            "label": "question",
            "words": [
                {
                    "text": "ITEM/",
                    "box": [
                        100,
                        249,
                        139,
                        270
                    ]
                },
                {
                    "text": "BRAND:",
                    "box": [
                        144,
                        246,
                        188,
                        267
                    ]
                }
            ],
            "id": 52
        },
        {
            "text": "Sunglasses / Newport",
            "box": [
                218,
                238,
                362,
                263
            ],
            "linking": [
                [
                    52,
                    53
                ]
            ],
            "label": "answer",
            "words": [
                {
                    "text": "Sunglasses",
                    "box": [
                        218,
                        245,
                        296,
                        258
                    ]
                },
                {
                    "text": "/",
                    "box": [
                        297,
                        239,
                        309,
                        263
                    ]
                },
                {
                    "text": "Newport",
                    "box": [
                        310,
                        238,
                        362,
                        256
                    ]
                }
            ],
            "id": 53
        },
        {
            "text": "Special Emphasis Calls",
            "box": [
                197,
                297,
                343,
                318
            ],
            "linking": [
                [
                    40,
                    54
                ]
            ],
            "label": "answer",
            "words": [
                {
                    "text": "Special",
                    "box": [
                        197,
                        300,
                        249,
                        317
                    ]
                },
                {
                    "text": "Emphasis",
                    "box": [
                        251,
                        297,
                        311,
                        314
                    ]
                },
                {
                    "text": "Calls",
                    "box": [
                        309,
                        298,
                        343,
                        318
                    ]
                }
            ],
            "id": 54
        },
        {
            "text": "CHAIN ACCEPTANCE:",
            "box": [
                100,
                364,
                242,
                389
            ],
            "linking": [
                [
                    55,
                    8
                ],
                [
                    55,
                    9
                ],
                [
                    55,
                    10
                ],
                [
                    55,
                    11
                ]
            ],
            "label": "title",
            "words": [
                {
                    "text": "CHAIN",
                    "box": [
                        100,
                        368,
                        148,
                        386
                    ]
                },
                {
                    "text": "ACCEPTANCE:",
                    "box": [
                        152,
                        364,
                        242,
                        389
                    ]
                }
            ],
            "id": 55
        },
        {
            "text": "INDEPENDENT ACCEPTANCE:",
            "box": [
                101,
                407,
                293,
                428
            ],
            "linking": [
                [
                    56,
                    12
                ],
                [
                    56,
                    15
                ],
                [
                    56,
                    18
                ],
                [
                    56,
                    21
                ]
            ],
            "label": "title",
            "words": [
                {
                    "text": "INDEPENDENT",
                    "box": [
                        101,
                        409,
                        197,
                        428
                    ]
                },
                {
                    "text": "ACCEPTANCE:",
                    "box": [
                        203,
                        407,
                        293,
                        426
                    ]
                }
            ],
            "id": 56
        },
        {
            "text": "CONSUMER ACCEPTANCE:",
            "box": [
                106,
                439,
                269,
                468
            ],
            "linking": [
                [
                    57,
                    13
                ],
                [
                    57,
                    16
                ],
                [
                    57,
                    19
                ],
                [
                    57,
                    22
                ]
            ],
            "label": "title",
            "words": [
                {
                    "text": "CONSUMER",
                    "box": [
                        106,
                        443,
                        176,
                        468
                    ]
                },
                {
                    "text": "ACCEPTANCE:",
                    "box": [
                        182,
                        439,
                        269,
                        467
                    ]
                }
            ],
            "id": 57
        },
        {
            "text": "EFFICIENCY RATING:",
            "box": [
                105,
                482,
                254,
                508
            ],
            "linking": [
                [
                    58,
                    14
                ],
                [
                    58,
                    17
                ],
                [
                    58,
                    20
                ],
                [
                    58,
                    23
                ]
            ],
            "label": "title",
            "words": [
                {
                    "text": "EFFICIENCY",
                    "box": [
                        105,
                        486,
                        191,
                        508
                    ]
                },
                {
                    "text": "RATING:",
                    "box": [
                        196,
                        482,
                        254,
                        506
                    ]
                }
            ],
            "id": 58
        },
        {
            "text": "This item was perceived by retailers and consumers as a low",
            "box": [
                195,
                517,
                590,
                540
            ],
            "linking": [
                [
                    38,
                    59
                ]
            ],
            "label": "answer",
            "words": [
                {
                    "text": "This",
                    "box": [
                        195,
                        526,
                        229,
                        540
                    ]
                },
                {
                    "text": "item",
                    "box": [
                        235,
                        526,
                        264,
                        540
                    ]
                },
                {
                    "text": "was",
                    "box": [
                        267,
                        522,
                        288,
                        536
                    ]
                },
                {
                    "text": "perceived",
                    "box": [
                        294,
                        525,
                        353,
                        540
                    ]
                },
                {
                    "text": "by",
                    "box": [
                        356,
                        521,
                        373,
                        539
                    ]
                },
                {
                    "text": "retailers",
                    "box": [
                        380,
                        519,
                        435,
                        539
                    ]
                },
                {
                    "text": "and",
                    "box": [
                        441,
                        522,
                        465,
                        534
                    ]
                },
                {
                    "text": "consumers",
                    "box": [
                        468,
                        518,
                        531,
                        535
                    ]
                },
                {
                    "text": "as",
                    "box": [
                        535,
                        517,
                        550,
                        532
                    ]
                },
                {
                    "text": "a",
                    "box": [
                        553,
                        520,
                        566,
                        531
                    ]
                },
                {
                    "text": "low",
                    "box": [
                        568,
                        517,
                        590,
                        532
                    ]
                }
            ],
            "id": 59
        },
        {
            "text": "quality item. Several Sales Reps reported that on occasion our consumers would pass up the deal or leave the glasses in the store.",
            "box": [
                107,
                541,
                590,
                594
            ],
            "linking": [
                [
                    38,
                    60
                ]
            ],
            "label": "answer",
            "words": [
                {
                    "text": "quality",
                    "box": [
                        107,
                        554,
                        159,
                        569
                    ]
                },
                {
                    "text": "item.",
                    "box": [
                        163,
                        551,
                        194,
                        569
                    ]
                },
                {
                    "text": "Several",
                    "box": [
                        206,
                        551,
                        257,
                        565
                    ]
                },
                {
                    "text": "Sales",
                    "box": [
                        258,
                        548,
                        297,
                        565
                    ]
                },
                {
                    "text": "Reps",
                    "box": [
                        301,
                        546,
                        330,
                        563
                    ]
                },
                {
                    "text": "reported",
                    "box": [
                        333,
                        546,
                        388,
                        563
                    ]
                },
                {
                    "text": "that",
                    "box": [
                        393,
                        544,
                        418,
                        563
                    ]
                },
                {
                    "text": "on",
                    "box": [
                        425,
                        545,
                        439,
                        560
                    ]
                },
                {
                    "text": "occasion",
                    "box": [
                        443,
                        542,
                        498,
                        559
                    ]
                },
                {
                    "text": "our",
                    "box": [
                        504,
                        544,
                        525,
                        558
                    ]
                },
                {
                    "text": "consumers",
                    "box": [
                        531,
                        541,
                        590,
                        558
                    ]
                },
                {
                    "text": "would",
                    "box": [
                        107,
                        579,
                        146,
                        593
                    ]
                },
                {
                    "text": "pass",
                    "box": [
                        151,
                        581,
                        177,
                        594
                    ]
                },
                {
                    "text": "up",
                    "box": [
                        182,
                        578,
                        199,
                        593
                    ]
                },
                {
                    "text": "the",
                    "box": [
                        203,
                        575,
                        224,
                        593
                    ]
                },
                {
                    "text": "deal",
                    "box": [
                        228,
                        574,
                        254,
                        591
                    ]
                },
                {
                    "text": "or",
                    "box": [
                        261,
                        577,
                        279,
                        591
                    ]
                },
                {
                    "text": "leave",
                    "box": [
                        282,
                        573,
                        316,
                        592
                    ]
                },
                {
                    "text": "the",
                    "box": [
                        321,
                        570,
                        340,
                        589
                    ]
                },
                {
                    "text": "glasses",
                    "box": [
                        347,
                        574,
                        395,
                        588
                    ]
                },
                {
                    "text": "in",
                    "box": [
                        395,
                        570,
                        415,
                        588
                    ]
                },
                {
                    "text": "the",
                    "box": [
                        420,
                        572,
                        439,
                        586
                    ]
                },
                {
                    "text": "store.",
                    "box": [
                        446,
                        570,
                        485,
                        587
                    ]
                }
            ],
            "id": 60
        },
        {
            "text": "#ITEMS/ DEALS RECEIVED:",
            "box": [
                112,
                645,
                290,
                663
            ],
            "linking": [
                [
                    61,
                    27
                ]
            ],
            "label": "question",
            "words": [
                {
                    "text": "#ITEMS/",
                    "box": [
                        112,
                        649,
                        160,
                        663
                    ]
                },
                {
                    "text": "",
                    "box": [
                        156,
                        645,
                        169,
                        660
                    ]
                },
                {
                    "text": "DEALS",
                    "box": [
                        167,
                        645,
                        213,
                        663
                    ]
                },
                {
                    "text": "RECEIVED:",
                    "box": [
                        217,
                        646,
                        290,
                        660
                    ]
                }
            ],
            "id": 61
        },
        {
            "text": "WERE QUANTITIES APPROPRIATE?",
            "box": [
                110,
                669,
                339,
                690
            ],
            "linking": [
                [
                    62,
                    30
                ],
                [
                    62,
                    36
                ]
            ],
            "label": "title",
            "words": [
                {
                    "text": "WERE",
                    "box": [
                        110,
                        673,
                        147,
                        690
                    ]
                },
                {
                    "text": "QUANTITIES",
                    "box": [
                        153,
                        672,
                        237,
                        690
                    ]
                },
                {
                    "text": "APPROPRIATE?",
                    "box": [
                        243,
                        669,
                        339,
                        688
                    ]
                }
            ],
            "id": 62
        },
        {
            "text": "SHOULD PROMOTION BE REPEATED",
            "box": [
                111,
                749,
                349,
                771
            ],
            "linking": [
                [
                    63,
                    31
                ],
                [
                    63,
                    32
                ]
            ],
            "label": "title",
            "words": [
                {
                    "text": "SHOULD",
                    "box": [
                        111,
                        754,
                        164,
                        771
                    ]
                },
                {
                    "text": "PROMOTION",
                    "box": [
                        172,
                        751,
                        245,
                        770
                    ]
                },
                {
                    "text": "BE",
                    "box": [
                        252,
                        751,
                        271,
                        768
                    ]
                },
                {
                    "text": "REPEATED",
                    "box": [
                        276,
                        749,
                        349,
                        768
                    ]
                }
            ],
            "id": 63
        },
        {
            "text": "IF NO, EXPLAIN:",
            "box": [
                113,
                776,
                233,
                796
            ],
            "linking": [],
            "label": "question",
            "words": [
                {
                    "text": "IF",
                    "box": [
                        113,
                        779,
                        131,
                        793
                    ]
                },
                {
                    "text": "NO,",
                    "box": [
                        140,
                        781,
                        164,
                        796
                    ]
                },
                {
                    "text": "EXPLAIN:",
                    "box": [
                        169,
                        776,
                        233,
                        794
                    ]
                }
            ],
            "id": 64
        },
        {
            "text": "IF YES, CAN IT BE IMPROVED?",
            "box": [
                113,
                828,
                334,
                851
            ],
            "linking": [
                [
                    65,
                    66
                ],
                [
                    65,
                    67
                ]
            ],
            "label": "question",
            "words": [
                {
                    "text": "IF",
                    "box": [
                        113,
                        831,
                        134,
                        849
                    ]
                },
                {
                    "text": "YES,",
                    "box": [
                        139,
                        834,
                        172,
                        851
                    ]
                },
                {
                    "text": "CAN",
                    "box": [
                        182,
                        829,
                        207,
                        849
                    ]
                },
                {
                    "text": "IT",
                    "box": [
                        211,
                        830,
                        233,
                        844
                    ]
                },
                {
                    "text": "BE",
                    "box": [
                        239,
                        829,
                        257,
                        846
                    ]
                },
                {
                    "text": "IMPROVED?",
                    "box": [
                        262,
                        828,
                        334,
                        847
                    ]
                }
            ],
            "id": 65
        },
        {
            "text": "The Promotion can be improved by upgrading",
            "box": [
                353,
                818,
                630,
                840
            ],
            "linking": [
                [
                    65,
                    66
                ]
            ],
            "label": "answer",
            "words": [
                {
                    "text": "The",
                    "box": [
                        353,
                        824,
                        375,
                        839
                    ]
                },
                {
                    "text": "Promotion",
                    "box": [
                        377,
                        824,
                        438,
                        838
                    ]
                },
                {
                    "text": "can",
                    "box": [
                        442,
                        822,
                        464,
                        840
                    ]
                },
                {
                    "text": "be",
                    "box": [
                        468,
                        820,
                        483,
                        835
                    ]
                },
                {
                    "text": "improved",
                    "box": [
                        489,
                        822,
                        544,
                        837
                    ]
                },
                {
                    "text": "by",
                    "box": [
                        547,
                        821,
                        564,
                        836
                    ]
                },
                {
                    "text": "upgrading",
                    "box": [
                        570,
                        818,
                        630,
                        836
                    ]
                }
            ],
            "id": 66
        },
        {
            "text": "the quality of the sunglasses",
            "box": [
                116,
                854,
                315,
                874
            ],
            "linking": [
                [
                    65,
                    67
                ]
            ],
            "label": "answer",
            "words": [
                {
                    "text": "the",
                    "box": [
                        116,
                        860,
                        140,
                        874
                    ]
                },
                {
                    "text": "quality",
                    "box": [
                        144,
                        857,
                        191,
                        872
                    ]
                },
                {
                    "text": "of",
                    "box": [
                        191,
                        855,
                        215,
                        874
                    ]
                },
                {
                    "text": "the",
                    "box": [
                        219,
                        854,
                        238,
                        868
                    ]
                },
                {
                    "text": "sunglasses",
                    "box": [
                        243,
                        854,
                        315,
                        869
                    ]
                }
            ],
            "id": 67
        }
    ]
}