{
    "form": [
        {
            "box": [
                151,
                319,
                181,
                339
            ],
            "text": "TO:",
            "label": "question",
            "words": [
                {
                    "box": [
                        151,
                        319,
                        181,
                        339
                    ],
                    "text": "TO:"
                }
            ],
            "linking": [
                [
                    0,
                    10
                ]
            ],
            "id": 0
        },
        {
            "box": [
                153,
                349,
                198,
                366
            ],
            "text": "FROM:",
            "label": "question",
            "words": [
                {
                    "box": [
                        153,
                        349,
                        198,
                        366
                    ],
                    "text": "FROM:"
                }
            ],
            "linking": [
                [
                    1,
                    11
                ]
            ],
            "id": 1
        },
        {
            "box": [
                151,
                379,
                198,
                392
            ],
            "text": "DATE:",
            "label": "question",
            "words": [
                {
                    "box": [
                        151,
                        379,
                        198,
                        392
                    ],
                    "text": "DATE:"
                }
            ],
            "linking": [
                [
                    2,
                    12
                ]
            ],
            "id": 2
        },
        {
            "box": [
                663,
                8,
                705,
                25
            ],
            "text": "P.1/8",
            "label": "other",
            "words": [
                {
                    "box": [
                        663,
                        8,
                        705,
                        25
                    ],
                    "text": "P.1/8"
                }
            ],
            "linking": [],
            "id": 3
        },
        {
            "box": [
                513,
                414,
                526,
                429
            ],
            "text": "8",
            "label": "answer",
            "words": [
                {
                    "box": [
                        513,
                        414,
                        526,
                        429
                    ],
                    "text": "8"
                }
            ],
            "linking": [
                [
                    13,
                    4
                ]
            ],
            "id": 4
        },
        {
            "box": [
                696,
                761,
                718,
                829
            ],
            "text": "92327794",
            "label": "other",
            "words": [
                {
                    "box": [
                        696,
                        761,
                        718,
                        829
                    ],
                    "text": "92327794"
                }
            ],
            "linking": [],
            "id": 5
        },
        {
            "text": "Jul 22 93 02:42PM LORILLARD TOBACCO 919 373 6917",
            "box": [
                145,
                12,
                482,
                30
            ],
            "linking": [],
            "label": "other",
            "words": [
                {
                    "text": "Jul",
                    "box": [
                        145,
                        13,
                        170,
                        28
                    ]
                },
                {
                    "text": "22",
                    "box": [
                        173,
                        13,
                        190,
                        28
                    ]
                },
                {
                    "text": "93",
                    "box": [
                        196,
                        13,
                        216,
                        26
                    ]
                },
                {
                    "text": "02:42PM",
                    "box": [
                        223,
                        13,
                        276,
                        30
                    ]
                },
                {
                    "text": "LORILLARD",
                    "box": [
                        276,
                        13,
                        339,
                        28
                    ]
                },
                {
                    "text": "TOBACCO",
                    "box": [
                        342,
                        12,
                        392,
                        27
                    ]
                },
                {
                    "text": "919",
                    "box": [
                        397,
                        13,
                        417,
                        25
                    ]
                },
                {
                    "text": "373",
                    "box": [
                        420,
                        12,
                        447,
                        27
                    ]
                },
                {
                    "text": "6917",
                    "box": [
                        449,
                        12,
                        482,
                        25
                    ]
                }
            ],
            "id": 6
        },
        {
            "text": "Lorillard TOBACCO COMPANY",
            "box": [
                100,
                63,
                311,
                136
            ],
            "linking": [],
            "label": "title",
            "words": [
                {
                    "text": "Lorillard",
                    "box": [
                        100,
                        63,
                        311,
                        133
                    ]
                },
                {
                    "text": "TOBACCO",
                    "box": [
                        184,
                        118,
                        237,
                        136
                    ]
                },
                {
                    "text": "COMPANY",
                    "box": [
                        241,
                        116,
                        301,
                        134
                    ]
                }
            ],
            "id": 7
        },
        {
            "text": "2525E Market Street, P.O. Box 21688, Greensboro, North Carolina 27420 1688",
            "box": [
                306,
                120,
                646,
                135
            ],
            "linking": [],
            "label": "other",
            "words": [
                {
                    "text": "2525E",
                    "box": [
                        306,
                        120,
                        343,
                        132
                    ]
                },
                {
                    "text": "Market",
                    "box": [
                        342,
                        120,
                        372,
                        133
                    ]
                },
                {
                    "text": "Street,",
                    "box": [
                        372,
                        120,
                        402,
                        135
                    ]
                },
                {
                    "text": "P.O.",
                    "box": [
                        404,
                        121,
                        424,
                        133
                    ]
                },
                {
                    "text": "Box",
                    "box": [
                        425,
                        121,
                        445,
                        133
                    ]
                },
                {
                    "text": "21688,",
                    "box": [
                        444,
                        121,
                        474,
                        133
                    ]
                },
                {
                    "text": "Greensboro,",
                    "box": [
                        475,
                        121,
                        528,
                        131
                    ]
                },
                {
                    "text": "North",
                    "box": [
                        528,
                        121,
                        555,
                        133
                    ]
                },
                {
                    "text": "Carolina",
                    "box": [
                        555,
                        121,
                        592,
                        133
                    ]
                },
                {
                    "text": "27420",
                    "box": [
                        593,
                        121,
                        625,
                        131
                    ]
                },
                {
                    "text": "1688",
                    "box": [
                        623,
                        121,
                        646,
                        131
                    ]
                }
            ],
            "id": 8
        },
        {
            "text": "VIA FACSIMILE",
            "box": [
                369,
                224,
                482,
                239
            ],
            "linking": [],
            "label": "title",
            "words": [
                {
                    "text": "VIA",
                    "box": [
                        369,
                        224,
                        397,
                        239
                    ]
                },
                {
                    "text": "FACSIMILE",
                    "box": [
                        402,
                        224,
                        482,
                        237
                    ]
                }
            ],
            "id": 9
        },
        {
            "text": "(919) 378- 001 Ron Goldbrenner",
            "box": [
                239,
                296,
                347,
                332
            ],
            "linking": [
                [
                    0,
                    10
                ]
            ],
            "label": "answer",
            "words": [
                {
                    "text": "(919)",
                    "box": [
                        241,
                        297,
                        274,
                        312
                    ]
                },
                {
                    "text": "378-",
                    "box": [
                        276,
                        296,
                        313,
                        313
                    ]
                },
                {
                    "text": "001",
                    "box": [
                        312,
                        296,
                        339,
                        313
                    ]
                },
                {
                    "text": "Ron",
                    "box": [
                        239,
                        319,
                        262,
                        332
                    ]
                },
                {
                    "text": "Goldbrenner",
                    "box": [
                        266,
                        316,
                        347,
                        331
                    ]
                }
            ],
            "id": 10
        },
        {
            "text": "Becky Hayden",
            "box": [
                234,
                346,
                329,
                359
            ],
            "linking": [
                [
                    1,
                    11
                ]
            ],
            "label": "answer",
            "words": [
                {
                    "text": "Becky",
                    "box": [
                        234,
                        347,
                        276,
                        359
                    ]
                },
                {
                    "text": "Hayden",
                    "box": [
                        281,
                        346,
                        329,
                        358
                    ]
                }
            ],
            "id": 11
        },
        {
            "text": "July 22, 1993",
            "box": [
                239,
                372,
                334,
                387
            ],
            "linking": [
                [
                    2,
                    12
                ]
            ],
            "label": "answer",
            "words": [
                {
                    "text": "July",
                    "box": [
                        239,
                        372,
                        269,
                        387
                    ]
                },
                {
                    "text": "22,",
                    "box": [
                        271,
                        375,
                        298,
                        385
                    ]
                },
                {
                    "text": "1993",
                    "box": [
                        301,
                        374,
                        334,
                        387
                    ]
                }
            ],
            "id": 12
        },
        {
            "text": "NUMBER OF PAGES (INCLUDING COVER SHEET):",
            "box": [
                153,
                417,
                493,
                432
            ],
            "linking": [
                [
                    13,
                    4
                ]
            ],
            "label": "question",
            "words": [
                {
                    "text": "NUMBER",
                    "box": [
                        153,
                        419,
                        211,
                        431
                    ]
                },
                {
                    "text": "OF",
                    "box": [
                        209,
                        419,
                        231,
                        432
                    ]
                },
                {
                    "text": "PAGES",
                    "box": [
                        236,
                        417,
                        281,
                        432
                    ]
                },
                {
                    "text": "(INCLUDING",
                    "box": [
                        296,
                        417,
                        381,
                        430
                    ]
                },
                {
                    "text": "COVER",
                    "box": [
                        389,
                        417,
                        431,
                        429
                    ]
                },
                {
                    "text": "SHEET):",
                    "box": [
                        435,
                        417,
                        493,
                        430
                    ]
                }
            ],
            "id": 13
        },
        {
            "text": "OUR FAX NUMBER IS:",
            "box": [
                151,
                445,
                304,
                462
            ],
            "linking": [
                [
                    14,
                    15
                ]
            ],
            "label": "question",
            "words": [
                {
                    "text": "OUR",
                    "box": [
                        151,
                        445,
                        179,
                        462
                    ]
                },
                {
                    "text": "FAX",
                    "box": [
                        184,
                        447,
                        214,
                        459
                    ]
                },
                {
                    "text": "NUMBER",
                    "box": [
                        213,
                        447,
                        274,
                        459
                    ]
                },
                {
                    "text": "IS:",
                    "box": [
                        281,
                        447,
                        304,
                        459
                    ]
                }
            ],
            "id": 14
        },
        {
            "text": "(919) 373- 6917",
            "box": [
                321,
                444,
                438,
                462
            ],
            "linking": [
                [
                    14,
                    15
                ]
            ],
            "label": "answer",
            "words": [
                {
                    "text": "(919)",
                    "box": [
                        321,
                        444,
                        363,
                        462
                    ]
                },
                {
                    "text": "373-",
                    "box": [
                        367,
                        444,
                        404,
                        461
                    ]
                },
                {
                    "text": "6917",
                    "box": [
                        405,
                        444,
                        438,
                        459
                    ]
                }
            ],
            "id": 15
        },
        {
            "text": "IF YOU DO NOT RECEIVE ANY OF THE PAGES, PLEASE CALL",
            "box": [
                150,
                566,
                479,
                598
            ],
            "linking": [],
            "label": "question",
            "words": [
                {
                    "text": "IF",
                    "box": [
                        150,
                        568,
                        173,
                        583
                    ]
                },
                {
                    "text": "YOU",
                    "box": [
                        181,
                        568,
                        206,
                        583
                    ]
                },
                {
                    "text": "DO",
                    "box": [
                        209,
                        570,
                        231,
                        585
                    ]
                },
                {
                    "text": "NOT",
                    "box": [
                        234,
                        571,
                        267,
                        581
                    ]
                },
                {
                    "text": "RECEIVE",
                    "box": [
                        271,
                        566,
                        331,
                        581
                    ]
                },
                {
                    "text": "ANY",
                    "box": [
                        336,
                        570,
                        364,
                        582
                    ]
                },
                {
                    "text": "OF",
                    "box": [
                        369,
                        568,
                        389,
                        583
                    ]
                },
                {
                    "text": "THE",
                    "box": [
                        394,
                        568,
                        426,
                        580
                    ]
                },
                {
                    "text": "PAGES,",
                    "box": [
                        429,
                        566,
                        479,
                        579
                    ]
                },
                {
                    "text": "PLEASE",
                    "box": [
                        150,
                        585,
                        208,
                        598
                    ]
                },
                {
                    "text": "CALL",
                    "box": [
                        208,
                        585,
                        250,
                        598
                    ]
                }
            ],
            "id": 16
        },
        {
            "text": "AT (919) AT THE GREENSBORO BRANCH AS SOON AS POSSIBLE.",
            "box": [
                153,
                593,
                641,
                625
            ],
            "linking": [],
            "label": "question",
            "words": [
                {
                    "text": "AT",
                    "box": [
                        153,
                        598,
                        173,
                        610
                    ]
                },
                {
                    "text": "(919)",
                    "box": [
                        178,
                        598,
                        223,
                        610
                    ]
                },
                {
                    "text": "AT",
                    "box": [
                        407,
                        595,
                        430,
                        608
                    ]
                },
                {
                    "text": "THE",
                    "box": [
                        435,
                        595,
                        472,
                        610
                    ]
                },
                {
                    "text": "GREENSBORO",
                    "box": [
                        473,
                        595,
                        559,
                        608
                    ]
                },
                {
                    "text": "BRANCH",
                    "box": [
                        561,
                        593,
                        616,
                        608
                    ]
                },
                {
                    "text": "AS",
                    "box": [
                        621,
                        595,
                        641,
                        608
                    ]
                },
                {
                    "text": "SOON",
                    "box": [
                        153,
                        613,
                        190,
                        625
                    ]
                },
                {
                    "text": "AS",
                    "box": [
                        194,
                        613,
                        212,
                        625
                    ]
                },
                {
                    "text": "POSSIBLE.",
                    "box": [
                        221,
                        610,
                        296,
                        625
                    ]
                }
            ],
            "id": 17
        },
        {
            "text": "THANK YOU.",
            "box": [
                150,
                640,
                237,
                655
            ],
            "linking": [],
            "label": "other",
            "words": [
                {
                    "text": "THANK",
                    "box": [
                        150,
                        641,
                        201,
                        653
                    ]
                },
                {
                    "text": "YOU.",
                    "box": [
                        204,
                        640,
                        237,
                        655
                    ]
                }
            ],
            "id": 18
        }
    ]
}